transaction_id,account_id,amount,transaction_type,transaction_date,currency
1,1102,410.91,credit,2024-01-01 00:00:00.000000,USD
2,1435,537.76,credit,2024-01-01 00:52:33.915391,USD
3,1860,347.82,credit,2024-01-01 01:45:07.830783,EUR
4,1270,200.32,credit,2024-01-01 02:37:41.746174,USD
5,1106,844.08,credit,2024-01-01 03:30:15.661566,USD
6,1071,235.47,credit,2024-01-01 04:22:49.576957,USD
7,1700,352.11,credit,2024-01-01 05:15:23.492349,USD
8,1020,1099.18,credit,2024-01-01 06:07:57.407740,EUR
9,1614,337.55,debit,2024-01-01 07:00:31.323132,EUR
10,1121,137.12,debit,2024-01-01 07:53:05.238523,USD
11,1466,,credit,2024-01-01 08:45:39.153915,EUR
12,1214,448.44,debit,2024-01-01 09:38:13.069306,USD
13,1330,1035.46,debit,2024-01-01 10:30:46.984698,USD
14,1458,213.71,credit,2024-01-01 11:23:20.900090,USD
15,1087,1506.02,debit,2024-01-01 12:15:54.815481,USD
16,1372,1813.4,debit,2024-01-01 13:08:28.730873,USD
17,1099,1489.44,credit,2024-01-01 14:01:02.646264,USD
18,1871,1070.33,debit,2024-01-01 14:53:36.561656,USD
19,1663,1722.73,debit,2024-01-01 15:46:10.477047,USD
20,1130,,credit,2024-01-01 16:38:44.392439,GBP
21,1661,31.0,credit,2024-01-01 17:31:18.307830,USD
22,1308,794.24,debit,2024-01-01 18:23:52.223222,EUR
23,1769,1703.39,debit,2024-01-01 19:16:26.138613,USD
24,1343,698.26,credit,2024-01-01 20:09:00.054005,EUR
25,1491,80.08,credit,2024-01-01 21:01:33.969396,USD
26,1413,1494.9,debit,2024-01-01 21:54:07.884788,USD
27,1805,1606.06,credit,2024-01-01 22:46:41.800180,USD
28,1385,329.58,debit,2024-01-01 23:39:15.715571,USD
29,1191,1079.31,credit,2024-01-02 00:31:49.630963,EUR
30,1955,391.99,credit,2024-01-02 01:24:23.546354,GBP
31,1276,1441.28,credit,2024-01-02 02:16:57.461746,USD
32,1160,550.39,credit,2024-01-02 03:09:31.377137,USD
33,1459,639.27,credit,2024-01-02 04:02:05.292529,USD
34,1313,1691.49,credit,2024-01-02 04:54:39.207920,USD
35,1021,957.88,debit,2024-01-02 05:47:13.123312,GBP
36,1252,1342.81,credit,2024-01-02 06:39:47.038703,USD
37,1747,810.72,debit,2024-01-02 07:32:20.954095,USD
38,1856,603.03,credit,2024-01-02 08:24:54.869486,USD
39,1560,1254.7,credit,2024-01-02 09:17:28.784878,USD
40,1474,318.17,credit,2024-01-02 10:10:02.700270,EUR
41,1058,752.27,credit,2024-01-02 11:02:36.615661,USD
42,1510,425.98,debit,2024-01-02 11:55:10.531053,USD
43,1681,1394.63,debit,2024-01-02 12:47:44.446444,USD
44,1475,1888.98,credit,2024-01-02 13:40:18.361836,USD
45,1699,1991.07,debit,2024-01-02 14:32:52.277227,USD
46,1975,906.05,credit,2024-01-02 15:25:26.192619,GBP
47,1782,512.54,credit,2024-01-02 16:18:00.108010,GBP
48,1189,891.23,credit,2024-01-02 17:10:34.023402,GBP
49,1957,1696.07,debit,2024-01-02 18:03:07.938793,GBP
50,1686,419.95,credit,2024-01-02 18:55:41.854185,USD
51,1957,1904.67,debit,2024-01-02 19:48:15.769576,USD
52,1562,690.31,credit,2024-01-02 20:40:49.684968,USD
53,1875,1971.75,credit,2024-01-02 21:33:23.600360,EUR
54,1566,1678.83,debit,2024-01-02 22:25:57.515751,EUR
55,1243,1619.06,credit,2024-01-02 23:18:31.431143,USD
56,1831,642.63,debit,2024-01-03 00:11:05.346534,GBP
57,1504,27.47,debit,2024-01-03 01:03:39.261926,USD
58,1130,770.44,debit,2024-01-03 01:56:13.177317,USD
59,1484,610.6,credit,2024-01-03 02:48:47.092709,USD
60,1818,84.42,credit,2024-01-03 03:41:21.008100,USD
61,1646,1015.68,debit,2024-01-03 04:33:54.923492,USD
62,1020,812.03,credit,2024-01-03 05:26:28.838883,USD
63,1840,1272.77,credit,2024-01-03 06:19:02.754275,EUR
64,1166,1246.16,credit,2024-01-03 07:11:36.669666,USD
65,1273,250.29,credit,2024-01-03 08:04:10.585058,EUR
66,1387,1954.16,credit,2024-01-03 08:56:44.500450,USD
67,1600,381.99,credit,2024-01-03 09:49:18.415841,GBP
68,1315,896.1,credit,2024-01-03 10:41:52.331233,EUR
69,1013,981.35,credit,2024-01-03 11:34:26.246624,GBP
70,1241,1627.99,credit,2024-01-03 12:27:00.162016,USD
71,1776,207.47,debit,2024-01-03 13:19:34.077407,USD
72,1345,863.0,debit,2024-01-03 14:12:07.992799,USD
73,1564,1260.72,credit,2024-01-03 15:04:41.908190,USD
74,1897,438.16,credit,2024-01-03 15:57:15.823582,USD
75,1339,1258.66,credit,2024-01-03 16:49:49.738973,USD
76,1091,1848.09,credit,2024-01-03 17:42:23.654365,USD
77,1366,1995.06,debit,2024-01-03 18:34:57.569756,GBP
78,1955,74.58,debit,2024-01-03 19:27:31.485148,USD
79,1454,,debit,2024-01-03 20:20:05.400540,GBP
80,1427,627.51,credit,2024-01-03 21:12:39.315931,USD
81,1508,804.26,credit,2024-01-03 22:05:13.231323,USD
82,1775,492.09,debit,2024-01-03 22:57:47.146714,USD
83,1942,414.94,credit,2024-01-03 23:50:21.062106,EUR
84,1034,1909.56,credit,2024-01-04 00:42:54.977497,EUR
85,1205,1837.86,credit,2024-01-04 01:35:28.892889,EUR
86,1080,103.52,credit,2024-01-04 02:28:02.808280,USD
87,1931,684.24,credit,2024-01-04 03:20:36.723672,USD
88,1561,816.25,credit,2024-01-04 04:13:10.639063,USD
89,1871,485.64,debit,2024-01-04 05:05:44.554455,USD
90,1387,1261.46,debit,2024-01-04 05:58:18.469846,GBP
91,1001,1284.36,credit,2024-01-04 06:50:52.385238,GBP
92,1389,1702.5,credit,2024-01-04 07:43:26.300630,USD
93,1565,1484.33,credit,2024-01-04 08:36:00.216021,EUR
94,1105,1089.72,debit,2024-01-04 09:28:34.131413,USD
95,1771,1310.64,credit,2024-01-04 10:21:08.046804,USD
96,1821,555.24,debit,2024-01-04 11:13:41.962196,USD
97,1476,1190.18,credit,2024-01-04 12:06:15.877587,USD
98,1702,983.56,debit,2024-01-04 12:58:49.792979,USD
99,1401,275.36,credit,2024-01-04 13:51:23.708370,USD
100,1729,492.66,credit,2024-01-04 14:43:57.623762,GBP
101,1555,590.47,credit,2024-01-04 15:36:31.539153,USD
102,1161,1849.38,credit,2024-01-04 16:29:05.454545,USD
103,1201,468.47,debit,2024-01-04 17:21:39.369936,USD
104,1957,585.6,debit,2024-01-04 18:14:13.285328,EUR
105,1995,745.01,credit,2024-01-04 19:06:47.200720,USD
106,1269,1330.85,debit,2024-01-04 19:59:21.116111,EUR
107,1862,245.29,credit,2024-01-04 20:51:55.031503,USD
108,1815,1908.35,debit,2024-01-04 21:44:28.946894,USD
109,1270,1732.49,credit,2024-01-04 22:37:02.862286,USD
110,1455,1158.66,debit,2024-01-04 23:29:36.777677,USD
111,1461,1351.34,credit,2024-01-05 00:22:10.693069,USD
112,1726,43.15,credit,2024-01-05 01:14:44.608460,USD
113,1251,684.5,credit,2024-01-05 02:07:18.523852,USD
114,1701,1593.36,credit,2024-01-05 02:59:52.439243,USD
115,1295,164.19,credit,2024-01-05 03:52:26.354635,USD
116,1724,571.8,credit,2024-01-05 04:45:00.270027,EUR
117,1719,,debit,2024-01-05 05:37:34.185418,EUR
118,1748,520.26,debit,2024-01-05 06:30:08.100810,EUR
119,1337,1868.62,debit,2024-01-05 07:22:42.016201,USD
120,1878,270.81,debit,2024-01-05 08:15:15.931593,USD
121,1052,1596.81,debit,2024-01-05 09:07:49.846984,EUR
122,1791,1020.82,debit,2024-01-05 10:00:23.762376,USD
123,1921,1503.16,debit,2024-01-05 10:52:57.677767,EUR
124,1216,628.32,credit,2024-01-05 11:45:31.593159,EUR
125,1763,1033.83,debit,2024-01-05 12:38:05.508550,USD
126,1187,1715.1,debit,2024-01-05 13:30:39.423942,USD
127,1379,939.09,debit,2024-01-05 14:23:13.339333,GBP
128,1492,,credit,2024-01-05 15:15:47.254725,EUR
129,1040,,credit,2024-01-05 16:08:21.170117,EUR
130,1156,1437.55,debit,2024-01-05 17:00:55.085508,USD
131,1014,892.69,debit,2024-01-05 17:53:29.000900,USD
132,1812,1878.37,credit,2024-01-05 18:46:02.916291,USD
133,1064,596.94,credit,2024-01-05 19:38:36.831683,USD
134,1856,956.17,credit,2024-01-05 20:31:10.747074,USD
135,1838,1516.29,credit,2024-01-05 21:23:44.662466,EUR
136,1520,1381.35,credit,2024-01-05 22:16:18.577857,USD
137,1343,1728.65,debit,2024-01-05 23:08:52.493249,USD
138,1128,1993.65,debit,2024-01-06 00:01:26.408640,USD
139,1647,859.45,debit,2024-01-06 00:54:00.324032,USD
140,1471,231.19,credit,2024-01-06 01:46:34.239423,GBP
141,1062,70.53,debit,2024-01-06 02:39:08.154815,EUR
142,1138,1456.49,credit,2024-01-06 03:31:42.070207,USD
143,1498,1749.29,credit,2024-01-06 04:24:15.985598,USD
144,1592,449.22,credit,2024-01-06 05:16:49.900990,USD
145,1391,325.31,debit,2024-01-06 06:09:23.816381,USD
146,1674,133.79,debit,2024-01-06 07:01:57.731773,USD
147,1418,1647.18,debit,2024-01-06 07:54:31.647164,USD
148,1288,629.65,credit,2024-01-06 08:47:05.562556,EUR
149,1378,809.38,credit,2024-01-06 09:39:39.477947,USD
150,1772,1010.47,credit,2024-01-06 10:32:13.393339,USD
151,1489,1680.51,debit,2024-01-06 11:24:47.308730,USD
152,1230,1305.16,debit,2024-01-06 12:17:21.224122,GBP
153,1040,1233.98,credit,2024-01-06 13:09:55.139513,GBP
154,1027,359.59,credit,2024-01-06 14:02:29.054905,EUR
155,1134,1031.25,debit,2024-01-06 14:55:02.970297,USD
156,1200,1433.61,debit,2024-01-06 15:47:36.885688,USD
157,1839,1946.79,credit,2024-01-06 16:40:10.801080,EUR
158,1779,410.8,debit,2024-01-06 17:32:44.716471,EUR
159,1929,28.99,debit,2024-01-06 18:25:18.631863,USD
160,1032,159.85,credit,2024-01-06 19:17:52.547254,USD
161,1047,757.95,credit,2024-01-06 20:10:26.462646,USD
162,1502,1642.88,credit,2024-01-06 21:03:00.378037,EUR
163,1406,24.21,credit,2024-01-06 21:55:34.293429,USD
164,1573,918.89,debit,2024-01-06 22:48:08.208820,USD
165,1727,665.17,credit,2024-01-06 23:40:42.124212,GBP
166,1804,114.44,credit,2024-01-07 00:33:16.039603,EUR
167,1098,905.97,credit,2024-01-07 01:25:49.954995,USD
168,1683,516.95,credit,2024-01-07 02:18:23.870387,USD
169,1871,710.25,debit,2024-01-07 03:10:57.785778,USD
170,1725,1414.17,credit,2024-01-07 04:03:31.701170,USD
171,1986,1047.89,credit,2024-01-07 04:56:05.616561,USD
172,1546,258.05,debit,2024-01-07 05:48:39.531953,USD
173,1960,1923.21,credit,2024-01-07 06:41:13.447344,USD
174,1738,1275.46,debit,2024-01-07 07:33:47.362736,USD
175,1612,1534.08,credit,2024-01-07 08:26:21.278127,GBP
176,1942,167.63,debit,2024-01-07 09:18:55.193519,EUR
177,1461,103.65,debit,2024-01-07 10:11:29.108910,USD
178,1642,48.7,credit,2024-01-07 11:04:03.024302,GBP
179,1768,385.7,debit,2024-01-07 11:56:36.939693,USD
180,1004,834.67,credit,2024-01-07 12:49:10.855085,EUR
181,1217,1872.29,debit,2024-01-07 13:41:44.770477,USD
182,1502,919.55,credit,2024-01-07 14:34:18.685868,EUR
183,1766,587.61,debit,2024-01-07 15:26:52.601260,USD
184,1397,1128.25,credit,2024-01-07 16:19:26.516651,USD
185,1870,232.75,debit,2024-01-07 17:12:00.432043,EUR
186,1794,1222.92,debit,2024-01-07 18:04:34.347434,USD
187,1392,1141.18,debit,2024-01-07 18:57:08.262826,USD
188,1206,1586.07,credit,2024-01-07 19:49:42.178217,USD
189,1014,1973.51,credit,2024-01-07 20:42:16.093609,USD
190,1857,509.24,credit,2024-01-07 21:34:50.009000,USD
191,1553,1024.22,credit,2024-01-07 22:27:23.924392,USD
192,1891,1818.64,credit,2024-01-07 23:19:57.839783,USD
193,1460,1572.53,credit,2024-01-08 00:12:31.755175,USD
194,1690,979.94,credit,2024-01-08 01:05:05.670567,GBP
195,1574,1891.29,credit,2024-01-08 01:57:39.585958,USD
196,1863,123.9,credit,2024-01-08 02:50:13.501350,USD
197,1742,1862.69,credit,2024-01-08 03:42:47.416741,USD
198,1240,110.51,credit,2024-01-08 04:35:21.332133,EUR
199,1563,1099.14,debit,2024-01-08 05:27:55.247524,EUR
200,1095,1781.98,credit,2024-01-08 06:20:29.162916,USD
201,1899,532.81,credit,2024-01-08 07:13:03.078307,GBP
202,1733,949.77,credit,2024-01-08 08:05:36.993699,EUR
203,1484,655.41,credit,2024-01-08 08:58:10.909090,EUR
204,1406,1904.77,debit,2024-01-08 09:50:44.824482,USD
205,1230,1649.05,credit,2024-01-08 10:43:18.739873,USD
206,1748,1420.91,credit,2024-01-08 11:35:52.655265,USD
207,1654,1179.38,debit,2024-01-08 12:28:26.570657,USD
208,1170,1642.98,debit,2024-01-08 13:21:00.486048,USD
209,1540,790.61,credit,2024-01-08 14:13:34.401440,USD
210,1035,900.63,credit,2024-01-08 15:06:08.316831,EUR
211,1524,1462.7,credit,2024-01-08 15:58:42.232223,USD
212,1159,721.93,credit,2024-01-08 16:51:16.147614,USD
213,1838,137.16,credit,2024-01-08 17:43:50.063006,GBP
214,1698,157.93,debit,2024-01-08 18:36:23.978397,USD
215,1242,239.57,credit,2024-01-08 19:28:57.893789,USD
216,1085,1740.67,debit,2024-01-08 20:21:31.809180,USD
217,1795,949.73,credit,2024-01-08 21:14:05.724572,GBP
218,1577,1428.64,credit,2024-01-08 22:06:39.639963,EUR
219,1681,791.89,debit,2024-01-08 22:59:13.555355,USD
220,1556,524.83,credit,2024-01-08 23:51:47.470747,GBP
221,1573,700.91,credit,2024-01-09 00:44:21.386138,USD
222,1952,1590.42,credit,2024-01-09 01:36:55.301530,USD
223,1645,1254.18,credit,2024-01-09 02:29:29.216921,USD
224,1795,1875.9,credit,2024-01-09 03:22:03.132313,USD
225,1027,1362.61,credit,2024-01-09 04:14:37.047704,USD
226,1619,1144.66,credit,2024-01-09 05:07:10.963096,USD
227,1555,1224.29,credit,2024-01-09 05:59:44.878487,USD
228,1339,1885.32,debit,2024-01-09 06:52:18.793879,USD
229,1797,1578.52,credit,2024-01-09 07:44:52.709270,USD
230,1957,57.84,credit,2024-01-09 08:37:26.624662,EUR
231,1330,1072.94,debit,2024-01-09 09:30:00.540054,USD
232,1639,1379.79,debit,2024-01-09 10:22:34.455445,USD
233,1505,1499.91,credit,2024-01-09 11:15:08.370837,USD
234,1347,434.15,credit,2024-01-09 12:07:42.286228,GBP
235,1472,1735.68,debit,2024-01-09 13:00:16.201620,USD
236,1230,1912.13,credit,2024-01-09 13:52:50.117011,USD
237,1189,481.06,debit,2024-01-09 14:45:24.032403,USD
238,1224,1766.4,debit,2024-01-09 15:37:57.947794,USD
239,1384,202.99,credit,2024-01-09 16:30:31.863186,USD
240,1376,120.86,credit,2024-01-09 17:23:05.778577,USD
241,1282,267.16,debit,2024-01-09 18:15:39.693969,EUR
242,1957,,credit,2024-01-09 19:08:13.609360,USD
243,1632,1691.57,credit,2024-01-09 20:00:47.524752,EUR
244,1627,127.51,credit,2024-01-09 20:53:21.440144,USD
245,1972,550.61,debit,2024-01-09 21:45:55.355535,USD
246,1744,216.48,credit,2024-01-09 22:38:29.270927,USD
247,1258,597.89,debit,2024-01-09 23:31:03.186318,USD
248,1358,190.21,debit,2024-01-10 00:23:37.101710,USD
249,1709,1339.33,credit,2024-01-10 01:16:11.017101,EUR
250,1455,275.32,debit,2024-01-10 02:08:44.932493,EUR
251,1410,1705.17,credit,2024-01-10 03:01:18.847884,EUR
252,1648,1636.21,debit,2024-01-10 03:53:52.763276,USD
253,1317,37.19,credit,2024-01-10 04:46:26.678667,USD
254,1676,1792.5,credit,2024-01-10 05:39:00.594059,EUR
255,1224,67.6,debit,2024-01-10 06:31:34.509450,USD
256,1818,486.9,credit,2024-01-10 07:24:08.424842,EUR
257,1233,74.45,debit,2024-01-10 08:16:42.340234,EUR
258,1683,678.33,debit,2024-01-10 09:09:16.255625,EUR
259,1663,1032.59,credit,2024-01-10 10:01:50.171017,USD
260,1974,1595.32,credit,2024-01-10 10:54:24.086408,GBP
261,1826,682.58,debit,2024-01-10 11:46:58.001800,USD
262,1373,1413.93,credit,2024-01-10 12:39:31.917191,USD
263,1671,383.13,debit,2024-01-10 13:32:05.832583,USD
264,1607,1503.69,debit,2024-01-10 14:24:39.747974,USD
265,1471,479.63,debit,2024-01-10 15:17:13.663366,USD
266,1232,295.65,debit,2024-01-10 16:09:47.578757,EUR
267,1691,378.96,credit,2024-01-10 17:02:21.494149,USD
268,1112,372.31,debit,2024-01-10 17:54:55.409540,USD
269,1829,1030.6,debit,2024-01-10 18:47:29.324932,USD
270,1496,1691.15,debit,2024-01-10 19:40:03.240324,USD
271,1441,168.41,credit,2024-01-10 20:32:37.155715,USD
272,1563,1416.84,credit,2024-01-10 21:25:11.071107,GBP
273,1267,1312.15,debit,2024-01-10 22:17:44.986498,USD
274,1509,1746.31,credit,2024-01-10 23:10:18.901890,EUR
275,1806,495.85,credit,2024-01-11 00:02:52.817281,EUR
276,1385,905.72,credit,2024-01-11 00:55:26.732673,USD
277,1386,1852.4,credit,2024-01-11 01:48:00.648064,USD
278,1112,1323.39,credit,2024-01-11 02:40:34.563456,USD
279,1612,783.65,credit,2024-01-11 03:33:08.478847,GBP
280,1624,271.51,credit,2024-01-11 04:25:42.394239,USD
281,1951,532.35,debit,2024-01-11 05:18:16.309630,USD
282,1080,1166.62,credit,2024-01-11 06:10:50.225022,GBP
283,1698,1439.15,credit,2024-01-11 07:03:24.140414,EUR
284,1112,257.6,credit,2024-01-11 07:55:58.055805,USD
285,1001,1203.2,credit,2024-01-11 08:48:31.971197,GBP
286,1641,1105.2,debit,2024-01-11 09:41:05.886588,USD
287,1219,1032.77,debit,2024-01-11 10:33:39.801980,EUR
288,1565,1383.35,credit,2024-01-11 11:26:13.717371,USD
289,1854,1676.52,credit,2024-01-11 12:18:47.632763,USD
290,1996,652.75,debit,2024-01-11 13:11:21.548154,USD
291,1735,1779.13,credit,2024-01-11 14:03:55.463546,USD
292,1224,329.66,credit,2024-01-11 14:56:29.378937,USD
293,1384,354.32,credit,2024-01-11 15:49:03.294329,USD
294,1402,540.88,credit,2024-01-11 16:41:37.209720,USD
295,1637,247.87,credit,2024-01-11 17:34:11.125112,USD
296,1129,468.34,credit,2024-01-11 18:26:45.040504,EUR
297,1052,221.76,credit,2024-01-11 19:19:18.955895,USD
298,1683,1645.29,credit,2024-01-11 20:11:52.871287,USD
299,1729,286.55,credit,2024-01-11 21:04:26.786678,EUR
300,1671,1497.12,credit,2024-01-11 21:57:00.702070,USD
301,1709,105.35,credit,2024-01-11 22:49:34.617461,GBP
302,1415,1897.56,credit,2024-01-11 23:42:08.532853,EUR
303,1246,1425.21,credit,2024-01-12 00:34:42.448244,USD
304,1835,23.53,debit,2024-01-12 01:27:16.363636,GBP
305,1438,1530.07,debit,2024-01-12 02:19:50.279027,USD
306,1202,1033.02,credit,2024-01-12 03:12:24.194419,USD
307,1183,1560.94,credit,2024-01-12 04:04:58.109810,USD
308,1122,1049.77,debit,2024-01-12 04:57:32.025202,USD
309,1400,1285.64,credit,2024-01-12 05:50:05.940594,USD
310,1766,1574.8,credit,2024-01-12 06:42:39.855985,EUR
311,1293,816.17,debit,2024-01-12 07:35:13.771377,USD
312,1279,15.39,debit,2024-01-12 08:27:47.686768,GBP
313,1836,1701.39,credit,2024-01-12 09:20:21.602160,EUR
314,1883,767.97,credit,2024-01-12 10:12:55.517551,EUR
315,1609,997.13,debit,2024-01-12 11:05:29.432943,USD
316,1197,25.46,credit,2024-01-12 11:58:03.348334,USD
317,1981,989.26,debit,2024-01-12 12:50:37.263726,EUR
318,1906,1973.11,credit,2024-01-12 13:43:11.179117,EUR
319,1510,563.75,credit,2024-01-12 14:35:45.094509,GBP
320,1751,796.88,credit,2024-01-12 15:28:19.009900,GBP
321,1143,1377.51,debit,2024-01-12 16:20:52.925292,USD
322,1608,1631.44,debit,2024-01-12 17:13:26.840684,EUR
323,1200,840.61,credit,2024-01-12 18:06:00.756075,USD
324,1123,626.24,debit,2024-01-12 18:58:34.671467,USD
325,1186,1876.27,credit,2024-01-12 19:51:08.586858,USD
326,1325,1357.52,debit,2024-01-12 20:43:42.502250,EUR
327,1463,246.85,debit,2024-01-12 21:36:16.417641,GBP
328,1348,147.17,credit,2024-01-12 22:28:50.333033,USD
329,1770,972.26,credit,2024-01-12 23:21:24.248424,USD
330,1659,447.98,debit,2024-01-13 00:13:58.163816,GBP
331,1763,515.43,debit,2024-01-13 01:06:32.079207,USD
332,1954,1756.61,credit,2024-01-13 01:59:05.994599,USD
333,1931,188.24,credit,2024-01-13 02:51:39.909990,USD
334,1402,1433.57,debit,2024-01-13 03:44:13.825382,USD
335,1345,549.57,credit,2024-01-13 04:36:47.740774,GBP
336,1962,1523.05,credit,2024-01-13 05:29:21.656165,USD
337,1510,1447.6,credit,2024-01-13 06:21:55.571557,USD
338,1146,24.71,debit,2024-01-13 07:14:29.486948,USD
339,1147,1023.18,credit,2024-01-13 08:07:03.402340,USD
340,1863,287.25,credit,2024-01-13 08:59:37.317731,USD
341,1710,1733.79,credit,2024-01-13 09:52:11.233123,GBP
342,1819,1744.46,debit,2024-01-13 10:44:45.148514,EUR
343,1488,842.51,debit,2024-01-13 11:37:19.063906,GBP
344,1928,894.35,debit,2024-01-13 12:29:52.979297,GBP
345,1935,613.53,credit,2024-01-13 13:22:26.894689,USD
346,1639,1436.05,debit,2024-01-13 14:15:00.810081,USD
347,1550,723.74,debit,2024-01-13 15:07:34.725472,USD
348,1337,542.91,debit,2024-01-13 16:00:08.640864,USD
349,1871,870.14,debit,2024-01-13 16:52:42.556255,USD
350,1640,192.06,credit,2024-01-13 17:45:16.471647,USD
351,1778,1495.74,debit,2024-01-13 18:37:50.387038,USD
352,1987,35.07,debit,2024-01-13 19:30:24.302430,USD
353,1952,1292.53,debit,2024-01-13 20:22:58.217821,USD
354,1472,373.9,credit,2024-01-13 21:15:32.133213,USD
355,1945,472.48,credit,2024-01-13 22:08:06.048604,USD
356,1150,1274.91,debit,2024-01-13 23:00:39.963996,USD
357,1414,1985.96,credit,2024-01-13 23:53:13.879387,USD
358,1989,1557.66,credit,2024-01-14 00:45:47.794779,USD
359,1297,459.42,debit,2024-01-14 01:38:21.710171,EUR
360,1610,360.29,credit,2024-01-14 02:30:55.625562,USD
361,1262,1733.8,credit,2024-01-14 03:23:29.540954,USD
362,1763,893.93,debit,2024-01-14 04:16:03.456345,USD
363,1143,282.74,credit,2024-01-14 05:08:37.371737,USD
364,1345,1725.8,credit,2024-01-14 06:01:11.287128,USD
365,1623,1634.02,credit,2024-01-14 06:53:45.202520,USD
366,1571,1967.97,credit,2024-01-14 07:46:19.117911,USD
367,1880,1820.39,credit,2024-01-14 08:38:53.033303,USD
368,1001,1705.06,credit,2024-01-14 09:31:26.948694,USD
369,1896,114.62,credit,2024-01-14 10:24:00.864086,USD
370,1303,217.79,credit,2024-01-14 11:16:34.779477,USD
371,1253,1142.28,credit,2024-01-14 12:09:08.694869,EUR
372,1651,1067.64,debit,2024-01-14 13:01:42.610261,USD
373,1452,921.35,credit,2024-01-14 13:54:16.525652,USD
374,1036,799.61,debit,2024-01-14 14:46:50.441044,USD
375,1159,868.11,credit,2024-01-14 15:39:24.356435,USD
376,1008,1142.9,debit,2024-01-14 16:31:58.271827,USD
377,1232,14.13,debit,2024-01-14 17:24:32.187218,USD
378,1098,528.81,credit,2024-01-14 18:17:06.102610,USD
379,1658,1041.38,credit,2024-01-14 19:09:40.018001,USD
380,1815,1447.21,credit,2024-01-14 20:02:13.933393,USD
381,1207,356.57,debit,2024-01-14 20:54:47.848784,USD
382,1130,1098.29,credit,2024-01-14 21:47:21.764176,USD
383,1403,1431.77,debit,2024-01-14 22:39:55.679567,USD
384,1151,894.81,credit,2024-01-14 23:32:29.594959,USD
385,1053,63.89,credit,2024-01-15 00:25:03.510351,USD
386,1119,904.04,credit,2024-01-15 01:17:37.425742,USD
387,1672,599.93,debit,2024-01-15 02:10:11.341134,USD
388,1919,1860.0,credit,2024-01-15 03:02:45.256525,EUR
389,1627,257.98,debit,2024-01-15 03:55:19.171917,USD
390,1586,1308.43,credit,2024-01-15 04:47:53.087308,EUR
391,1624,,credit,2024-01-15 05:40:27.002700,USD
392,1967,897.88,debit,2024-01-15 06:33:00.918091,USD
393,1419,1112.42,debit,2024-01-15 07:25:34.833483,USD
394,1421,602.93,credit,2024-01-15 08:18:08.748874,GBP
395,1103,915.6,credit,2024-01-15 09:10:42.664266,EUR
396,1851,335.47,debit,2024-01-15 10:03:16.579657,USD
397,1253,615.21,credit,2024-01-15 10:55:50.495049,USD
398,1226,1246.0,debit,2024-01-15 11:48:24.410441,USD
399,1111,610.58,credit,2024-01-15 12:40:58.325832,GBP
400,1509,1800.49,credit,2024-01-15 13:33:32.241224,USD
401,1472,1260.53,debit,2024-01-15 14:26:06.156615,USD
402,1098,882.91,credit,2024-01-15 15:18:40.072007,USD
403,1152,87.13,debit,2024-01-15 16:11:13.987398,USD
404,1860,1004.1,debit,2024-01-15 17:03:47.902790,USD
405,1913,1531.9,debit,2024-01-15 17:56:21.818181,USD
406,1895,538.46,credit,2024-01-15 18:48:55.733573,USD
407,1877,1615.48,debit,2024-01-15 19:41:29.648964,USD
408,1337,511.1,debit,2024-01-15 20:34:03.564356,USD
409,1705,1649.26,credit,2024-01-15 21:26:37.479747,USD
410,1821,179.68,credit,2024-01-15 22:19:11.395139,USD
411,1162,1733.71,credit,2024-01-15 23:11:45.310531,EUR
412,1719,1003.38,debit,2024-01-16 00:04:19.225922,USD
413,1956,600.11,debit,2024-01-16 00:56:53.141314,USD
414,1680,537.58,debit,2024-01-16 01:49:27.056705,EUR
415,1995,,debit,2024-01-16 02:42:00.972097,EUR
416,1160,1998.11,credit,2024-01-16 03:34:34.887488,EUR
417,1579,448.45,credit,2024-01-16 04:27:08.802880,USD
418,1800,215.4,credit,2024-01-16 05:19:42.718271,USD
419,1397,1174.22,credit,2024-01-16 06:12:16.633663,USD
420,1276,982.2,credit,2024-01-16 07:04:50.549054,USD
421,1815,1053.15,debit,2024-01-16 07:57:24.464446,USD
422,1915,1337.2,debit,2024-01-16 08:49:58.379837,USD
423,1503,541.62,credit,2024-01-16 09:42:32.295229,USD
424,1895,1822.22,debit,2024-01-16 10:35:06.210621,USD
425,1391,876.99,credit,2024-01-16 11:27:40.126012,USD
426,1134,266.88,credit,2024-01-16 12:20:14.041404,USD
427,1194,1487.17,debit,2024-01-16 13:12:47.956795,USD
428,1400,1289.78,credit,2024-01-16 14:05:21.872187,USD
429,1639,638.33,debit,2024-01-16 14:57:55.787578,USD
430,1032,1246.82,debit,2024-01-16 15:50:29.702970,EUR
431,1687,447.53,debit,2024-01-16 16:43:03.618361,USD
432,1459,,credit,2024-01-16 17:35:37.533753,EUR
433,1954,1799.83,credit,2024-01-16 18:28:11.449144,USD
434,1882,275.73,credit,2024-01-16 19:20:45.364536,USD
435,1469,779.53,debit,2024-01-16 20:13:19.279927,USD
436,1374,1644.07,debit,2024-01-16 21:05:53.195319,USD
437,1021,1939.29,credit,2024-01-16 21:58:27.110711,USD
438,1749,913.31,debit,2024-01-16 22:51:01.026102,USD
439,1669,1018.93,credit,2024-01-16 23:43:34.941494,USD
440,1037,1148.62,credit,2024-01-17 00:36:08.856885,USD
441,1229,1865.37,debit,2024-01-17 01:28:42.772277,USD
442,1364,1717.83,debit,2024-01-17 02:21:16.687668,USD
443,1562,349.5,credit,2024-01-17 03:13:50.603060,USD
444,1437,879.15,credit,2024-01-17 04:06:24.518451,EUR
445,1775,933.36,credit,2024-01-17 04:58:58.433843,EUR
446,1282,1580.3,credit,2024-01-17 05:51:32.349234,GBP
447,1026,1209.76,debit,2024-01-17 06:44:06.264626,USD
448,1225,1311.9,credit,2024-01-17 07:36:40.180018,EUR
449,1276,1996.42,credit,2024-01-17 08:29:14.095409,EUR
450,1797,159.17,credit,2024-01-17 09:21:48.010801,USD
451,1608,453.79,debit,2024-01-17 10:14:21.926192,USD
452,1283,821.71,debit,2024-01-17 11:06:55.841584,GBP
453,1878,702.09,debit,2024-01-17 11:59:29.756975,GBP
454,1959,53.07,credit,2024-01-17 12:52:03.672367,USD
455,1480,192.64,debit,2024-01-17 13:44:37.587758,USD
456,1452,1365.1,credit,2024-01-17 14:37:11.503150,EUR
457,1828,1759.86,debit,2024-01-17 15:29:45.418541,USD
458,1815,1033.31,debit,2024-01-17 16:22:19.333933,USD
459,1658,1082.99,credit,2024-01-17 17:14:53.249324,GBP
460,1515,517.64,credit,2024-01-17 18:07:27.164716,EUR
461,1546,1538.07,credit,2024-01-17 19:00:01.080108,GBP
462,1191,1506.07,credit,2024-01-17 19:52:34.995499,USD
463,1048,1180.85,credit,2024-01-17 20:45:08.910891,USD
464,1511,433.2,debit,2024-01-17 21:37:42.826282,GBP
465,1016,203.07,credit,2024-01-17 22:30:16.741674,USD
466,1171,137.83,debit,2024-01-17 23:22:50.657065,EUR
467,1219,1189.47,debit,2024-01-18 00:15:24.572457,USD
468,1157,1651.82,debit,2024-01-18 01:07:58.487848,USD
469,1476,1718.08,credit,2024-01-18 02:00:32.403240,USD
470,1045,932.61,credit,2024-01-18 02:53:06.318631,USD
471,1372,1570.7,credit,2024-01-18 03:45:40.234023,USD
472,1517,1894.29,credit,2024-01-18 04:38:14.149414,USD
473,1098,557.59,debit,2024-01-18 05:30:48.064806,USD
474,1891,801.94,credit,2024-01-18 06:23:21.980198,USD
475,1744,1863.64,credit,2024-01-18 07:15:55.895589,EUR
476,1036,683.08,credit,2024-01-18 08:08:29.810981,USD
477,1279,1828.61,debit,2024-01-18 09:01:03.726372,USD
478,1348,1962.28,credit,2024-01-18 09:53:37.641764,USD
479,1496,1327.0,credit,2024-01-18 10:46:11.557155,USD
480,1301,1635.61,credit,2024-01-18 11:38:45.472547,USD
481,1180,1501.6,credit,2024-01-18 12:31:19.387938,USD
482,1606,1402.07,debit,2024-01-18 13:23:53.303330,USD
483,1098,620.79,credit,2024-01-18 14:16:27.218721,USD
484,1699,123.62,debit,2024-01-18 15:09:01.134113,USD
485,1992,692.67,credit,2024-01-18 16:01:35.049504,GBP
486,1115,1337.2,credit,2024-01-18 16:54:08.964896,GBP
487,1190,214.03,credit,2024-01-18 17:46:42.880288,USD
488,1252,33.72,credit,2024-01-18 18:39:16.795679,USD
489,1980,287.99,debit,2024-01-18 19:31:50.711071,GBP
490,1927,1434.31,credit,2024-01-18 20:24:24.626462,USD
491,1982,1945.86,debit,2024-01-18 21:16:58.541854,USD
492,1160,1966.3,credit,2024-01-18 22:09:32.457245,USD
493,1255,993.02,debit,2024-01-18 23:02:06.372637,GBP
494,1322,1740.01,debit,2024-01-18 23:54:40.288028,EUR
495,1127,1476.28,debit,2024-01-19 00:47:14.203420,USD
496,1017,1007.07,credit,2024-01-19 01:39:48.118811,USD
497,1792,1149.79,debit,2024-01-19 02:32:22.034203,GBP
498,1734,283.08,debit,2024-01-19 03:24:55.949594,USD
499,1565,1875.95,credit,2024-01-19 04:17:29.864986,USD
500,1569,710.34,credit,2024-01-19 05:10:03.780378,USD
501,1322,897.84,credit,2024-01-19 06:02:37.695769,EUR
502,1871,1346.6,credit,2024-01-19 06:55:11.611161,USD
503,1685,674.47,credit,2024-01-19 07:47:45.526552,EUR
504,1791,515.98,credit,2024-01-19 08:40:19.441944,USD
505,1625,1265.79,debit,2024-01-19 09:32:53.357335,USD
506,1287,59.72,credit,2024-01-19 10:25:27.272727,USD
507,1942,1444.24,debit,2024-01-19 11:18:01.188118,EUR
508,1853,1032.91,credit,2024-01-19 12:10:35.103510,USD
509,1662,1215.45,debit,2024-01-19 13:03:09.018901,USD
510,1961,1267.44,credit,2024-01-19 13:55:42.934293,USD
511,1638,1058.83,debit,2024-01-19 14:48:16.849684,USD
512,1154,1169.24,credit,2024-01-19 15:40:50.765076,EUR
513,1489,1370.74,credit,2024-01-19 16:33:24.680468,USD
514,1385,,debit,2024-01-19 17:25:58.595859,USD
515,1985,1457.63,credit,2024-01-19 18:18:32.511251,USD
516,1784,1740.54,credit,2024-01-19 19:11:06.426642,USD
517,1103,386.99,credit,2024-01-19 20:03:40.342034,GBP
518,1928,808.28,debit,2024-01-19 20:56:14.257425,USD
519,1392,1896.11,credit,2024-01-19 21:48:48.172817,USD
520,1810,799.22,debit,2024-01-19 22:41:22.088208,USD
521,1245,258.49,credit,2024-01-19 23:33:56.003600,USD
522,1175,1055.64,credit,2024-01-20 00:26:29.918991,USD
523,1038,227.89,debit,2024-01-20 01:19:03.834383,USD
524,1476,413.68,credit,2024-01-20 02:11:37.749774,EUR
525,1681,1996.65,debit,2024-01-20 03:04:11.665166,USD
526,1758,1087.31,credit,2024-01-20 03:56:45.580558,USD
527,1537,575.28,credit,2024-01-20 04:49:19.495949,USD
528,1866,1989.6,credit,2024-01-20 05:41:53.411341,USD
529,1817,1933.45,credit,2024-01-20 06:34:27.326732,USD
530,1920,887.07,debit,2024-01-20 07:27:01.242124,USD
531,1407,528.2,debit,2024-01-20 08:19:35.157515,USD
532,1524,1678.42,credit,2024-01-20 09:12:09.072907,USD
533,1827,1434.09,credit,2024-01-20 10:04:42.988298,EUR
534,1505,1377.01,credit,2024-01-20 10:57:16.903690,USD
535,1902,1787.3,debit,2024-01-20 11:49:50.819081,GBP
536,1824,1381.94,debit,2024-01-20 12:42:24.734473,USD
537,1035,574.76,credit,2024-01-20 13:34:58.649864,USD
538,1684,1390.79,credit,2024-01-20 14:27:32.565256,USD
539,1019,618.57,credit,2024-01-20 15:20:06.480648,USD
540,1320,1520.89,debit,2024-01-20 16:12:40.396039,USD
541,1775,1243.3,debit,2024-01-20 17:05:14.311431,USD
542,1511,164.05,credit,2024-01-20 17:57:48.226822,USD
543,1399,1030.54,credit,2024-01-20 18:50:22.142214,USD
544,1653,693.17,credit,2024-01-20 19:42:56.057605,USD
545,1971,663.86,credit,2024-01-20 20:35:29.972997,USD
546,1882,1208.49,debit,2024-01-20 21:28:03.888388,USD
547,1470,651.43,credit,2024-01-20 22:20:37.803780,USD
548,1142,1556.02,debit,2024-01-20 23:13:11.719171,GBP
549,1091,150.87,credit,2024-01-21 00:05:45.634563,EUR
550,1353,1324.17,credit,2024-01-21 00:58:19.549954,USD
551,1833,1620.3,debit,2024-01-21 01:50:53.465346,USD
552,1799,1348.94,credit,2024-01-21 02:43:27.380738,USD
553,1726,999.49,debit,2024-01-21 03:36:01.296129,EUR
554,1958,1901.11,credit,2024-01-21 04:28:35.211521,EUR
555,1853,606.88,credit,2024-01-21 05:21:09.126912,USD
556,1050,48.14,debit,2024-01-21 06:13:43.042304,EUR
557,1664,869.66,credit,2024-01-21 07:06:16.957695,USD
558,1697,75.69,credit,2024-01-21 07:58:50.873087,EUR
559,1574,1908.33,debit,2024-01-21 08:51:24.788478,USD
560,1189,,credit,2024-01-21 09:43:58.703870,USD
561,1124,1579.96,credit,2024-01-21 10:36:32.619261,EUR
562,1149,1551.4,debit,2024-01-21 11:29:06.534653,USD
563,1313,443.28,credit,2024-01-21 12:21:40.450045,GBP
564,1569,1246.24,credit,2024-01-21 13:14:14.365436,USD
565,1341,105.68,credit,2024-01-21 14:06:48.280828,USD
566,1304,972.31,credit,2024-01-21 14:59:22.196219,EUR
567,1691,39.15,debit,2024-01-21 15:51:56.111611,USD
568,1681,1843.08,credit,2024-01-21 16:44:30.027002,USD
569,1837,1952.41,credit,2024-01-21 17:37:03.942394,USD
570,1782,452.34,credit,2024-01-21 18:29:37.857785,GBP
571,1053,424.13,credit,2024-01-21 19:22:11.773177,EUR
572,1443,1509.9,debit,2024-01-21 20:14:45.688568,USD
573,1612,514.23,credit,2024-01-21 21:07:19.603960,USD
574,1992,1791.2,debit,2024-01-21 21:59:53.519351,USD
575,1263,1152.12,credit,2024-01-21 22:52:27.434743,USD
576,1052,708.05,debit,2024-01-21 23:45:01.350135,GBP
577,1571,1667.06,credit,2024-01-22 00:37:35.265526,USD
578,1619,991.88,credit,2024-01-22 01:30:09.180918,USD
579,1004,1824.15,debit,2024-01-22 02:22:43.096309,USD
580,1102,1856.75,credit,2024-01-22 03:15:17.011701,GBP
581,1195,339.19,credit,2024-01-22 04:07:50.927092,USD
582,1773,14.62,credit,2024-01-22 05:00:24.842484,GBP
583,1876,1968.02,credit,2024-01-22 05:52:58.757875,USD
584,1991,1813.21,debit,2024-01-22 06:45:32.673267,EUR
585,1883,120.34,credit,2024-01-22 07:38:06.588658,USD
586,1349,1667.74,debit,2024-01-22 08:30:40.504050,USD
587,1046,921.03,credit,2024-01-22 09:23:14.419441,USD
588,1866,525.33,debit,2024-01-22 10:15:48.334833,USD
589,1822,1758.71,credit,2024-01-22 11:08:22.250225,USD
590,1935,401.37,debit,2024-01-22 12:00:56.165616,GBP
591,1819,1895.13,credit,2024-01-22 12:53:30.081008,USD
592,1655,419.19,credit,2024-01-22 13:46:03.996399,GBP
593,1268,1231.23,debit,2024-01-22 14:38:37.911791,USD
594,1369,453.94,credit,2024-01-22 15:31:11.827182,USD
595,1635,1095.88,credit,2024-01-22 16:23:45.742574,GBP
596,1105,1371.11,debit,2024-01-22 17:16:19.657965,EUR
597,1669,388.55,credit,2024-01-22 18:08:53.573357,USD
598,1658,1046.56,credit,2024-01-22 19:01:27.488748,USD
599,1656,943.43,credit,2024-01-22 19:54:01.404140,EUR
600,1119,151.36,debit,2024-01-22 20:46:35.319531,EUR
601,1830,1638.43,credit,2024-01-22 21:39:09.234923,EUR
602,1786,678.01,debit,2024-01-22 22:31:43.150315,EUR
603,1603,1153.42,debit,2024-01-22 23:24:17.065706,USD
604,1057,1034.42,debit,2024-01-23 00:16:50.981098,EUR
605,1950,1031.39,credit,2024-01-23 01:09:24.896489,USD
606,1345,223.37,debit,2024-01-23 02:01:58.811881,USD
607,1740,852.73,credit,2024-01-23 02:54:32.727272,USD
608,1473,910.21,debit,2024-01-23 03:47:06.642664,USD
609,1116,1469.95,credit,2024-01-23 04:39:40.558055,USD
610,1829,1681.64,debit,2024-01-23 05:32:14.473447,USD
611,1790,1094.51,credit,2024-01-23 06:24:48.388838,USD
612,1126,182.7,credit,2024-01-23 07:17:22.304230,USD
613,1392,481.33,credit,2024-01-23 08:09:56.219621,USD
614,1907,338.22,credit,2024-01-23 09:02:30.135013,USD
615,1640,257.98,credit,2024-01-23 09:55:04.050405,USD
616,1057,738.14,credit,2024-01-23 10:47:37.965796,EUR
617,1633,466.49,credit,2024-01-23 11:40:11.881188,USD
618,1512,444.42,debit,2024-01-23 12:32:45.796579,USD
619,1750,118.84,credit,2024-01-23 13:25:19.711971,GBP
620,1801,45.16,credit,2024-01-23 14:17:53.627362,USD
621,1095,214.51,debit,2024-01-23 15:10:27.542754,USD
622,1637,352.67,debit,2024-01-23 16:03:01.458145,USD
623,1117,,credit,2024-01-23 16:55:35.373537,EUR
624,1559,1025.94,credit,2024-01-23 17:48:09.288928,EUR
625,1600,289.78,credit,2024-01-23 18:40:43.204320,USD
626,1487,855.32,debit,2024-01-23 19:33:17.119711,EUR
627,1236,690.08,debit,2024-01-23 20:25:51.035103,EUR
628,1884,375.01,debit,2024-01-23 21:18:24.950495,USD
629,1896,23.61,credit,2024-01-23 22:10:58.865886,USD
630,1271,939.37,debit,2024-01-23 23:03:32.781278,EUR
631,1188,1374.45,credit,2024-01-23 23:56:06.696669,USD
632,1998,460.29,credit,2024-01-24 00:48:40.612061,USD
633,1703,272.3,credit,2024-01-24 01:41:14.527452,USD
634,1446,1775.22,credit,2024-01-24 02:33:48.442844,USD
635,1580,557.3,debit,2024-01-24 03:26:22.358235,USD
636,1789,,debit,2024-01-24 04:18:56.273627,USD
637,1860,1715.62,debit,2024-01-24 05:11:30.189018,USD
638,1246,1636.04,credit,2024-01-24 06:04:04.104410,GBP
639,1962,902.21,debit,2024-01-24 06:56:38.019801,USD
640,1075,983.59,debit,2024-01-24 07:49:11.935193,USD
641,1153,443.32,credit,2024-01-24 08:41:45.850585,GBP
642,1655,165.82,debit,2024-01-24 09:34:19.765976,EUR
643,1434,1151.13,debit,2024-01-24 10:26:53.681368,USD
644,1996,205.71,credit,2024-01-24 11:19:27.596759,USD
645,1085,904.06,debit,2024-01-24 12:12:01.512151,USD
646,1696,1881.59,debit,2024-01-24 13:04:35.427542,GBP
647,1284,1906.14,debit,2024-01-24 13:57:09.342934,USD
648,1973,486.27,debit,2024-01-24 14:49:43.258325,USD
649,1219,1251.99,credit,2024-01-24 15:42:17.173717,EUR
650,1068,953.41,debit,2024-01-24 16:34:51.089108,USD
651,1046,1752.61,debit,2024-01-24 17:27:25.004500,EUR
652,1093,550.15,credit,2024-01-24 18:19:58.919891,USD
653,1749,17.37,credit,2024-01-24 19:12:32.835283,USD
654,1957,333.5,debit,2024-01-24 20:05:06.750675,USD
655,1452,705.55,credit,2024-01-24 20:57:40.666066,USD
656,1203,638.29,debit,2024-01-24 21:50:14.581458,EUR
657,1911,1584.81,debit,2024-01-24 22:42:48.496849,EUR
658,1217,1364.32,credit,2024-01-24 23:35:22.412241,EUR
659,1473,606.12,credit,2024-01-25 00:27:56.327632,USD
660,1431,920.91,credit,2024-01-25 01:20:30.243024,USD
661,1340,200.16,credit,2024-01-25 02:13:04.158415,USD
662,1550,1797.31,debit,2024-01-25 03:05:38.073807,USD
663,1611,1871.5,credit,2024-01-25 03:58:11.989198,USD
664,1288,1959.81,credit,2024-01-25 04:50:45.904590,EUR
665,1253,1738.42,debit,2024-01-25 05:43:19.819981,USD
666,1733,356.18,debit,2024-01-25 06:35:53.735373,USD
667,1356,101.93,credit,2024-01-25 07:28:27.650765,EUR
668,1022,1163.4,debit,2024-01-25 08:21:01.566156,USD
669,1761,1826.08,credit,2024-01-25 09:13:35.481548,USD
670,1521,362.93,debit,2024-01-25 10:06:09.396939,USD
671,1757,24.02,credit,2024-01-25 10:58:43.312331,GBP
672,1836,1612.94,credit,2024-01-25 11:51:17.227722,USD
673,1099,162.82,debit,2024-01-25 12:43:51.143114,USD
674,1801,833.28,credit,2024-01-25 13:36:25.058505,GBP
675,1179,1360.99,credit,2024-01-25 14:28:58.973897,EUR
676,1222,481.23,debit,2024-01-25 15:21:32.889288,EUR
677,1905,177.09,debit,2024-01-25 16:14:06.804680,USD
678,1761,1542.34,credit,2024-01-25 17:06:40.720072,EUR
679,1658,1264.05,debit,2024-01-25 17:59:14.635463,USD
680,1441,1977.1,debit,2024-01-25 18:51:48.550855,USD
681,1607,695.17,debit,2024-01-25 19:44:22.466246,USD
682,1768,132.91,credit,2024-01-25 20:36:56.381638,EUR
683,1324,1471.36,debit,2024-01-25 21:29:30.297029,USD
684,1515,1048.25,debit,2024-01-25 22:22:04.212421,USD
685,1015,434.28,debit,2024-01-25 23:14:38.127812,USD
686,1791,1565.64,credit,2024-01-26 00:07:12.043204,USD
687,1335,415.47,debit,2024-01-26 00:59:45.958595,USD
688,1758,528.72,credit,2024-01-26 01:52:19.873987,USD
689,1257,194.13,debit,2024-01-26 02:44:53.789378,EUR
690,1496,804.87,debit,2024-01-26 03:37:27.704770,USD
691,1987,843.67,credit,2024-01-26 04:30:01.620162,EUR
692,1895,1033.98,credit,2024-01-26 05:22:35.535553,USD
693,1159,1420.84,credit,2024-01-26 06:15:09.450945,USD
694,1474,1813.14,debit,2024-01-26 07:07:43.366336,USD
695,1851,284.09,credit,2024-01-26 08:00:17.281728,EUR
696,1663,118.15,debit,2024-01-26 08:52:51.197119,USD
697,1907,,debit,2024-01-26 09:45:25.112511,USD
698,1689,295.81,debit,2024-01-26 10:37:59.027902,USD
699,1674,,debit,2024-01-26 11:30:32.943294,GBP
700,1379,1457.68,credit,2024-01-26 12:23:06.858685,USD
701,1544,,debit,2024-01-26 13:15:40.774077,USD
702,1928,494.98,credit,2024-01-26 14:08:14.689468,GBP
703,1956,618.73,credit,2024-01-26 15:00:48.604860,EUR
704,1690,971.44,credit,2024-01-26 15:53:22.520252,USD
705,1426,135.73,debit,2024-01-26 16:45:56.435643,USD
706,1612,1226.17,debit,2024-01-26 17:38:30.351035,USD
707,1267,1967.63,credit,2024-01-26 18:31:04.266426,EUR
708,1834,728.0,debit,2024-01-26 19:23:38.181818,USD
709,1576,1508.17,debit,2024-01-26 20:16:12.097209,EUR
710,1416,1005.07,credit,2024-01-26 21:08:46.012601,GBP
711,1167,264.35,debit,2024-01-26 22:01:19.927992,GBP
712,1841,1168.65,credit,2024-01-26 22:53:53.843384,EUR
713,1042,606.75,credit,2024-01-26 23:46:27.758775,USD
714,1555,78.46,debit,2024-01-27 00:39:01.674167,USD
715,1284,1273.51,credit,2024-01-27 01:31:35.589558,USD
716,1396,1719.28,credit,2024-01-27 02:24:09.504950,USD
717,1011,696.09,debit,2024-01-27 03:16:43.420342,USD
718,1606,786.69,debit,2024-01-27 04:09:17.335733,USD
719,1301,1783.13,debit,2024-01-27 05:01:51.251125,GBP
720,1897,1629.08,credit,2024-01-27 05:54:25.166516,EUR
721,1252,1432.76,credit,2024-01-27 06:46:59.081908,USD
722,1498,505.11,debit,2024-01-27 07:39:32.997299,USD
723,1753,1821.33,credit,2024-01-27 08:32:06.912691,USD
724,1034,317.29,credit,2024-01-27 09:24:40.828082,EUR
725,1726,1257.27,credit,2024-01-27 10:17:14.743474,USD
726,1848,67.31,debit,2024-01-27 11:09:48.658865,GBP
727,1089,1291.0,credit,2024-01-27 12:02:22.574257,EUR
728,1775,561.52,credit,2024-01-27 12:54:56.489648,GBP
729,1604,904.86,credit,2024-01-27 13:47:30.405040,EUR
730,1921,697.08,credit,2024-01-27 14:40:04.320432,EUR
731,1969,353.79,credit,2024-01-27 15:32:38.235823,EUR
732,1601,1247.74,credit,2024-01-27 16:25:12.151215,USD
733,1417,1765.13,credit,2024-01-27 17:17:46.066606,USD
734,1114,1918.58,credit,2024-01-27 18:10:19.981998,EUR
735,1616,,credit,2024-01-27 19:02:53.897389,USD
736,1902,1437.57,credit,2024-01-27 19:55:27.812781,USD
737,1195,1332.04,credit,2024-01-27 20:48:01.728172,EUR
738,1825,693.32,credit,2024-01-27 21:40:35.643564,EUR
739,1500,48.01,credit,2024-01-27 22:33:09.558955,USD
740,1625,1382.68,credit,2024-01-27 23:25:43.474347,USD
741,1492,1891.53,debit,2024-01-28 00:18:17.389738,USD
742,1074,1267.92,credit,2024-01-28 01:10:51.305130,USD
743,1412,876.23,debit,2024-01-28 02:03:25.220522,GBP
744,1375,1055.06,credit,2024-01-28 02:55:59.135913,USD
745,1419,407.26,credit,2024-01-28 03:48:33.051305,GBP
746,1728,1503.58,debit,2024-01-28 04:41:06.966696,USD
747,1276,1495.38,credit,2024-01-28 05:33:40.882088,USD
748,1760,299.58,credit,2024-01-28 06:26:14.797479,EUR
749,1675,1757.18,debit,2024-01-28 07:18:48.712871,USD
750,1393,545.69,credit,2024-01-28 08:11:22.628262,USD
751,1868,1964.69,credit,2024-01-28 09:03:56.543654,GBP
752,1456,771.98,credit,2024-01-28 09:56:30.459045,EUR
753,1919,363.99,debit,2024-01-28 10:49:04.374437,USD
754,1191,709.92,debit,2024-01-28 11:41:38.289828,USD
755,1738,885.96,credit,2024-01-28 12:34:12.205220,USD
756,1688,147.92,credit,2024-01-28 13:26:46.120612,GBP
757,1098,,debit,2024-01-28 14:19:20.036003,EUR
758,1547,1199.29,credit,2024-01-28 15:11:53.951395,USD
759,1977,1480.47,credit,2024-01-28 16:04:27.866786,USD
760,1998,68.05,debit,2024-01-28 16:57:01.782178,EUR
761,1095,1087.06,credit,2024-01-28 17:49:35.697569,USD
762,1663,115.29,debit,2024-01-28 18:42:09.612961,GBP
763,1662,1405.28,debit,2024-01-28 19:34:43.528352,GBP
764,1189,,debit,2024-01-28 20:27:17.443744,EUR
765,1735,1824.34,credit,2024-01-28 21:19:51.359135,EUR
766,1036,1407.14,credit,2024-01-28 22:12:25.274527,USD
767,1779,1019.71,credit,2024-01-28 23:04:59.189918,USD
768,1368,888.59,credit,2024-01-28 23:57:33.105310,EUR
769,1694,270.04,credit,2024-01-29 00:50:07.020702,USD
770,1524,589.09,credit,2024-01-29 01:42:40.936093,USD
771,1278,1739.23,credit,2024-01-29 02:35:14.851485,USD
772,1216,1809.86,credit,2024-01-29 03:27:48.766876,USD
773,1866,11.49,credit,2024-01-29 04:20:22.682268,USD
774,1872,1192.33,credit,2024-01-29 05:12:56.597659,EUR
775,1797,1441.41,credit,2024-01-29 06:05:30.513051,USD
776,1272,1241.31,credit,2024-01-29 06:58:04.428442,USD
777,1880,172.54,debit,2024-01-29 07:50:38.343834,USD
778,1061,443.27,debit,2024-01-29 08:43:12.259225,USD
779,1595,508.18,credit,2024-01-29 09:35:46.174617,EUR
780,1879,1665.13,credit,2024-01-29 10:28:20.090009,USD
781,1728,931.77,credit,2024-01-29 11:20:54.005400,USD
782,1341,978.79,credit,2024-01-29 12:13:27.920792,USD
783,1396,1870.44,credit,2024-01-29 13:06:01.836183,GBP
784,1698,1277.8,debit,2024-01-29 13:58:35.751575,USD
785,1018,1798.35,credit,2024-01-29 14:51:09.666966,USD
786,1176,918.45,debit,2024-01-29 15:43:43.582358,USD
787,1611,307.38,credit,2024-01-29 16:36:17.497749,USD
788,1395,1860.57,credit,2024-01-29 17:28:51.413141,USD
789,1444,922.82,credit,2024-01-29 18:21:25.328532,EUR
790,1232,371.45,debit,2024-01-29 19:13:59.243924,USD
791,1914,611.77,credit,2024-01-29 20:06:33.159315,EUR
792,1075,111.1,credit,2024-01-29 20:59:07.074707,USD
793,1264,941.92,debit,2024-01-29 21:51:40.990099,USD
794,1454,1707.73,credit,2024-01-29 22:44:14.905490,EUR
795,1795,1867.83,credit,2024-01-29 23:36:48.820882,USD
796,1717,1865.88,credit,2024-01-30 00:29:22.736273,EUR
797,1734,259.21,credit,2024-01-30 01:21:56.651665,EUR
798,1383,770.29,credit,2024-01-30 02:14:30.567056,GBP
799,1563,66.18,credit,2024-01-30 03:07:04.482448,USD
800,1850,1711.78,credit,2024-01-30 03:59:38.397839,USD
801,1505,723.92,credit,2024-01-30 04:52:12.313231,USD
802,1366,1265.92,debit,2024-01-30 05:44:46.228622,USD
803,1143,1432.65,debit,2024-01-30 06:37:20.144014,USD
804,1884,865.39,credit,2024-01-30 07:29:54.059405,USD
805,1068,619.82,credit,2024-01-30 08:22:27.974797,USD
806,1098,1924.8,credit,2024-01-30 09:15:01.890189,USD
807,1395,1929.33,credit,2024-01-30 10:07:35.805580,EUR
808,1024,585.98,credit,2024-01-30 11:00:09.720972,EUR
809,1947,964.45,credit,2024-01-30 11:52:43.636363,USD
810,1890,1945.96,debit,2024-01-30 12:45:17.551755,EUR
811,1468,19.69,credit,2024-01-30 13:37:51.467146,USD
812,1483,831.23,debit,2024-01-30 14:30:25.382538,USD
813,1564,209.91,credit,2024-01-30 15:22:59.297929,USD
814,1150,1023.22,credit,2024-01-30 16:15:33.213321,EUR
815,1143,59.09,credit,2024-01-30 17:08:07.128712,USD
816,1568,819.73,credit,2024-01-30 18:00:41.044104,USD
817,1038,449.19,credit,2024-01-30 18:53:14.959495,GBP
818,1108,1071.28,credit,2024-01-30 19:45:48.874887,USD
819,1692,1992.03,debit,2024-01-30 20:38:22.790279,GBP
820,1041,1603.07,credit,2024-01-30 21:30:56.705670,USD
821,1185,1692.83,credit,2024-01-30 22:23:30.621062,EUR
822,1934,1274.18,debit,2024-01-30 23:16:04.536453,USD
823,1397,92.7,debit,2024-01-31 00:08:38.451845,EUR
824,1222,421.53,debit,2024-01-31 01:01:12.367236,GBP
825,1633,1850.88,credit,2024-01-31 01:53:46.282628,EUR
826,1132,738.57,credit,2024-01-31 02:46:20.198019,USD
827,1162,216.24,credit,2024-01-31 03:38:54.113411,EUR
828,1214,1407.79,credit,2024-01-31 04:31:28.028802,EUR
829,1732,605.92,credit,2024-01-31 05:24:01.944194,USD
830,1234,545.03,credit,2024-01-31 06:16:35.859585,GBP
831,1842,,debit,2024-01-31 07:09:09.774977,USD
832,1657,1717.7,debit,2024-01-31 08:01:43.690369,USD
833,1750,,credit,2024-01-31 08:54:17.605760,USD
834,1587,1960.72,credit,2024-01-31 09:46:51.521152,USD
835,1008,1303.73,credit,2024-01-31 10:39:25.436543,USD
836,1073,1486.62,credit,2024-01-31 11:31:59.351935,USD
837,1953,72.71,credit,2024-01-31 12:24:33.267326,USD
838,1491,251.99,debit,2024-01-31 13:17:07.182718,USD
839,1912,1269.84,credit,2024-01-31 14:09:41.098109,GBP
840,1252,1799.06,credit,2024-01-31 15:02:15.013501,USD
841,1229,1251.25,credit,2024-01-31 15:54:48.928892,USD
842,1518,276.71,debit,2024-01-31 16:47:22.844284,USD
843,1173,240.36,debit,2024-01-31 17:39:56.759675,USD
844,1652,1689.93,debit,2024-01-31 18:32:30.675067,USD
845,1167,287.21,credit,2024-01-31 19:25:04.590459,USD
846,1169,1045.26,credit,2024-01-31 20:17:38.505850,EUR
847,1392,83.86,credit,2024-01-31 21:10:12.421242,USD
848,1945,170.53,credit,2024-01-31 22:02:46.336633,USD
849,1794,1347.97,debit,2024-01-31 22:55:20.252025,USD
850,1633,1381.47,credit,2024-01-31 23:47:54.167416,GBP
851,1193,689.52,credit,2024-02-01 00:40:28.082808,USD
852,1516,439.06,credit,2024-02-01 01:33:01.998199,USD
853,1028,1629.28,credit,2024-02-01 02:25:35.913591,GBP
854,1164,442.04,credit,2024-02-01 03:18:09.828982,GBP
855,1421,1088.63,credit,2024-02-01 04:10:43.744374,USD
856,1338,1936.74,credit,2024-02-01 05:03:17.659765,USD
857,1647,304.23,credit,2024-02-01 05:55:51.575157,USD
858,1495,1882.34,debit,2024-02-01 06:48:25.490549,USD
859,1364,373.96,credit,2024-02-01 07:40:59.405940,USD
860,1832,1139.21,credit,2024-02-01 08:33:33.321332,USD
861,1341,760.25,credit,2024-02-01 09:26:07.236723,EUR
862,1499,1930.21,debit,2024-02-01 10:18:41.152115,USD
863,1656,554.35,debit,2024-02-01 11:11:15.067506,USD
864,1510,805.32,credit,2024-02-01 12:03:48.982898,USD
865,1326,1965.89,credit,2024-02-01 12:56:22.898289,USD
866,1216,,debit,2024-02-01 13:48:56.813681,USD
867,1300,1010.23,debit,2024-02-01 14:41:30.729072,EUR
868,1131,522.98,credit,2024-02-01 15:34:04.644464,GBP
869,1803,1405.71,credit,2024-02-01 16:26:38.559855,GBP
870,1069,38.6,credit,2024-02-01 17:19:12.475247,EUR
871,1251,108.53,debit,2024-02-01 18:11:46.390639,EUR
872,1414,1202.72,credit,2024-02-01 19:04:20.306030,USD
873,1786,689.93,credit,2024-02-01 19:56:54.221422,USD
874,1444,1907.1,credit,2024-02-01 20:49:28.136813,EUR
875,1875,1807.35,credit,2024-02-01 21:42:02.052205,USD
876,1181,1430.28,debit,2024-02-01 22:34:35.967596,USD
877,1166,1638.11,debit,2024-02-01 23:27:09.882988,EUR
878,1090,1337.99,credit,2024-02-02 00:19:43.798379,GBP
879,1713,259.91,debit,2024-02-02 01:12:17.713771,USD
880,1857,,credit,2024-02-02 02:04:51.629162,USD
881,1530,428.28,debit,2024-02-02 02:57:25.544554,USD
882,1038,653.65,debit,2024-02-02 03:49:59.459945,USD
883,1125,1640.28,debit,2024-02-02 04:42:33.375337,USD
884,1450,1077.69,debit,2024-02-02 05:35:07.290729,GBP
885,1172,1721.28,credit,2024-02-02 06:27:41.206120,USD
886,1652,433.94,debit,2024-02-02 07:20:15.121512,USD
887,1753,1219.48,credit,2024-02-02 08:12:49.036903,EUR
888,1219,176.74,credit,2024-02-02 09:05:22.952295,USD
889,1637,1289.69,credit,2024-02-02 09:57:56.867686,EUR
890,1057,1527.44,credit,2024-02-02 10:50:30.783078,USD
891,1659,1174.01,debit,2024-02-02 11:43:04.698469,EUR
892,1475,539.8,credit,2024-02-02 12:35:38.613861,USD
893,1455,72.37,debit,2024-02-02 13:28:12.529252,USD
894,1828,247.7,debit,2024-02-02 14:20:46.444644,USD
895,1894,1248.38,debit,2024-02-02 15:13:20.360036,USD
896,1360,1869.5,credit,2024-02-02 16:05:54.275427,USD
897,1934,421.0,credit,2024-02-02 16:58:28.190819,USD
898,1000,1472.7,credit,2024-02-02 17:51:02.106210,GBP
899,1386,1734.24,credit,2024-02-02 18:43:36.021602,USD
900,1972,1046.56,debit,2024-02-02 19:36:09.936993,EUR
901,1347,1341.84,debit,2024-02-02 20:28:43.852385,EUR
902,1189,1631.88,credit,2024-02-02 21:21:17.767776,EUR
903,1504,528.74,debit,2024-02-02 22:13:51.683168,GBP
904,1190,600.82,credit,2024-02-02 23:06:25.598559,USD
905,1507,11.25,credit,2024-02-02 23:58:59.513951,USD
906,1368,1926.56,credit,2024-02-03 00:51:33.429342,USD
907,1408,1835.91,credit,2024-02-03 01:44:07.344734,USD
908,1823,1531.49,debit,2024-02-03 02:36:41.260126,USD
909,1928,167.36,debit,2024-02-03 03:29:15.175517,USD
910,1933,900.53,debit,2024-02-03 04:21:49.090909,USD
911,1116,212.76,credit,2024-02-03 05:14:23.006300,EUR
912,1133,41.68,credit,2024-02-03 06:06:56.921692,GBP
913,1057,1236.2,credit,2024-02-03 06:59:30.837083,EUR
914,1555,1922.05,debit,2024-02-03 07:52:04.752475,USD
915,1684,1806.71,credit,2024-02-03 08:44:38.667866,USD
916,1671,1396.54,credit,2024-02-03 09:37:12.583258,EUR
917,1172,202.31,debit,2024-02-03 10:29:46.498649,USD
918,1828,,debit,2024-02-03 11:22:20.414041,EUR
919,1814,646.91,debit,2024-02-03 12:14:54.329432,EUR
920,1148,1528.67,debit,2024-02-03 13:07:28.244824,USD
921,1079,1606.48,credit,2024-02-03 14:00:02.160216,USD
922,1885,776.36,credit,2024-02-03 14:52:36.075607,USD
923,1212,841.59,credit,2024-02-03 15:45:09.990999,USD
924,1202,98.57,credit,2024-02-03 16:37:43.906390,USD
925,1763,585.38,credit,2024-02-03 17:30:17.821782,GBP
926,1228,908.06,credit,2024-02-03 18:22:51.737173,USD
927,1675,242.8,debit,2024-02-03 19:15:25.652565,USD
928,1226,912.0,credit,2024-02-03 20:07:59.567956,USD
929,1658,1707.82,credit,2024-02-03 21:00:33.483348,USD
930,1531,1166.83,debit,2024-02-03 21:53:07.398739,EUR
931,1440,167.07,credit,2024-02-03 22:45:41.314131,USD
932,1401,391.43,debit,2024-02-03 23:38:15.229522,GBP
933,1046,954.34,debit,2024-02-04 00:30:49.144914,GBP
934,1232,729.36,debit,2024-02-04 01:23:23.060306,EUR
935,1304,723.87,credit,2024-02-04 02:15:56.975697,USD
936,1525,1063.24,debit,2024-02-04 03:08:30.891089,USD
937,1142,,credit,2024-02-04 04:01:04.806480,EUR
938,1414,1595.75,debit,2024-02-04 04:53:38.721872,EUR
939,1512,688.52,credit,2024-02-04 05:46:12.637263,EUR
940,1372,1612.88,credit,2024-02-04 06:38:46.552655,USD
941,1565,683.84,debit,2024-02-04 07:31:20.468046,USD
942,1885,120.31,credit,2024-02-04 08:23:54.383438,GBP
943,1258,1112.83,debit,2024-02-04 09:16:28.298829,USD
944,1655,1179.93,credit,2024-02-04 10:09:02.214221,USD
945,1470,1869.74,debit,2024-02-04 11:01:36.129612,USD
946,1952,1454.86,debit,2024-02-04 11:54:10.045004,EUR
947,1970,1836.37,credit,2024-02-04 12:46:43.960396,USD
948,1011,1817.61,credit,2024-02-04 13:39:17.875787,USD
949,1329,1213.1,debit,2024-02-04 14:31:51.791179,USD
950,1735,1060.25,debit,2024-02-04 15:24:25.706570,USD
951,1783,1119.31,credit,2024-02-04 16:16:59.621962,EUR
952,1967,1956.88,debit,2024-02-04 17:09:33.537353,USD
953,1357,1548.6,credit,2024-02-04 18:02:07.452745,USD
954,1971,221.47,credit,2024-02-04 18:54:41.368136,USD
955,1407,1559.07,credit,2024-02-04 19:47:15.283528,USD
956,1667,349.37,debit,2024-02-04 20:39:49.198919,USD
957,1372,,debit,2024-02-04 21:32:23.114311,GBP
958,1007,428.81,credit,2024-02-04 22:24:57.029702,GBP
959,1121,1382.27,credit,2024-02-04 23:17:30.945094,USD
960,1347,1755.85,debit,2024-02-05 00:10:04.860486,USD
961,1675,587.82,credit,2024-02-05 01:02:38.775877,USD
962,1089,173.2,debit,2024-02-05 01:55:12.691269,EUR
963,1647,604.0,credit,2024-02-05 02:47:46.606660,USD
964,1697,1348.0,credit,2024-02-05 03:40:20.522052,USD
965,1315,664.23,credit,2024-02-05 04:32:54.437443,EUR
966,1177,563.44,debit,2024-02-05 05:25:28.352835,USD
967,1539,377.03,debit,2024-02-05 06:18:02.268226,USD
968,1731,1000.06,credit,2024-02-05 07:10:36.183618,USD
969,1868,559.14,credit,2024-02-05 08:03:10.099009,USD
970,1040,1464.71,credit,2024-02-05 08:55:44.014401,GBP
971,1739,162.48,debit,2024-02-05 09:48:17.929792,EUR
972,1703,1331.43,debit,2024-02-05 10:40:51.845184,USD
973,1922,482.74,debit,2024-02-05 11:33:25.760576,USD
974,1501,983.67,debit,2024-02-05 12:25:59.675967,USD
975,1958,579.32,debit,2024-02-05 13:18:33.591359,USD
976,1144,1448.31,credit,2024-02-05 14:11:07.506750,USD
977,1200,1891.16,credit,2024-02-05 15:03:41.422142,USD
978,1928,1834.98,debit,2024-02-05 15:56:15.337533,USD
979,1723,1171.02,credit,2024-02-05 16:48:49.252925,USD
980,1460,930.59,credit,2024-02-05 17:41:23.168316,USD
981,1731,1638.42,credit,2024-02-05 18:33:57.083708,USD
982,1751,1369.82,credit,2024-02-05 19:26:30.999099,USD
983,1924,375.29,credit,2024-02-05 20:19:04.914491,USD
984,1908,1643.63,credit,2024-02-05 21:11:38.829882,USD
985,1557,863.48,credit,2024-02-05 22:04:12.745274,USD
986,1546,386.08,credit,2024-02-05 22:56:46.660666,USD
987,1252,570.78,credit,2024-02-05 23:49:20.576057,USD
988,1389,542.38,debit,2024-02-06 00:41:54.491449,USD
989,1593,1043.22,credit,2024-02-06 01:34:28.406840,USD
990,1882,476.4,debit,2024-02-06 02:27:02.322232,USD
991,1255,255.9,debit,2024-02-06 03:19:36.237623,EUR
992,1708,256.14,debit,2024-02-06 04:12:10.153015,USD
993,1814,1170.72,debit,2024-02-06 05:04:44.068406,GBP
994,1920,1472.17,credit,2024-02-06 05:57:17.983798,EUR
995,1449,649.85,credit,2024-02-06 06:49:51.899189,USD
996,1009,78.95,debit,2024-02-06 07:42:25.814581,EUR
997,1823,263.18,credit,2024-02-06 08:34:59.729972,USD
998,1797,1830.24,credit,2024-02-06 09:27:33.645364,USD
999,1241,,credit,2024-02-06 10:20:07.560756,EUR
1000,1250,,debit,2024-02-06 11:12:41.476147,GBP
1001,1876,85.72,credit,2024-02-06 12:05:15.391539,USD
1002,1004,1459.99,credit,2024-02-06 12:57:49.306930,USD
1003,1118,1060.86,debit,2024-02-06 13:50:23.222322,EUR
1004,1800,412.14,debit,2024-02-06 14:42:57.137713,GBP
1005,1373,229.05,credit,2024-02-06 15:35:31.053105,USD
1006,1064,772.94,debit,2024-02-06 16:28:04.968496,USD
1007,1145,1675.95,credit,2024-02-06 17:20:38.883888,USD
1008,1223,1731.94,debit,2024-02-06 18:13:12.799279,USD
1009,1238,,credit,2024-02-06 19:05:46.714671,GBP
1010,1176,1457.8,credit,2024-02-06 19:58:20.630063,USD
1011,1778,239.16,debit,2024-02-06 20:50:54.545454,GBP
1012,1852,1180.37,credit,2024-02-06 21:43:28.460846,EUR
1013,1281,1337.26,credit,2024-02-06 22:36:02.376237,USD
1014,1062,409.42,debit,2024-02-06 23:28:36.291629,USD
1015,1216,1761.51,credit,2024-02-07 00:21:10.207020,USD
1016,1853,398.04,debit,2024-02-07 01:13:44.122412,USD
1017,1826,633.82,credit,2024-02-07 02:06:18.037803,USD
1018,1794,1244.91,credit,2024-02-07 02:58:51.953195,USD
1019,1688,1280.32,debit,2024-02-07 03:51:25.868586,USD
1020,1460,1401.78,credit,2024-02-07 04:43:59.783978,USD
1021,1928,232.9,credit,2024-02-07 05:36:33.699369,USD
1022,1609,1700.43,credit,2024-02-07 06:29:07.614761,USD
1023,1104,1070.37,debit,2024-02-07 07:21:41.530153,EUR
1024,1098,947.93,credit,2024-02-07 08:14:15.445544,USD
1025,1510,1962.38,credit,2024-02-07 09:06:49.360936,USD
1026,1384,1483.35,credit,2024-02-07 09:59:23.276327,EUR
1027,1404,244.83,credit,2024-02-07 10:51:57.191719,EUR
1028,1822,1515.51,credit,2024-02-07 11:44:31.107110,GBP
1029,1517,199.55,debit,2024-02-07 12:37:05.022502,USD
1030,1475,64.67,debit,2024-02-07 13:29:38.937893,USD
1031,1976,813.22,credit,2024-02-07 14:22:12.853285,USD
1032,1708,1987.22,credit,2024-02-07 15:14:46.768676,USD
1033,1862,358.02,debit,2024-02-07 16:07:20.684068,USD
1034,1644,1348.56,credit,2024-02-07 16:59:54.599459,USD
1035,1869,355.06,credit,2024-02-07 17:52:28.514851,USD
1036,1770,1452.33,debit,2024-02-07 18:45:02.430243,USD
1037,1436,1015.65,debit,2024-02-07 19:37:36.345634,USD
1038,1022,1363.14,credit,2024-02-07 20:30:10.261026,USD
1039,1996,413.72,credit,2024-02-07 21:22:44.176417,USD
1040,1564,1493.8,credit,2024-02-07 22:15:18.091809,EUR
1041,1676,1991.28,credit,2024-02-07 23:07:52.007200,EUR
1042,1713,1334.64,debit,2024-02-08 00:00:25.922592,USD
1043,1457,,credit,2024-02-08 00:52:59.837983,EUR
1044,1082,1847.12,debit,2024-02-08 01:45:33.753375,USD
1045,1144,41.55,credit,2024-02-08 02:38:07.668766,USD
1046,1084,1462.55,credit,2024-02-08 03:30:41.584158,USD
1047,1077,1778.61,credit,2024-02-08 04:23:15.499549,GBP
1048,1456,132.73,debit,2024-02-08 05:15:49.414941,USD
1049,1877,905.63,debit,2024-02-08 06:08:23.330333,USD
1050,1000,417.39,credit,2024-02-08 07:00:57.245724,GBP
1051,1050,1137.37,credit,2024-02-08 07:53:31.161116,USD
1052,1684,1302.59,debit,2024-02-08 08:46:05.076507,EUR
1053,1716,612.22,credit,2024-02-08 09:38:38.991899,USD
1054,1771,925.36,credit,2024-02-08 10:31:12.907290,USD
1055,1445,565.89,credit,2024-02-08 11:23:46.822682,GBP
1056,1448,745.09,credit,2024-02-08 12:16:20.738073,USD
1057,1880,327.48,debit,2024-02-08 13:08:54.653465,EUR
1058,1487,1772.26,credit,2024-02-08 14:01:28.568856,GBP
1059,1799,29.92,debit,2024-02-08 14:54:02.484248,USD
1060,1033,1765.99,debit,2024-02-08 15:46:36.399639,USD
1061,1347,1147.64,debit,2024-02-08 16:39:10.315031,USD
1062,1094,670.0,credit,2024-02-08 17:31:44.230423,USD
1063,1071,1448.88,credit,2024-02-08 18:24:18.145814,USD
1064,1550,1020.43,credit,2024-02-08 19:16:52.061206,GBP
1065,1153,1003.23,credit,2024-02-08 20:09:25.976597,USD
1066,1249,229.18,debit,2024-02-08 21:01:59.891989,GBP
1067,1673,785.14,debit,2024-02-08 21:54:33.807380,EUR
1068,1437,489.72,debit,2024-02-08 22:47:07.722772,GBP
1069,1117,41.23,credit,2024-02-08 23:39:41.638163,GBP
1070,1770,726.6,credit,2024-02-09 00:32:15.553555,EUR
1071,1890,188.75,credit,2024-02-09 01:24:49.468946,EUR
1072,1305,521.09,debit,2024-02-09 02:17:23.384338,EUR
1073,1267,194.11,credit,2024-02-09 03:09:57.299729,EUR
1074,1960,210.87,credit,2024-02-09 04:02:31.215121,EUR
1075,1053,406.03,credit,2024-02-09 04:55:05.130513,EUR
1076,1235,1999.7,debit,2024-02-09 05:47:39.045904,USD
1077,1388,14.35,debit,2024-02-09 06:40:12.961296,USD
1078,1989,1280.96,debit,2024-02-09 07:32:46.876687,USD
1079,1733,291.07,debit,2024-02-09 08:25:20.792079,USD
1080,1762,1842.05,credit,2024-02-09 09:17:54.707470,USD
1081,1824,196.33,credit,2024-02-09 10:10:28.622862,EUR
1082,1400,1910.58,credit,2024-02-09 11:03:02.538253,USD
1083,1623,1225.74,credit,2024-02-09 11:55:36.453645,USD
1084,1766,12.52,debit,2024-02-09 12:48:10.369036,EUR
1085,1302,1789.07,credit,2024-02-09 13:40:44.284428,GBP
1086,1918,1048.21,credit,2024-02-09 14:33:18.199819,EUR
1087,1206,532.71,credit,2024-02-09 15:25:52.115211,EUR
1088,1228,1536.89,credit,2024-02-09 16:18:26.030603,USD
1089,1852,1854.06,debit,2024-02-09 17:10:59.945994,USD
1090,1909,972.54,credit,2024-02-09 18:03:33.861386,USD
1091,1577,637.95,credit,2024-02-09 18:56:07.776777,USD
1092,1074,1580.0,credit,2024-02-09 19:48:41.692169,USD
1093,1434,1366.75,credit,2024-02-09 20:41:15.607560,GBP
1094,1102,1778.62,credit,2024-02-09 21:33:49.522952,EUR
1095,1421,1388.1,credit,2024-02-09 22:26:23.438343,USD
1096,1703,494.62,debit,2024-02-09 23:18:57.353735,USD
1097,1763,1864.0,credit,2024-02-10 00:11:31.269126,USD
1098,1737,218.62,credit,2024-02-10 01:04:05.184518,USD
1099,1805,543.21,debit,2024-02-10 01:56:39.099909,EUR
1100,1305,1045.19,credit,2024-02-10 02:49:13.015301,USD
1101,1097,1135.83,credit,2024-02-10 03:41:46.930693,EUR
1102,1849,40.47,debit,2024-02-10 04:34:20.846084,EUR
1103,1797,1563.34,debit,2024-02-10 05:26:54.761476,USD
1104,1334,729.6,debit,2024-02-10 06:19:28.676867,EUR
1105,1858,,credit,2024-02-10 07:12:02.592259,USD
1106,1434,1620.65,credit,2024-02-10 08:04:36.507650,USD
1107,1446,764.77,credit,2024-02-10 08:57:10.423042,USD
1108,1993,103.98,credit,2024-02-10 09:49:44.338433,USD
1109,1307,361.12,debit,2024-02-10 10:42:18.253825,USD
1110,1248,1912.25,credit,2024-02-10 11:34:52.169216,USD
1111,1165,,credit,2024-02-10 12:27:26.084608,USD
1112,1480,716.31,debit,2024-02-10 13:20:00.000000,USD
1113,1983,1011.33,debit,2024-02-10 14:12:33.915391,EUR
1114,1334,991.63,debit,2024-02-10 15:05:07.830783,USD
1115,1541,17.88,debit,2024-02-10 15:57:41.746174,EUR
1116,1758,1007.31,credit,2024-02-10 16:50:15.661566,USD
1117,1105,773.71,debit,2024-02-10 17:42:49.576957,EUR
1118,1562,1944.44,credit,2024-02-10 18:35:23.492349,USD
1119,1080,326.73,credit,2024-02-10 19:27:57.407740,USD
1120,1132,714.77,debit,2024-02-10 20:20:31.323132,USD
1121,1796,844.77,debit,2024-02-10 21:13:05.238523,USD
1122,1899,787.48,debit,2024-02-10 22:05:39.153915,USD
1123,1137,1335.0,debit,2024-02-10 22:58:13.069306,EUR
1124,1183,438.87,debit,2024-02-10 23:50:46.984698,GBP
1125,1400,449.93,credit,2024-02-11 00:43:20.900090,USD
1126,1329,1461.13,debit,2024-02-11 01:35:54.815481,USD
1127,1784,1005.58,debit,2024-02-11 02:28:28.730873,USD
1128,1507,836.16,debit,2024-02-11 03:21:02.646264,GBP
1129,1851,346.71,credit,2024-02-11 04:13:36.561656,USD
1130,1983,383.18,credit,2024-02-11 05:06:10.477047,USD
1131,1068,31.0,debit,2024-02-11 05:58:44.392439,USD
1132,1545,191.94,credit,2024-02-11 06:51:18.307830,USD
1133,1773,1118.11,credit,2024-02-11 07:43:52.223222,USD
1134,1052,1784.83,credit,2024-02-11 08:36:26.138613,USD
1135,1449,581.46,credit,2024-02-11 09:29:00.054005,USD
1136,1204,662.22,debit,2024-02-11 10:21:33.969396,USD
1137,1125,240.06,credit,2024-02-11 11:14:07.884788,EUR
1138,1746,783.38,debit,2024-02-11 12:06:41.800180,GBP
1139,1042,84.07,credit,2024-02-11 12:59:15.715571,USD
1140,1751,1836.03,credit,2024-02-11 13:51:49.630963,USD
1141,1970,1349.49,credit,2024-02-11 14:44:23.546354,USD
1142,1882,,debit,2024-02-11 15:36:57.461746,USD
1143,1110,1766.82,credit,2024-02-11 16:29:31.377137,USD
1144,1760,951.25,debit,2024-02-11 17:22:05.292529,USD
1145,1662,1044.17,debit,2024-02-11 18:14:39.207920,USD
1146,1182,389.25,debit,2024-02-11 19:07:13.123312,USD
1147,1847,929.46,debit,2024-02-11 19:59:47.038703,USD
1148,1094,1807.03,credit,2024-02-11 20:52:20.954095,USD
1149,1970,111.2,credit,2024-02-11 21:44:54.869486,EUR
1150,1373,1728.48,credit,2024-02-11 22:37:28.784878,EUR
1151,1911,688.49,credit,2024-02-11 23:30:02.700270,GBP
1152,1519,1800.03,debit,2024-02-12 00:22:36.615661,EUR
1153,1899,1882.35,debit,2024-02-12 01:15:10.531053,USD
1154,1359,1345.02,credit,2024-02-12 02:07:44.446444,EUR
1155,1899,1332.2,credit,2024-02-12 03:00:18.361836,USD
1156,1695,910.98,debit,2024-02-12 03:52:52.277227,USD
1157,1280,1672.73,credit,2024-02-12 04:45:26.192619,USD
1158,1194,1923.61,debit,2024-02-12 05:38:00.108010,USD
1159,1863,1552.41,credit,2024-02-12 06:30:34.023402,GBP
1160,1194,1247.65,credit,2024-02-12 07:23:07.938793,EUR
1161,1666,1217.52,debit,2024-02-12 08:15:41.854185,USD
1162,1092,1700.45,credit,2024-02-12 09:08:15.769576,USD
1163,1671,1087.0,debit,2024-02-12 10:00:49.684968,EUR
1164,1945,1609.68,debit,2024-02-12 10:53:23.600360,USD
1165,1060,1022.68,debit,2024-02-12 11:45:57.515751,USD
1166,1633,134.26,debit,2024-02-12 12:38:31.431143,USD
1167,1050,774.05,credit,2024-02-12 13:31:05.346534,EUR
1168,1402,894.44,debit,2024-02-12 14:23:39.261926,USD
1169,1788,291.82,debit,2024-02-12 15:16:13.177317,EUR
1170,1004,213.97,debit,2024-02-12 16:08:47.092709,EUR
1171,1465,1075.58,debit,2024-02-12 17:01:21.008100,USD
1172,1603,179.44,debit,2024-02-12 17:53:54.923492,USD
1173,1681,612.86,credit,2024-02-12 18:46:28.838883,USD
1174,1828,1491.75,debit,2024-02-12 19:39:02.754275,USD
1175,1533,1929.22,debit,2024-02-12 20:31:36.669666,USD
1176,1404,1438.56,debit,2024-02-12 21:24:10.585058,USD
1177,1837,1985.32,credit,2024-02-12 22:16:44.500450,USD
1178,1512,1399.69,debit,2024-02-12 23:09:18.415841,USD
1179,1644,594.65,credit,2024-02-13 00:01:52.331233,USD
1180,1232,1347.38,credit,2024-02-13 00:54:26.246624,USD
1181,1523,1407.29,debit,2024-02-13 01:47:00.162016,USD
1182,1345,749.74,debit,2024-02-13 02:39:34.077407,EUR
1183,1045,45.25,credit,2024-02-13 03:32:07.992799,USD
1184,1545,1409.37,debit,2024-02-13 04:24:41.908190,USD
1185,1944,53.18,credit,2024-02-13 05:17:15.823582,USD
1186,1077,1266.06,credit,2024-02-13 06:09:49.738973,EUR
1187,1729,335.6,credit,2024-02-13 07:02:23.654365,USD
1188,1812,1135.55,debit,2024-02-13 07:54:57.569756,GBP
1189,1922,1012.79,credit,2024-02-13 08:47:31.485148,EUR
1190,1072,36.89,credit,2024-02-13 09:40:05.400540,USD
1191,1793,732.1,debit,2024-02-13 10:32:39.315931,USD
1192,1248,1206.17,credit,2024-02-13 11:25:13.231323,USD
1193,1046,1698.73,debit,2024-02-13 12:17:47.146714,USD
1194,1120,1778.4,debit,2024-02-13 13:10:21.062106,USD
1195,1213,972.86,debit,2024-02-13 14:02:54.977497,USD
1196,1238,1459.56,credit,2024-02-13 14:55:28.892889,GBP
1197,1055,639.74,credit,2024-02-13 15:48:02.808280,USD
1198,1349,690.95,debit,2024-02-13 16:40:36.723672,USD
1199,1106,396.98,credit,2024-02-13 17:33:10.639063,USD
1200,1830,1128.28,credit,2024-02-13 18:25:44.554455,USD
1201,1047,635.98,credit,2024-02-13 19:18:18.469846,EUR
1202,1572,177.9,credit,2024-02-13 20:10:52.385238,USD
1203,1336,1373.16,debit,2024-02-13 21:03:26.300630,EUR
1204,1025,1418.43,debit,2024-02-13 21:56:00.216021,USD
1205,1803,726.38,credit,2024-02-13 22:48:34.131413,EUR
1206,1256,162.68,credit,2024-02-13 23:41:08.046804,USD
1207,1007,858.33,debit,2024-02-14 00:33:41.962196,EUR
1208,1624,890.25,credit,2024-02-14 01:26:15.877587,EUR
1209,1866,1340.66,debit,2024-02-14 02:18:49.792979,EUR
1210,1252,637.68,credit,2024-02-14 03:11:23.708370,USD
1211,1691,1368.37,debit,2024-02-14 04:03:57.623762,USD
1212,1718,1744.26,debit,2024-02-14 04:56:31.539153,USD
1213,1302,482.6,credit,2024-02-14 05:49:05.454545,GBP
1214,1638,1958.05,credit,2024-02-14 06:41:39.369936,USD
1215,1055,778.87,credit,2024-02-14 07:34:13.285328,EUR
1216,1725,541.84,debit,2024-02-14 08:26:47.200720,USD
1217,1525,848.81,credit,2024-02-14 09:19:21.116111,USD
1218,1473,197.85,debit,2024-02-14 10:11:55.031503,USD
1219,1027,260.15,credit,2024-02-14 11:04:28.946894,USD
1220,1982,834.72,debit,2024-02-14 11:57:02.862286,USD
1221,1077,1527.26,debit,2024-02-14 12:49:36.777677,USD
1222,1215,1801.62,credit,2024-02-14 13:42:10.693069,USD
1223,1385,1332.99,credit,2024-02-14 14:34:44.608460,EUR
1224,1364,219.39,credit,2024-02-14 15:27:18.523852,USD
1225,1665,1347.32,debit,2024-02-14 16:19:52.439243,EUR
1226,1525,1274.5,credit,2024-02-14 17:12:26.354635,USD
1227,1698,1613.47,credit,2024-02-14 18:05:00.270027,EUR
1228,1311,1652.24,debit,2024-02-14 18:57:34.185418,USD
1229,1882,1737.72,credit,2024-02-14 19:50:08.100810,USD
1230,1006,834.12,debit,2024-02-14 20:42:42.016201,USD
1231,1002,1398.75,credit,2024-02-14 21:35:15.931593,USD
1232,1622,543.82,credit,2024-02-14 22:27:49.846984,USD
1233,1918,1998.68,credit,2024-02-14 23:20:23.762376,EUR
1234,1749,358.92,debit,2024-02-15 00:12:57.677767,EUR
1235,1362,30.13,credit,2024-02-15 01:05:31.593159,USD
1236,1750,306.13,debit,2024-02-15 01:58:05.508550,EUR
1237,1507,1553.99,credit,2024-02-15 02:50:39.423942,USD
1238,1273,899.1,credit,2024-02-15 03:43:13.339333,USD
1239,1505,900.53,debit,2024-02-15 04:35:47.254725,USD
1240,1805,1910.5,credit,2024-02-15 05:28:21.170117,EUR
1241,1738,1840.07,credit,2024-02-15 06:20:55.085508,USD
1242,1882,629.28,credit,2024-02-15 07:13:29.000900,GBP
1243,1014,426.03,debit,2024-02-15 08:06:02.916291,USD
1244,1191,1698.48,debit,2024-02-15 08:58:36.831683,EUR
1245,1984,1812.98,credit,2024-02-15 09:51:10.747074,EUR
1246,1630,1087.78,credit,2024-02-15 10:43:44.662466,EUR
1247,1484,,debit,2024-02-15 11:36:18.577857,USD
1248,1027,521.26,debit,2024-02-15 12:28:52.493249,USD
1249,1713,1603.6,credit,2024-02-15 13:21:26.408640,USD
1250,1038,1267.92,debit,2024-02-15 14:14:00.324032,USD
1251,1952,1011.99,credit,2024-02-15 15:06:34.239423,EUR
1252,1272,129.62,credit,2024-02-15 15:59:08.154815,USD
1253,1230,1832.71,credit,2024-02-15 16:51:42.070207,USD
1254,1085,1234.75,credit,2024-02-15 17:44:15.985598,USD
1255,1473,393.46,credit,2024-02-15 18:36:49.900990,USD
1256,1125,1216.71,debit,2024-02-15 19:29:23.816381,EUR
1257,1811,1358.15,credit,2024-02-15 20:21:57.731773,USD
1258,1536,1056.28,credit,2024-02-15 21:14:31.647164,EUR
1259,1144,1439.02,credit,2024-02-15 22:07:05.562556,USD
1260,1524,1167.09,debit,2024-02-15 22:59:39.477947,USD
1261,1211,1896.06,debit,2024-02-15 23:52:13.393339,USD
1262,1024,116.86,credit,2024-02-16 00:44:47.308730,USD
1263,1579,221.43,credit,2024-02-16 01:37:21.224122,USD
1264,1393,355.61,credit,2024-02-16 02:29:55.139513,EUR
1265,1066,1383.44,credit,2024-02-16 03:22:29.054905,USD
1266,1232,1294.74,credit,2024-02-16 04:15:02.970297,USD
1267,1108,1785.2,credit,2024-02-16 05:07:36.885688,EUR
1268,1145,1468.43,debit,2024-02-16 06:00:10.801080,USD
1269,1110,1021.63,credit,2024-02-16 06:52:44.716471,EUR
1270,1227,1983.75,credit,2024-02-16 07:45:18.631863,USD
1271,1110,539.55,credit,2024-02-16 08:37:52.547254,USD
1272,1469,1668.05,debit,2024-02-16 09:30:26.462646,USD
1273,1033,859.31,credit,2024-02-16 10:23:00.378037,USD
1274,1622,1300.98,credit,2024-02-16 11:15:34.293429,USD
1275,1775,1457.26,debit,2024-02-16 12:08:08.208820,USD
1276,1935,1271.17,credit,2024-02-16 13:00:42.124212,EUR
1277,1368,289.61,credit,2024-02-16 13:53:16.039603,USD
1278,1747,891.47,credit,2024-02-16 14:45:49.954995,USD
1279,1594,1127.26,debit,2024-02-16 15:38:23.870387,USD
1280,1553,1699.6,credit,2024-02-16 16:30:57.785778,USD
1281,1424,892.86,debit,2024-02-16 17:23:31.701170,USD
1282,1612,1838.31,credit,2024-02-16 18:16:05.616561,USD
1283,1517,886.34,credit,2024-02-16 19:08:39.531953,GBP
1284,1691,1102.07,debit,2024-02-16 20:01:13.447344,USD
1285,1281,1594.61,credit,2024-02-16 20:53:47.362736,USD
1286,1319,1170.3,credit,2024-02-16 21:46:21.278127,USD
1287,1737,1920.83,credit,2024-02-16 22:38:55.193519,USD
1288,1442,1324.07,debit,2024-02-16 23:31:29.108910,USD
1289,1951,1050.19,credit,2024-02-17 00:24:03.024302,USD
1290,1314,56.95,credit,2024-02-17 01:16:36.939693,USD
1291,1876,833.33,credit,2024-02-17 02:09:10.855085,USD
1292,1965,605.5,credit,2024-02-17 03:01:44.770477,EUR
1293,1740,1498.73,credit,2024-02-17 03:54:18.685868,USD
1294,1376,424.47,credit,2024-02-17 04:46:52.601260,GBP
1295,1288,418.39,credit,2024-02-17 05:39:26.516651,USD
1296,1436,387.14,debit,2024-02-17 06:32:00.432043,EUR
1297,1661,259.98,credit,2024-02-17 07:24:34.347434,EUR
1298,1276,628.9,credit,2024-02-17 08:17:08.262826,EUR
1299,1709,1772.99,debit,2024-02-17 09:09:42.178217,USD
1300,1581,1552.11,debit,2024-02-17 10:02:16.093609,USD
1301,1502,1473.15,debit,2024-02-17 10:54:50.009000,USD
1302,1623,1596.7,credit,2024-02-17 11:47:23.924392,USD
1303,1515,546.14,debit,2024-02-17 12:39:57.839783,USD
1304,1349,1776.01,debit,2024-02-17 13:32:31.755175,USD
1305,1842,283.23,credit,2024-02-17 14:25:05.670567,USD
1306,1445,679.33,credit,2024-02-17 15:17:39.585958,USD
1307,1829,1177.63,credit,2024-02-17 16:10:13.501350,USD
1308,1349,214.78,debit,2024-02-17 17:02:47.416741,USD
1309,1606,1462.96,credit,2024-02-17 17:55:21.332133,USD
1310,1663,780.62,credit,2024-02-17 18:47:55.247524,USD
1311,1822,1570.97,credit,2024-02-17 19:40:29.162916,EUR
1312,1136,990.86,debit,2024-02-17 20:33:03.078307,USD
1313,1758,369.94,credit,2024-02-17 21:25:36.993699,GBP
1314,1898,1472.18,debit,2024-02-17 22:18:10.909090,USD
1315,1242,511.77,debit,2024-02-17 23:10:44.824482,EUR
1316,1542,986.71,credit,2024-02-18 00:03:18.739873,USD
1317,1039,160.31,credit,2024-02-18 00:55:52.655265,GBP
1318,1228,1239.55,credit,2024-02-18 01:48:26.570657,USD
1319,1547,1335.06,debit,2024-02-18 02:41:00.486048,EUR
1320,1919,763.56,debit,2024-02-18 03:33:34.401440,USD
1321,1222,1909.3,debit,2024-02-18 04:26:08.316831,USD
1322,1005,1749.6,credit,2024-02-18 05:18:42.232223,USD
1323,1321,1418.8,credit,2024-02-18 06:11:16.147614,USD
1324,1467,1430.17,credit,2024-02-18 07:03:50.063006,USD
1325,1731,512.28,credit,2024-02-18 07:56:23.978397,GBP
1326,1074,1317.06,debit,2024-02-18 08:48:57.893789,USD
1327,1003,404.43,credit,2024-02-18 09:41:31.809180,USD
1328,1846,296.57,credit,2024-02-18 10:34:05.724572,USD
1329,1645,1998.94,credit,2024-02-18 11:26:39.639963,USD
1330,1117,1248.53,credit,2024-02-18 12:19:13.555355,USD
1331,1880,867.67,credit,2024-02-18 13:11:47.470747,EUR
1332,1605,583.45,credit,2024-02-18 14:04:21.386138,USD
1333,1503,1211.8,debit,2024-02-18 14:56:55.301530,USD
1334,1997,108.69,credit,2024-02-18 15:49:29.216921,USD
1335,1946,198.42,debit,2024-02-18 16:42:03.132313,USD
1336,1573,75.38,credit,2024-02-18 17:34:37.047704,USD
1337,1440,1003.35,debit,2024-02-18 18:27:10.963096,USD
1338,1193,1205.21,credit,2024-02-18 19:19:44.878487,USD
1339,1846,134.33,debit,2024-02-18 20:12:18.793879,GBP
1340,1714,1445.24,debit,2024-02-18 21:04:52.709270,USD
1341,1391,468.49,credit,2024-02-18 21:57:26.624662,EUR
1342,1025,1373.55,credit,2024-02-18 22:50:00.540054,USD
1343,1434,1963.98,credit,2024-02-18 23:42:34.455445,USD
1344,1172,1385.3,debit,2024-02-19 00:35:08.370837,USD
1345,1299,1767.55,credit,2024-02-19 01:27:42.286228,USD
1346,1644,1896.92,credit,2024-02-19 02:20:16.201620,USD
1347,1325,978.63,credit,2024-02-19 03:12:50.117011,USD
1348,1409,1407.63,debit,2024-02-19 04:05:24.032403,GBP
1349,1117,1705.42,debit,2024-02-19 04:57:57.947794,USD
1350,1835,719.65,credit,2024-02-19 05:50:31.863186,EUR
1351,1786,530.18,credit,2024-02-19 06:43:05.778577,USD
1352,1723,1893.73,debit,2024-02-19 07:35:39.693969,USD
1353,1224,1455.34,debit,2024-02-19 08:28:13.609360,USD
1354,1531,447.17,credit,2024-02-19 09:20:47.524752,USD
1355,1112,903.68,credit,2024-02-19 10:13:21.440144,USD
1356,1139,1594.94,debit,2024-02-19 11:05:55.355535,USD
1357,1558,1098.66,credit,2024-02-19 11:58:29.270927,USD
1358,1000,1303.4,credit,2024-02-19 12:51:03.186318,USD
1359,1089,1510.0,debit,2024-02-19 13:43:37.101710,USD
1360,1653,1247.8,credit,2024-02-19 14:36:11.017101,USD
1361,1319,1084.76,debit,2024-02-19 15:28:44.932493,EUR
1362,1549,1501.73,credit,2024-02-19 16:21:18.847884,USD
1363,1804,1457.85,debit,2024-02-19 17:13:52.763276,GBP
1364,1893,1263.45,credit,2024-02-19 18:06:26.678667,USD
1365,1138,725.98,debit,2024-02-19 18:59:00.594059,USD
1366,1510,817.57,credit,2024-02-19 19:51:34.509450,USD
1367,1867,1941.17,credit,2024-02-19 20:44:08.424842,USD
1368,1844,233.65,credit,2024-02-19 21:36:42.340234,EUR
1369,1258,544.32,debit,2024-02-19 22:29:16.255625,USD
1370,1672,989.88,credit,2024-02-19 23:21:50.171017,USD
1371,1901,1675.09,credit,2024-02-20 00:14:24.086408,USD
1372,1689,335.71,credit,2024-02-20 01:06:58.001800,USD
1373,1009,561.14,credit,2024-02-20 01:59:31.917191,GBP
1374,1260,140.94,debit,2024-02-20 02:52:05.832583,EUR
1375,1918,1414.91,debit,2024-02-20 03:44:39.747974,USD
1376,1649,484.04,credit,2024-02-20 04:37:13.663366,USD
1377,1171,783.46,credit,2024-02-20 05:29:47.578757,EUR
1378,1897,892.97,debit,2024-02-20 06:22:21.494149,USD
1379,1012,1783.71,debit,2024-02-20 07:14:55.409540,EUR
1380,1167,828.55,debit,2024-02-20 08:07:29.324932,USD
1381,1641,299.0,credit,2024-02-20 09:00:03.240324,USD
1382,1595,1053.39,credit,2024-02-20 09:52:37.155715,EUR
1383,1320,1926.29,credit,2024-02-20 10:45:11.071107,USD
1384,1318,1219.29,credit,2024-02-20 11:37:44.986498,USD
1385,1612,1966.94,debit,2024-02-20 12:30:18.901890,USD
1386,1328,1683.8,credit,2024-02-20 13:22:52.817281,USD
1387,1784,81.57,credit,2024-02-20 14:15:26.732673,USD
1388,1776,1320.22,debit,2024-02-20 15:08:00.648064,USD
1389,1970,580.67,credit,2024-02-20 16:00:34.563456,USD
1390,1910,1123.64,debit,2024-02-20 16:53:08.478847,USD
1391,1919,565.9,credit,2024-02-20 17:45:42.394239,USD
1392,1549,704.25,credit,2024-02-20 18:38:16.309630,GBP
1393,1418,1847.11,credit,2024-02-20 19:30:50.225022,EUR
1394,1605,421.22,credit,2024-02-20 20:23:24.140414,USD
1395,1094,1749.48,credit,2024-02-20 21:15:58.055805,USD
1396,1816,70.61,credit,2024-02-20 22:08:31.971197,USD
1397,1580,190.84,credit,2024-02-20 23:01:05.886588,EUR
1398,1317,1710.8,debit,2024-02-20 23:53:39.801980,USD
1399,1955,1264.81,credit,2024-02-21 00:46:13.717371,EUR
1400,1235,1497.0,credit,2024-02-21 01:38:47.632763,USD
1401,1945,426.74,credit,2024-02-21 02:31:21.548154,USD
1402,1333,1078.8,credit,2024-02-21 03:23:55.463546,USD
1403,1884,1477.07,credit,2024-02-21 04:16:29.378937,USD
1404,1375,1258.36,credit,2024-02-21 05:09:03.294329,USD
1405,1458,948.68,credit,2024-02-21 06:01:37.209720,USD
1406,1136,1919.97,credit,2024-02-21 06:54:11.125112,USD
1407,1929,1355.55,credit,2024-02-21 07:46:45.040504,USD
1408,1587,1816.42,debit,2024-02-21 08:39:18.955895,USD
1409,1994,1462.24,credit,2024-02-21 09:31:52.871287,USD
1410,1546,1473.57,credit,2024-02-21 10:24:26.786678,EUR
1411,1512,169.24,debit,2024-02-21 11:17:00.702070,USD
1412,1295,725.33,debit,2024-02-21 12:09:34.617461,EUR
1413,1319,1718.16,debit,2024-02-21 13:02:08.532853,USD
1414,1917,472.88,credit,2024-02-21 13:54:42.448244,USD
1415,1571,239.86,debit,2024-02-21 14:47:16.363636,USD
1416,1831,658.95,debit,2024-02-21 15:39:50.279027,GBP
1417,1348,448.67,debit,2024-02-21 16:32:24.194419,USD
1418,1839,1851.32,credit,2024-02-21 17:24:58.109810,USD
1419,1778,1737.25,credit,2024-02-21 18:17:32.025202,GBP
1420,1872,1004.37,debit,2024-02-21 19:10:05.940594,USD
1421,1228,132.07,credit,2024-02-21 20:02:39.855985,USD
1422,1269,1431.98,credit,2024-02-21 20:55:13.771377,USD
1423,1827,1250.59,credit,2024-02-21 21:47:47.686768,EUR
1424,1797,1941.4,credit,2024-02-21 22:40:21.602160,USD
1425,1290,1122.32,credit,2024-02-21 23:32:55.517551,EUR
1426,1724,679.42,credit,2024-02-22 00:25:29.432943,USD
1427,1164,1042.85,debit,2024-02-22 01:18:03.348334,EUR
1428,1004,1958.73,credit,2024-02-22 02:10:37.263726,USD
1429,1850,1395.76,credit,2024-02-22 03:03:11.179117,USD
1430,1378,1347.23,debit,2024-02-22 03:55:45.094509,USD
1431,1077,488.96,credit,2024-02-22 04:48:19.009900,EUR
1432,1409,1489.77,credit,2024-02-22 05:40:52.925292,USD
1433,1573,1503.04,credit,2024-02-22 06:33:26.840684,USD
1434,1131,641.41,credit,2024-02-22 07:26:00.756075,USD
1435,1600,972.59,credit,2024-02-22 08:18:34.671467,USD
1436,1748,596.26,debit,2024-02-22 09:11:08.586858,GBP
1437,1041,524.82,debit,2024-02-22 10:03:42.502250,USD
1438,1088,61.53,debit,2024-02-22 10:56:16.417641,USD
1439,1401,577.57,credit,2024-02-22 11:48:50.333033,USD
1440,1295,1112.4,credit,2024-02-22 12:41:24.248424,EUR
1441,1839,13.19,credit,2024-02-22 13:33:58.163816,EUR
1442,1294,573.61,credit,2024-02-22 14:26:32.079207,GBP
1443,1615,1764.01,credit,2024-02-22 15:19:05.994599,USD
1444,1525,1191.36,debit,2024-02-22 16:11:39.909990,EUR
1445,1799,1219.65,credit,2024-02-22 17:04:13.825382,USD
1446,1690,812.69,credit,2024-02-22 17:56:47.740774,USD
1447,1636,1356.18,credit,2024-02-22 18:49:21.656165,EUR
1448,1421,,credit,2024-02-22 19:41:55.571557,USD
1449,1864,1639.31,debit,2024-02-22 20:34:29.486948,EUR
1450,1022,242.21,debit,2024-02-22 21:27:03.402340,USD
1451,1574,1315.44,credit,2024-02-22 22:19:37.317731,USD
1452,1142,688.89,credit,2024-02-22 23:12:11.233123,USD
1453,1992,1497.55,debit,2024-02-23 00:04:45.148514,USD
1454,1664,1104.03,debit,2024-02-23 00:57:19.063906,USD
1455,1144,910.18,debit,2024-02-23 01:49:52.979297,USD
1456,1224,347.15,credit,2024-02-23 02:42:26.894689,EUR
1457,1502,1277.27,credit,2024-02-23 03:35:00.810081,GBP
1458,1961,1949.79,credit,2024-02-23 04:27:34.725472,USD
1459,1973,1652.95,credit,2024-02-23 05:20:08.640864,USD
1460,1820,129.42,debit,2024-02-23 06:12:42.556255,USD
1461,1615,758.7,credit,2024-02-23 07:05:16.471647,USD
1462,1103,1851.91,credit,2024-02-23 07:57:50.387038,USD
1463,1946,1011.06,credit,2024-02-23 08:50:24.302430,USD
1464,1038,1327.6,debit,2024-02-23 09:42:58.217821,USD
1465,1946,1826.07,credit,2024-02-23 10:35:32.133213,EUR
1466,1197,1748.85,credit,2024-02-23 11:28:06.048604,USD
1467,1645,1008.62,debit,2024-02-23 12:20:39.963996,USD
1468,1578,880.92,credit,2024-02-23 13:13:13.879387,USD
1469,1390,685.99,credit,2024-02-23 14:05:47.794779,USD
1470,1178,1440.85,credit,2024-02-23 14:58:21.710171,USD
1471,1967,581.1,debit,2024-02-23 15:50:55.625562,USD
1472,1553,507.28,debit,2024-02-23 16:43:29.540954,USD
1473,1447,718.94,debit,2024-02-23 17:36:03.456345,USD
1474,1499,362.66,debit,2024-02-23 18:28:37.371737,USD
1475,1014,1393.29,debit,2024-02-23 19:21:11.287128,USD
1476,1622,1236.32,debit,2024-02-23 20:13:45.202520,EUR
1477,1668,970.93,credit,2024-02-23 21:06:19.117911,USD
1478,1288,786.75,debit,2024-02-23 21:58:53.033303,USD
1479,1477,1819.03,credit,2024-02-23 22:51:26.948694,EUR
1480,1230,67.96,debit,2024-02-23 23:44:00.864086,USD
1481,1922,1540.52,debit,2024-02-24 00:36:34.779477,USD
1482,1419,1804.8,credit,2024-02-24 01:29:08.694869,USD
1483,1156,898.25,credit,2024-02-24 02:21:42.610261,USD
1484,1549,1105.87,credit,2024-02-24 03:14:16.525652,USD
1485,1440,,credit,2024-02-24 04:06:50.441044,USD
1486,1096,432.43,credit,2024-02-24 04:59:24.356435,EUR
1487,1996,1045.07,credit,2024-02-24 05:51:58.271827,USD
1488,1410,954.7,credit,2024-02-24 06:44:32.187218,USD
1489,1950,524.2,debit,2024-02-24 07:37:06.102610,USD
1490,1288,1639.0,credit,2024-02-24 08:29:40.018001,USD
1491,1253,1800.21,credit,2024-02-24 09:22:13.933393,USD
1492,1195,1566.05,credit,2024-02-24 10:14:47.848784,EUR
1493,1597,398.76,debit,2024-02-24 11:07:21.764176,USD
1494,1833,182.63,credit,2024-02-24 11:59:55.679567,USD
1495,1521,1214.83,credit,2024-02-24 12:52:29.594959,USD
1496,1516,123.62,credit,2024-02-24 13:45:03.510351,USD
1497,1634,1348.92,credit,2024-02-24 14:37:37.425742,EUR
1498,1841,1065.54,credit,2024-02-24 15:30:11.341134,USD
1499,1864,1328.94,credit,2024-02-24 16:22:45.256525,USD
1500,1117,1184.44,credit,2024-02-24 17:15:19.171917,GBP
1501,1805,851.18,debit,2024-02-24 18:07:53.087308,USD
1502,1908,409.75,debit,2024-02-24 19:00:27.002700,USD
1503,1158,618.35,credit,2024-02-24 19:53:00.918091,EUR
1504,1814,1053.76,debit,2024-02-24 20:45:34.833483,EUR
1505,1227,1307.22,credit,2024-02-24 21:38:08.748874,USD
1506,1876,1561.17,credit,2024-02-24 22:30:42.664266,USD
1507,1215,1536.67,credit,2024-02-24 23:23:16.579657,USD
1508,1947,1945.65,credit,2024-02-25 00:15:50.495049,USD
1509,1695,578.82,credit,2024-02-25 01:08:24.410441,USD
1510,1014,151.51,debit,2024-02-25 02:00:58.325832,EUR
1511,1156,697.86,debit,2024-02-25 02:53:32.241224,USD
1512,1647,1489.16,credit,2024-02-25 03:46:06.156615,USD
1513,1260,881.84,credit,2024-02-25 04:38:40.072007,USD
1514,1156,1637.4,credit,2024-02-25 05:31:13.987398,USD
1515,1046,1103.16,credit,2024-02-25 06:23:47.902790,USD
1516,1323,1860.29,credit,2024-02-25 07:16:21.818181,GBP
1517,1843,1896.25,debit,2024-02-25 08:08:55.733573,USD
1518,1684,147.92,credit,2024-02-25 09:01:29.648964,USD
1519,1129,918.26,debit,2024-02-25 09:54:03.564356,USD
1520,1410,1223.28,credit,2024-02-25 10:46:37.479747,EUR
1521,1094,519.19,debit,2024-02-25 11:39:11.395139,EUR
1522,1626,820.08,debit,2024-02-25 12:31:45.310531,EUR
1523,1754,1358.59,debit,2024-02-25 13:24:19.225922,USD
1524,1931,461.2,debit,2024-02-25 14:16:53.141314,EUR
1525,1291,1207.94,credit,2024-02-25 15:09:27.056705,USD
1526,1793,1397.92,credit,2024-02-25 16:02:00.972097,USD
1527,1810,190.09,debit,2024-02-25 16:54:34.887488,GBP
1528,1282,1000.08,credit,2024-02-25 17:47:08.802880,EUR
1529,1068,533.53,debit,2024-02-25 18:39:42.718271,EUR
1530,1659,1451.53,credit,2024-02-25 19:32:16.633663,USD
1531,1010,387.22,credit,2024-02-25 20:24:50.549054,USD
1532,1253,1785.55,credit,2024-02-25 21:17:24.464446,GBP
1533,1841,867.57,debit,2024-02-25 22:09:58.379837,USD
1534,1871,404.03,debit,2024-02-25 23:02:32.295229,USD
1535,1549,881.66,credit,2024-02-25 23:55:06.210621,EUR
1536,1133,823.4,credit,2024-02-26 00:47:40.126012,USD
1537,1711,863.55,debit,2024-02-26 01:40:14.041404,EUR
1538,1022,1175.27,debit,2024-02-26 02:32:47.956795,EUR
1539,1814,1047.14,credit,2024-02-26 03:25:21.872187,USD
1540,1345,308.06,debit,2024-02-26 04:17:55.787578,USD
1541,1301,140.5,credit,2024-02-26 05:10:29.702970,USD
1542,1362,1461.54,credit,2024-02-26 06:03:03.618361,EUR
1543,1395,1123.84,credit,2024-02-26 06:55:37.533753,USD
1544,1217,724.41,debit,2024-02-26 07:48:11.449144,USD
1545,1140,1618.63,debit,2024-02-26 08:40:45.364536,USD
1546,1615,782.24,debit,2024-02-26 09:33:19.279927,USD
1547,1957,1593.97,debit,2024-02-26 10:25:53.195319,USD
1548,1209,618.45,credit,2024-02-26 11:18:27.110711,EUR
1549,1984,154.96,debit,2024-02-26 12:11:01.026102,GBP
1550,1992,1865.95,credit,2024-02-26 13:03:34.941494,USD
1551,1622,795.16,debit,2024-02-26 13:56:08.856885,USD
1552,1615,1587.46,credit,2024-02-26 14:48:42.772277,USD
1553,1827,565.5,debit,2024-02-26 15:41:16.687668,USD
1554,1682,1296.27,debit,2024-02-26 16:33:50.603060,USD
1555,1459,1747.89,debit,2024-02-26 17:26:24.518451,GBP
1556,1355,92.87,debit,2024-02-26 18:18:58.433843,USD
1557,1323,1662.97,credit,2024-02-26 19:11:32.349234,USD
1558,1132,1146.95,debit,2024-02-26 20:04:06.264626,USD
1559,1887,1218.87,credit,2024-02-26 20:56:40.180018,EUR
1560,1804,1051.08,debit,2024-02-26 21:49:14.095409,USD
1561,1839,1750.21,debit,2024-02-26 22:41:48.010801,USD
1562,1126,96.43,credit,2024-02-26 23:34:21.926192,USD
1563,1105,529.45,debit,2024-02-27 00:26:55.841584,USD
1564,1603,1752.77,credit,2024-02-27 01:19:29.756975,USD
1565,1798,1507.17,debit,2024-02-27 02:12:03.672367,USD
1566,1377,45.11,debit,2024-02-27 03:04:37.587758,USD
1567,1904,1038.84,credit,2024-02-27 03:57:11.503150,GBP
1568,1050,1063.85,credit,2024-02-27 04:49:45.418541,EUR
1569,1028,807.76,credit,2024-02-27 05:42:19.333933,USD
1570,1461,601.81,debit,2024-02-27 06:34:53.249324,GBP
1571,1295,1366.63,debit,2024-02-27 07:27:27.164716,USD
1572,1296,423.5,credit,2024-02-27 08:20:01.080108,EUR
1573,1725,1599.91,debit,2024-02-27 09:12:34.995499,USD
1574,1778,1608.04,credit,2024-02-27 10:05:08.910891,USD
1575,1406,836.37,credit,2024-02-27 10:57:42.826282,USD
1576,1768,574.26,credit,2024-02-27 11:50:16.741674,USD
1577,1813,574.92,credit,2024-02-27 12:42:50.657065,USD
1578,1612,969.76,credit,2024-02-27 13:35:24.572457,USD
1579,1404,1441.96,credit,2024-02-27 14:27:58.487848,USD
1580,1345,724.15,credit,2024-02-27 15:20:32.403240,EUR
1581,1621,1223.99,debit,2024-02-27 16:13:06.318631,USD
1582,1419,771.14,credit,2024-02-27 17:05:40.234023,EUR
1583,1181,616.0,credit,2024-02-27 17:58:14.149414,EUR
1584,1982,59.47,credit,2024-02-27 18:50:48.064806,USD
1585,1824,17.79,credit,2024-02-27 19:43:21.980198,USD
1586,1000,462.14,credit,2024-02-27 20:35:55.895589,USD
1587,1830,818.75,credit,2024-02-27 21:28:29.810981,GBP
1588,1949,1704.01,debit,2024-02-27 22:21:03.726372,USD
1589,1566,1598.98,debit,2024-02-27 23:13:37.641764,EUR
1590,1370,541.66,credit,2024-02-28 00:06:11.557155,EUR
1591,1935,496.64,credit,2024-02-28 00:58:45.472547,GBP
1592,1910,462.37,credit,2024-02-28 01:51:19.387938,USD
1593,1660,685.08,credit,2024-02-28 02:43:53.303330,USD
1594,1430,1001.42,debit,2024-02-28 03:36:27.218721,EUR
1595,1968,882.95,debit,2024-02-28 04:29:01.134113,EUR
1596,1308,444.36,debit,2024-02-28 05:21:35.049504,USD
1597,1136,269.6,credit,2024-02-28 06:14:08.964896,USD
1598,1201,35.03,debit,2024-02-28 07:06:42.880288,USD
1599,1435,316.39,credit,2024-02-28 07:59:16.795679,USD
1600,1312,1413.66,credit,2024-02-28 08:51:50.711071,EUR
1601,1116,494.84,credit,2024-02-28 09:44:24.626462,USD
1602,1665,942.52,debit,2024-02-28 10:36:58.541854,USD
1603,1936,1186.69,debit,2024-02-28 11:29:32.457245,USD
1604,1802,1774.81,credit,2024-02-28 12:22:06.372637,EUR
1605,1574,1778.82,credit,2024-02-28 13:14:40.288028,USD
1606,1243,1494.01,debit,2024-02-28 14:07:14.203420,USD
1607,1536,79.96,debit,2024-02-28 14:59:48.118811,USD
1608,1601,1154.39,credit,2024-02-28 15:52:22.034203,USD
1609,1074,1575.3,debit,2024-02-28 16:44:55.949594,USD
1610,1805,44.4,credit,2024-02-28 17:37:29.864986,USD
1611,1385,1103.87,debit,2024-02-28 18:30:03.780378,USD
1612,1902,1716.95,credit,2024-02-28 19:22:37.695769,USD
1613,1209,953.46,credit,2024-02-28 20:15:11.611161,GBP
1614,1474,18.17,debit,2024-02-28 21:07:45.526552,USD
1615,1417,31.92,debit,2024-02-28 22:00:19.441944,USD
1616,1346,839.11,credit,2024-02-28 22:52:53.357335,USD
1617,1528,,credit,2024-02-28 23:45:27.272727,USD
1618,1639,1332.26,credit,2024-02-29 00:38:01.188118,USD
1619,1938,1420.51,credit,2024-02-29 01:30:35.103510,EUR
1620,1954,363.98,debit,2024-02-29 02:23:09.018901,USD
1621,1875,1778.18,credit,2024-02-29 03:15:42.934293,GBP
1622,1762,889.4,debit,2024-02-29 04:08:16.849684,USD
1623,1178,294.26,credit,2024-02-29 05:00:50.765076,USD
1624,1181,1530.86,debit,2024-02-29 05:53:24.680468,GBP
1625,1663,1582.05,credit,2024-02-29 06:45:58.595859,USD
1626,1024,1282.2,credit,2024-02-29 07:38:32.511251,USD
1627,1966,1708.4,credit,2024-02-29 08:31:06.426642,EUR
1628,1179,1477.37,debit,2024-02-29 09:23:40.342034,USD
1629,1709,1765.59,credit,2024-02-29 10:16:14.257425,USD
1630,1500,873.44,credit,2024-02-29 11:08:48.172817,USD
1631,1855,1497.72,debit,2024-02-29 12:01:22.088208,EUR
1632,1160,1999.51,debit,2024-02-29 12:53:56.003600,USD
1633,1176,1452.61,debit,2024-02-29 13:46:29.918991,USD
1634,1284,237.23,credit,2024-02-29 14:39:03.834383,GBP
1635,1062,1041.45,credit,2024-02-29 15:31:37.749774,USD
1636,1661,1178.82,debit,2024-02-29 16:24:11.665166,USD
1637,1665,356.68,credit,2024-02-29 17:16:45.580558,EUR
1638,1155,1926.15,credit,2024-02-29 18:09:19.495949,USD
1639,1881,359.4,credit,2024-02-29 19:01:53.411341,USD
1640,1468,363.34,debit,2024-02-29 19:54:27.326732,USD
1641,1048,1831.18,credit,2024-02-29 20:47:01.242124,EUR
1642,1966,935.76,debit,2024-02-29 21:39:35.157515,USD
1643,1848,135.74,credit,2024-02-29 22:32:09.072907,GBP
1644,1083,1200.39,debit,2024-02-29 23:24:42.988298,USD
1645,1360,1207.63,debit,2024-03-01 00:17:16.903690,USD
1646,1688,138.36,credit,2024-03-01 01:09:50.819081,USD
1647,1147,1945.32,credit,2024-03-01 02:02:24.734473,USD
1648,1629,1092.62,debit,2024-03-01 02:54:58.649864,USD
1649,1341,1123.99,credit,2024-03-01 03:47:32.565256,EUR
1650,1475,1045.03,debit,2024-03-01 04:40:06.480648,USD
1651,1062,1225.36,debit,2024-03-01 05:32:40.396039,USD
1652,1700,535.96,credit,2024-03-01 06:25:14.311431,GBP
1653,1359,581.61,credit,2024-03-01 07:17:48.226822,USD
1654,1560,1027.56,credit,2024-03-01 08:10:22.142214,GBP
1655,1326,1615.3,debit,2024-03-01 09:02:56.057605,USD
1656,1768,109.23,credit,2024-03-01 09:55:29.972997,USD
1657,1735,1210.77,debit,2024-03-01 10:48:03.888388,EUR
1658,1140,1615.49,debit,2024-03-01 11:40:37.803780,EUR
1659,1989,322.27,credit,2024-03-01 12:33:11.719171,USD
1660,1214,39.89,credit,2024-03-01 13:25:45.634563,USD
1661,1434,632.3,credit,2024-03-01 14:18:19.549954,USD
1662,1890,1180.41,debit,2024-03-01 15:10:53.465346,USD
1663,1951,285.18,credit,2024-03-01 16:03:27.380738,EUR
1664,1722,857.98,credit,2024-03-01 16:56:01.296129,USD
1665,1317,1109.12,debit,2024-03-01 17:48:35.211521,EUR
1666,1031,1201.78,credit,2024-03-01 18:41:09.126912,USD
1667,1669,556.08,credit,2024-03-01 19:33:43.042304,USD
1668,1284,806.06,credit,2024-03-01 20:26:16.957695,EUR
1669,1304,1558.9,debit,2024-03-01 21:18:50.873087,USD
1670,1428,1883.02,credit,2024-03-01 22:11:24.788478,EUR
1671,1476,1725.14,credit,2024-03-01 23:03:58.703870,USD
1672,1285,1132.92,debit,2024-03-01 23:56:32.619261,USD
1673,1143,826.48,credit,2024-03-02 00:49:06.534653,USD
1674,1423,672.58,debit,2024-03-02 01:41:40.450045,EUR
1675,1018,258.66,credit,2024-03-02 02:34:14.365436,USD
1676,1017,222.04,credit,2024-03-02 03:26:48.280828,USD
1677,1768,1379.83,credit,2024-03-02 04:19:22.196219,USD
1678,1589,526.99,credit,2024-03-02 05:11:56.111611,USD
1679,1370,516.78,credit,2024-03-02 06:04:30.027002,USD
1680,1174,1996.41,credit,2024-03-02 06:57:03.942394,USD
1681,1193,383.97,credit,2024-03-02 07:49:37.857785,USD
1682,1501,304.64,credit,2024-03-02 08:42:11.773177,USD
1683,1987,206.38,credit,2024-03-02 09:34:45.688568,EUR
1684,1112,1163.81,credit,2024-03-02 10:27:19.603960,EUR
1685,1113,1259.45,credit,2024-03-02 11:19:53.519351,USD
1686,1221,736.8,debit,2024-03-02 12:12:27.434743,USD
1687,1677,1075.47,credit,2024-03-02 13:05:01.350135,USD
1688,1946,1578.92,credit,2024-03-02 13:57:35.265526,USD
1689,1830,1638.03,debit,2024-03-02 14:50:09.180918,GBP
1690,1643,1916.25,credit,2024-03-02 15:42:43.096309,USD
1691,1896,1650.29,credit,2024-03-02 16:35:17.011701,USD
1692,1263,1134.03,credit,2024-03-02 17:27:50.927092,EUR
1693,1924,367.52,debit,2024-03-02 18:20:24.842484,USD
1694,1054,208.53,credit,2024-03-02 19:12:58.757875,USD
1695,1870,118.48,debit,2024-03-02 20:05:32.673267,USD
1696,1642,1336.39,debit,2024-03-02 20:58:06.588658,USD
1697,1799,1617.0,credit,2024-03-02 21:50:40.504050,USD
1698,1777,1022.28,debit,2024-03-02 22:43:14.419441,USD
1699,1457,118.88,credit,2024-03-02 23:35:48.334833,USD
1700,1978,1075.59,credit,2024-03-03 00:28:22.250225,EUR
1701,1877,1872.14,credit,2024-03-03 01:20:56.165616,USD
1702,1161,1199.25,debit,2024-03-03 02:13:30.081008,USD
1703,1379,1620.76,credit,2024-03-03 03:06:03.996399,USD
1704,1992,1602.3,credit,2024-03-03 03:58:37.911791,USD
1705,1086,1864.94,debit,2024-03-03 04:51:11.827182,USD
1706,1054,1542.76,debit,2024-03-03 05:43:45.742574,USD
1707,1475,1497.92,debit,2024-03-03 06:36:19.657965,USD
1708,1799,475.86,credit,2024-03-03 07:28:53.573357,USD
1709,1177,129.25,credit,2024-03-03 08:21:27.488748,USD
1710,1390,1040.02,credit,2024-03-03 09:14:01.404140,GBP
1711,1348,257.62,debit,2024-03-03 10:06:35.319531,USD
1712,1007,1924.77,credit,2024-03-03 10:59:09.234923,EUR
1713,1832,586.95,debit,2024-03-03 11:51:43.150315,USD
1714,1312,1707.36,credit,2024-03-03 12:44:17.065706,USD
1715,1758,781.37,debit,2024-03-03 13:36:50.981098,USD
1716,1834,653.16,debit,2024-03-03 14:29:24.896489,GBP
1717,1983,1870.97,debit,2024-03-03 15:21:58.811881,EUR
1718,1982,733.01,credit,2024-03-03 16:14:32.727272,GBP
1719,1442,786.67,credit,2024-03-03 17:07:06.642664,EUR
1720,1766,221.12,credit,2024-03-03 17:59:40.558055,USD
1721,1327,1344.19,credit,2024-03-03 18:52:14.473447,GBP
1722,1053,584.79,credit,2024-03-03 19:44:48.388838,GBP
1723,1760,1175.35,debit,2024-03-03 20:37:22.304230,USD
1724,1238,1186.79,credit,2024-03-03 21:29:56.219621,GBP
1725,1228,1441.21,debit,2024-03-03 22:22:30.135013,USD
1726,1578,1493.03,credit,2024-03-03 23:15:04.050405,GBP
1727,1050,1033.76,credit,2024-03-04 00:07:37.965796,GBP
1728,1608,668.67,credit,2024-03-04 01:00:11.881188,EUR
1729,1603,1676.53,debit,2024-03-04 01:52:45.796579,EUR
1730,1263,626.63,credit,2024-03-04 02:45:19.711971,USD
1731,1417,1019.94,debit,2024-03-04 03:37:53.627362,USD
1732,1802,808.49,credit,2024-03-04 04:30:27.542754,USD
1733,1095,1711.61,debit,2024-03-04 05:23:01.458145,USD
1734,1087,869.52,credit,2024-03-04 06:15:35.373537,USD
1735,1077,778.34,credit,2024-03-04 07:08:09.288928,USD
1736,1287,1382.75,debit,2024-03-04 08:00:43.204320,USD
1737,1119,1208.86,debit,2024-03-04 08:53:17.119711,EUR
1738,1813,223.42,credit,2024-03-04 09:45:51.035103,EUR
1739,1490,1021.26,debit,2024-03-04 10:38:24.950495,USD
1740,1911,1473.6,credit,2024-03-04 11:30:58.865886,USD
1741,1451,,debit,2024-03-04 12:23:32.781278,USD
1742,1499,1262.0,credit,2024-03-04 13:16:06.696669,USD
1743,1164,746.88,credit,2024-03-04 14:08:40.612061,USD
1744,1181,460.04,credit,2024-03-04 15:01:14.527452,EUR
1745,1468,1746.93,debit,2024-03-04 15:53:48.442844,USD
1746,1909,1630.98,debit,2024-03-04 16:46:22.358235,EUR
1747,1734,475.51,credit,2024-03-04 17:38:56.273627,USD
1748,1822,409.26,debit,2024-03-04 18:31:30.189018,USD
1749,1943,1433.12,credit,2024-03-04 19:24:04.104410,EUR
1750,1977,636.75,debit,2024-03-04 20:16:38.019801,USD
1751,1006,619.73,credit,2024-03-04 21:09:11.935193,USD
1752,1329,313.06,credit,2024-03-04 22:01:45.850585,EUR
1753,1774,535.31,credit,2024-03-04 22:54:19.765976,USD
1754,1672,860.74,credit,2024-03-04 23:46:53.681368,USD
1755,1150,1468.35,credit,2024-03-05 00:39:27.596759,USD
1756,1084,679.25,debit,2024-03-05 01:32:01.512151,EUR
1757,1146,663.92,credit,2024-03-05 02:24:35.427542,USD
1758,1623,576.98,debit,2024-03-05 03:17:09.342934,EUR
1759,1380,961.78,debit,2024-03-05 04:09:43.258325,USD
1760,1914,369.47,credit,2024-03-05 05:02:17.173717,USD
1761,1547,976.41,credit,2024-03-05 05:54:51.089108,USD
1762,1284,1411.31,debit,2024-03-05 06:47:25.004500,USD
1763,1699,69.28,debit,2024-03-05 07:39:58.919891,USD
1764,1081,29.46,debit,2024-03-05 08:32:32.835283,USD
1765,1513,159.49,debit,2024-03-05 09:25:06.750675,USD
1766,1896,1075.96,credit,2024-03-05 10:17:40.666066,USD
1767,1814,1710.37,debit,2024-03-05 11:10:14.581458,EUR
1768,1708,19.72,credit,2024-03-05 12:02:48.496849,USD
1769,1915,1873.96,credit,2024-03-05 12:55:22.412241,EUR
1770,1522,221.49,debit,2024-03-05 13:47:56.327632,EUR
1771,1745,1685.55,debit,2024-03-05 14:40:30.243024,USD
1772,1385,970.88,debit,2024-03-05 15:33:04.158415,USD
1773,1706,1322.12,credit,2024-03-05 16:25:38.073807,USD
1774,1470,1026.26,debit,2024-03-05 17:18:11.989198,GBP
1775,1118,959.33,debit,2024-03-05 18:10:45.904590,USD
1776,1395,1671.45,debit,2024-03-05 19:03:19.819981,GBP
1777,1531,1514.21,credit,2024-03-05 19:55:53.735373,USD
1778,1260,971.97,debit,2024-03-05 20:48:27.650765,EUR
1779,1804,232.16,credit,2024-03-05 21:41:01.566156,USD
1780,1933,,debit,2024-03-05 22:33:35.481548,EUR
1781,1255,1605.06,debit,2024-03-05 23:26:09.396939,USD
1782,1733,1063.49,debit,2024-03-06 00:18:43.312331,USD
1783,1904,968.36,credit,2024-03-06 01:11:17.227722,USD
1784,1225,1364.33,credit,2024-03-06 02:03:51.143114,USD
1785,1052,1719.09,credit,2024-03-06 02:56:25.058505,USD
1786,1939,1261.46,credit,2024-03-06 03:48:58.973897,USD
1787,1866,1528.07,debit,2024-03-06 04:41:32.889288,USD
1788,1499,1532.89,credit,2024-03-06 05:34:06.804680,USD
1789,1505,718.96,credit,2024-03-06 06:26:40.720072,USD
1790,1853,555.43,debit,2024-03-06 07:19:14.635463,USD
1791,1363,1604.32,credit,2024-03-06 08:11:48.550855,EUR
1792,1279,760.59,debit,2024-03-06 09:04:22.466246,USD
1793,1592,1807.64,credit,2024-03-06 09:56:56.381638,USD
1794,1713,148.68,credit,2024-03-06 10:49:30.297029,USD
1795,1157,125.85,debit,2024-03-06 11:42:04.212421,EUR
1796,1631,1854.74,credit,2024-03-06 12:34:38.127812,USD
1797,1058,1300.43,credit,2024-03-06 13:27:12.043204,EUR
1798,1726,765.4,credit,2024-03-06 14:19:45.958595,USD
1799,1127,1512.57,credit,2024-03-06 15:12:19.873987,EUR
1800,1735,1347.93,debit,2024-03-06 16:04:53.789378,USD
1801,1720,1067.09,debit,2024-03-06 16:57:27.704770,EUR
1802,1881,206.76,credit,2024-03-06 17:50:01.620162,USD
1803,1114,1626.24,debit,2024-03-06 18:42:35.535553,USD
1804,1208,1733.39,debit,2024-03-06 19:35:09.450945,USD
1805,1525,352.62,debit,2024-03-06 20:27:43.366336,GBP
1806,1520,1702.52,credit,2024-03-06 21:20:17.281728,EUR
1807,1551,1756.92,debit,2024-03-06 22:12:51.197119,EUR
1808,1961,1103.36,credit,2024-03-06 23:05:25.112511,USD
1809,1236,1315.8,debit,2024-03-06 23:57:59.027902,USD
1810,1280,770.65,debit,2024-03-07 00:50:32.943294,USD
1811,1358,570.77,credit,2024-03-07 01:43:06.858685,USD
1812,1200,1446.75,credit,2024-03-07 02:35:40.774077,EUR
1813,1757,1725.13,credit,2024-03-07 03:28:14.689468,USD
1814,1277,1311.61,credit,2024-03-07 04:20:48.604860,USD
1815,1234,1028.07,credit,2024-03-07 05:13:22.520252,USD
1816,1493,326.26,debit,2024-03-07 06:05:56.435643,EUR
1817,1003,116.38,credit,2024-03-07 06:58:30.351035,USD
1818,1665,896.93,credit,2024-03-07 07:51:04.266426,GBP
1819,1441,108.21,credit,2024-03-07 08:43:38.181818,USD
1820,1028,1142.98,credit,2024-03-07 09:36:12.097209,EUR
1821,1108,771.63,credit,2024-03-07 10:28:46.012601,USD
1822,1609,1516.81,debit,2024-03-07 11:21:19.927992,USD
1823,1726,618.24,credit,2024-03-07 12:13:53.843384,EUR
1824,1804,1190.04,debit,2024-03-07 13:06:27.758775,USD
1825,1074,1079.99,credit,2024-03-07 13:59:01.674167,USD
1826,1837,19.38,debit,2024-03-07 14:51:35.589558,USD
1827,1145,154.05,credit,2024-03-07 15:44:09.504950,USD
1828,1127,587.83,debit,2024-03-07 16:36:43.420342,EUR
1829,1852,1765.65,debit,2024-03-07 17:29:17.335733,USD
1830,1041,302.56,debit,2024-03-07 18:21:51.251125,EUR
1831,1355,1424.68,debit,2024-03-07 19:14:25.166516,USD
1832,1040,1947.0,debit,2024-03-07 20:06:59.081908,USD
1833,1933,1583.23,debit,2024-03-07 20:59:32.997299,USD
1834,1033,493.46,debit,2024-03-07 21:52:06.912691,GBP
1835,1016,1817.65,debit,2024-03-07 22:44:40.828082,GBP
1836,1676,195.28,debit,2024-03-07 23:37:14.743474,USD
1837,1152,941.6,credit,2024-03-08 00:29:48.658865,USD
1838,1997,1776.21,credit,2024-03-08 01:22:22.574257,EUR
1839,1377,1286.12,debit,2024-03-08 02:14:56.489648,EUR
1840,1587,833.15,credit,2024-03-08 03:07:30.405040,EUR
1841,1598,592.7,debit,2024-03-08 04:00:04.320432,USD
1842,1628,756.45,credit,2024-03-08 04:52:38.235823,USD
1843,1873,1022.79,credit,2024-03-08 05:45:12.151215,USD
1844,1341,644.9,debit,2024-03-08 06:37:46.066606,USD
1845,1980,1938.25,credit,2024-03-08 07:30:19.981998,EUR
1846,1026,1866.82,credit,2024-03-08 08:22:53.897389,USD
1847,1824,1742.64,credit,2024-03-08 09:15:27.812781,EUR
1848,1286,849.44,credit,2024-03-08 10:08:01.728172,USD
1849,1645,1385.69,debit,2024-03-08 11:00:35.643564,USD
1850,1730,1806.63,credit,2024-03-08 11:53:09.558955,USD
1851,1167,1702.35,debit,2024-03-08 12:45:43.474347,USD
1852,1609,834.51,credit,2024-03-08 13:38:17.389738,USD
1853,1267,233.65,debit,2024-03-08 14:30:51.305130,USD
1854,1748,160.5,credit,2024-03-08 15:23:25.220522,EUR
1855,1820,1158.36,credit,2024-03-08 16:15:59.135913,USD
1856,1454,1288.83,credit,2024-03-08 17:08:33.051305,EUR
1857,1905,1701.19,credit,2024-03-08 18:01:06.966696,GBP
1858,1684,592.1,credit,2024-03-08 18:53:40.882088,EUR
1859,1400,343.27,debit,2024-03-08 19:46:14.797479,EUR
1860,1921,764.22,credit,2024-03-08 20:38:48.712871,USD
1861,1980,713.61,credit,2024-03-08 21:31:22.628262,USD
1862,1475,273.61,credit,2024-03-08 22:23:56.543654,EUR
1863,1701,1347.84,debit,2024-03-08 23:16:30.459045,USD
1864,1633,1022.3,credit,2024-03-09 00:09:04.374437,USD
1865,1557,1445.03,credit,2024-03-09 01:01:38.289828,GBP
1866,1575,711.86,credit,2024-03-09 01:54:12.205220,USD
1867,1129,658.15,debit,2024-03-09 02:46:46.120612,GBP
1868,1821,950.43,debit,2024-03-09 03:39:20.036003,USD
1869,1362,1756.04,credit,2024-03-09 04:31:53.951395,EUR
1870,1704,90.16,credit,2024-03-09 05:24:27.866786,EUR
1871,1818,1611.62,credit,2024-03-09 06:17:01.782178,USD
1872,1692,744.29,debit,2024-03-09 07:09:35.697569,USD
1873,1291,1710.69,credit,2024-03-09 08:02:09.612961,USD
1874,1370,1606.38,debit,2024-03-09 08:54:43.528352,USD
1875,1793,704.03,credit,2024-03-09 09:47:17.443744,GBP
1876,1028,1390.81,credit,2024-03-09 10:39:51.359135,USD
1877,1148,327.67,credit,2024-03-09 11:32:25.274527,USD
1878,1778,1793.6,debit,2024-03-09 12:24:59.189918,USD
1879,1295,814.94,debit,2024-03-09 13:17:33.105310,USD
1880,1010,916.69,debit,2024-03-09 14:10:07.020702,USD
1881,1511,1414.46,credit,2024-03-09 15:02:40.936093,GBP
1882,1675,1643.47,credit,2024-03-09 15:55:14.851485,USD
1883,1112,480.32,credit,2024-03-09 16:47:48.766876,USD
1884,1186,1326.09,credit,2024-03-09 17:40:22.682268,USD
1885,1806,790.08,credit,2024-03-09 18:32:56.597659,EUR
1886,1743,743.72,credit,2024-03-09 19:25:30.513051,USD
1887,1226,1383.15,credit,2024-03-09 20:18:04.428442,USD
1888,1309,780.49,credit,2024-03-09 21:10:38.343834,USD
1889,1097,698.76,debit,2024-03-09 22:03:12.259225,EUR
1890,1054,1673.42,credit,2024-03-09 22:55:46.174617,USD
1891,1622,211.54,debit,2024-03-09 23:48:20.090009,USD
1892,1663,1355.03,credit,2024-03-10 00:40:54.005400,USD
1893,1757,504.96,debit,2024-03-10 01:33:27.920792,GBP
1894,1405,40.84,credit,2024-03-10 02:26:01.836183,USD
1895,1068,341.86,credit,2024-03-10 03:18:35.751575,EUR
1896,1311,1217.26,debit,2024-03-10 04:11:09.666966,USD
1897,1288,1421.16,credit,2024-03-10 05:03:43.582358,USD
1898,1761,51.9,debit,2024-03-10 05:56:17.497749,EUR
1899,1547,82.49,debit,2024-03-10 06:48:51.413141,USD
1900,1750,1806.06,credit,2024-03-10 07:41:25.328532,USD
1901,1147,155.88,debit,2024-03-10 08:33:59.243924,USD
1902,1466,1789.42,debit,2024-03-10 09:26:33.159315,USD
1903,1738,464.05,credit,2024-03-10 10:19:07.074707,GBP
1904,1243,1482.64,debit,2024-03-10 11:11:40.990099,GBP
1905,1490,626.37,debit,2024-03-10 12:04:14.905490,EUR
1906,1848,1718.92,credit,2024-03-10 12:56:48.820882,GBP
1907,1957,1403.91,credit,2024-03-10 13:49:22.736273,GBP
1908,1506,809.61,credit,2024-03-10 14:41:56.651665,EUR
1909,1364,161.84,debit,2024-03-10 15:34:30.567056,USD
1910,1481,1468.07,debit,2024-03-10 16:27:04.482448,USD
1911,1200,1237.6,debit,2024-03-10 17:19:38.397839,GBP
1912,1153,15.79,credit,2024-03-10 18:12:12.313231,USD
1913,1449,28.75,credit,2024-03-10 19:04:46.228622,EUR
1914,1500,1619.5,debit,2024-03-10 19:57:20.144014,USD
1915,1072,526.21,credit,2024-03-10 20:49:54.059405,USD
1916,1712,1275.91,debit,2024-03-10 21:42:27.974797,USD
1917,1295,913.89,debit,2024-03-10 22:35:01.890189,USD
1918,1016,1728.23,credit,2024-03-10 23:27:35.805580,GBP
1919,1640,1834.75,credit,2024-03-11 00:20:09.720972,USD
1920,1216,1993.65,credit,2024-03-11 01:12:43.636363,USD
1921,1060,315.83,debit,2024-03-11 02:05:17.551755,USD
1922,1938,1727.3,debit,2024-03-11 02:57:51.467146,USD
1923,1615,539.38,debit,2024-03-11 03:50:25.382538,USD
1924,1041,1185.72,credit,2024-03-11 04:42:59.297929,GBP
1925,1024,1016.49,credit,2024-03-11 05:35:33.213321,EUR
1926,1038,45.8,debit,2024-03-11 06:28:07.128712,USD
1927,1802,1866.21,credit,2024-03-11 07:20:41.044104,GBP
1928,1130,165.87,debit,2024-03-11 08:13:14.959495,GBP
1929,1497,1379.56,credit,2024-03-11 09:05:48.874887,USD
1930,1228,1572.16,credit,2024-03-11 09:58:22.790279,USD
1931,1107,1592.62,credit,2024-03-11 10:50:56.705670,USD
1932,1171,279.63,credit,2024-03-11 11:43:30.621062,USD
1933,1434,900.66,debit,2024-03-11 12:36:04.536453,USD
1934,1477,1660.56,credit,2024-03-11 13:28:38.451845,USD
1935,1101,,debit,2024-03-11 14:21:12.367236,USD
1936,1865,940.82,credit,2024-03-11 15:13:46.282628,EUR
1937,1523,552.86,credit,2024-03-11 16:06:20.198019,EUR
1938,1274,932.47,credit,2024-03-11 16:58:54.113411,USD
1939,1612,1776.8,credit,2024-03-11 17:51:28.028802,EUR
1940,1043,915.7,credit,2024-03-11 18:44:01.944194,EUR
1941,1954,1116.26,debit,2024-03-11 19:36:35.859585,USD
1942,1816,813.91,credit,2024-03-11 20:29:09.774977,USD
1943,1956,925.63,credit,2024-03-11 21:21:43.690369,USD
1944,1016,40.2,credit,2024-03-11 22:14:17.605760,USD
1945,1329,574.65,credit,2024-03-11 23:06:51.521152,USD
1946,1568,878.8,credit,2024-03-11 23:59:25.436543,USD
1947,1822,1271.26,debit,2024-03-12 00:51:59.351935,USD
1948,1496,905.6,credit,2024-03-12 01:44:33.267326,USD
1949,1814,682.26,credit,2024-03-12 02:37:07.182718,GBP
1950,1011,782.32,debit,2024-03-12 03:29:41.098109,EUR
1951,1317,492.16,credit,2024-03-12 04:22:15.013501,EUR
1952,1591,1849.74,credit,2024-03-12 05:14:48.928892,EUR
1953,1215,1048.27,credit,2024-03-12 06:07:22.844284,EUR
1954,1338,36.68,credit,2024-03-12 06:59:56.759675,USD
1955,1775,48.7,credit,2024-03-12 07:52:30.675067,GBP
1956,1990,1946.19,debit,2024-03-12 08:45:04.590459,EUR
1957,1660,450.69,debit,2024-03-12 09:37:38.505850,USD
1958,1080,1613.16,debit,2024-03-12 10:30:12.421242,USD
1959,1726,125.97,credit,2024-03-12 11:22:46.336633,USD
1960,1484,1843.11,debit,2024-03-12 12:15:20.252025,USD
1961,1373,1750.09,credit,2024-03-12 13:07:54.167416,USD
1962,1975,1146.48,credit,2024-03-12 14:00:28.082808,USD
1963,1709,27.91,credit,2024-03-12 14:53:01.998199,EUR
1964,1199,523.04,credit,2024-03-12 15:45:35.913591,USD
1965,1536,819.58,debit,2024-03-12 16:38:09.828982,USD
1966,1465,925.53,debit,2024-03-12 17:30:43.744374,USD
1967,1088,602.38,debit,2024-03-12 18:23:17.659765,EUR
1968,1267,75.57,debit,2024-03-12 19:15:51.575157,GBP
1969,1654,1184.35,debit,2024-03-12 20:08:25.490549,USD
1970,1570,1053.07,credit,2024-03-12 21:00:59.405940,USD
1971,1921,573.17,credit,2024-03-12 21:53:33.321332,USD
1972,1488,85.57,debit,2024-03-12 22:46:07.236723,EUR
1973,1876,1989.24,credit,2024-03-12 23:38:41.152115,EUR
1974,1537,969.15,debit,2024-03-13 00:31:15.067506,EUR
1975,1046,1514.45,credit,2024-03-13 01:23:48.982898,USD
1976,1287,910.1,credit,2024-03-13 02:16:22.898289,USD
1977,1777,95.91,credit,2024-03-13 03:08:56.813681,USD
1978,1015,626.11,debit,2024-03-13 04:01:30.729072,GBP
1979,1710,647.02,credit,2024-03-13 04:54:04.644464,USD
1980,1400,1678.32,debit,2024-03-13 05:46:38.559855,EUR
1981,1918,1311.92,credit,2024-03-13 06:39:12.475247,EUR
1982,1793,558.11,debit,2024-03-13 07:31:46.390639,EUR
1983,1980,1935.8,credit,2024-03-13 08:24:20.306030,USD
1984,1085,649.87,credit,2024-03-13 09:16:54.221422,USD
1985,1249,1996.49,credit,2024-03-13 10:09:28.136813,GBP
1986,1390,1992.37,credit,2024-03-13 11:02:02.052205,GBP
1987,1781,390.51,credit,2024-03-13 11:54:35.967596,USD
1988,1334,632.35,debit,2024-03-13 12:47:09.882988,EUR
1989,1628,977.23,credit,2024-03-13 13:39:43.798379,USD
1990,1518,,credit,2024-03-13 14:32:17.713771,USD
1991,1136,,credit,2024-03-13 15:24:51.629162,USD
1992,1882,1939.19,credit,2024-03-13 16:17:25.544554,EUR
1993,1687,1450.74,credit,2024-03-13 17:09:59.459945,USD
1994,1839,431.97,credit,2024-03-13 18:02:33.375337,USD
1995,1497,219.14,credit,2024-03-13 18:55:07.290729,USD
1996,1826,1379.92,credit,2024-03-13 19:47:41.206120,USD
1997,1726,325.32,credit,2024-03-13 20:40:15.121512,GBP
1998,1476,1577.48,debit,2024-03-13 21:32:49.036903,USD
1999,1593,628.96,credit,2024-03-13 22:25:22.952295,EUR
2000,1222,660.52,credit,2024-03-13 23:17:56.867686,EUR
2001,1989,31.49,credit,2024-03-14 00:10:30.783078,EUR
2002,1371,1405.01,credit,2024-03-14 01:03:04.698469,GBP
2003,1934,235.41,credit,2024-03-14 01:55:38.613861,USD
2004,1994,1548.03,debit,2024-03-14 02:48:12.529252,USD
2005,1401,988.82,credit,2024-03-14 03:40:46.444644,USD
2006,1442,1570.72,debit,2024-03-14 04:33:20.360036,USD
2007,1489,1172.01,credit,2024-03-14 05:25:54.275427,USD
2008,1614,174.04,debit,2024-03-14 06:18:28.190819,USD
2009,1272,1533.65,debit,2024-03-14 07:11:02.106210,GBP
2010,1525,148.9,credit,2024-03-14 08:03:36.021602,EUR
2011,1158,962.62,credit,2024-03-14 08:56:09.936993,USD
2012,1151,352.97,credit,2024-03-14 09:48:43.852385,USD
2013,1994,1507.15,debit,2024-03-14 10:41:17.767776,USD
2014,1619,1824.07,credit,2024-03-14 11:33:51.683168,USD
2015,1187,1112.71,credit,2024-03-14 12:26:25.598559,EUR
2016,1812,1059.02,credit,2024-03-14 13:18:59.513951,USD
2017,1097,1530.29,credit,2024-03-14 14:11:33.429342,USD
2018,1130,20.11,debit,2024-03-14 15:04:07.344734,USD
2019,1804,1836.34,debit,2024-03-14 15:56:41.260126,USD
2020,1170,402.92,credit,2024-03-14 16:49:15.175517,USD
2021,1935,1968.4,credit,2024-03-14 17:41:49.090909,USD
2022,1985,1475.15,credit,2024-03-14 18:34:23.006300,USD
2023,1182,1550.76,debit,2024-03-14 19:26:56.921692,USD
2024,1982,1315.84,debit,2024-03-14 20:19:30.837083,USD
2025,1363,948.61,credit,2024-03-14 21:12:04.752475,USD
2026,1038,1147.54,credit,2024-03-14 22:04:38.667866,EUR
2027,1526,102.34,debit,2024-03-14 22:57:12.583258,USD
2028,1887,,credit,2024-03-14 23:49:46.498649,USD
2029,1496,1255.94,credit,2024-03-15 00:42:20.414041,USD
2030,1515,1783.49,credit,2024-03-15 01:34:54.329432,USD
2031,1348,1016.26,credit,2024-03-15 02:27:28.244824,USD
2032,1981,163.52,credit,2024-03-15 03:20:02.160216,USD
2033,1920,619.33,debit,2024-03-15 04:12:36.075607,USD
2034,1396,1314.7,credit,2024-03-15 05:05:09.990999,USD
2035,1721,486.13,credit,2024-03-15 05:57:43.906390,USD
2036,1160,568.25,credit,2024-03-15 06:50:17.821782,USD
2037,1015,1642.73,debit,2024-03-15 07:42:51.737173,EUR
2038,1492,1172.8,credit,2024-03-15 08:35:25.652565,USD
2039,1425,1021.97,credit,2024-03-15 09:27:59.567956,USD
2040,1107,643.72,credit,2024-03-15 10:20:33.483348,USD
2041,1893,1464.55,debit,2024-03-15 11:13:07.398739,USD
2042,1449,582.56,credit,2024-03-15 12:05:41.314131,EUR
2043,1310,1476.76,credit,2024-03-15 12:58:15.229522,USD
2044,1738,149.5,credit,2024-03-15 13:50:49.144914,EUR
2045,1169,1730.44,credit,2024-03-15 14:43:23.060306,USD
2046,1545,1004.14,debit,2024-03-15 15:35:56.975697,USD
2047,1413,882.63,debit,2024-03-15 16:28:30.891089,USD
2048,1250,1225.94,credit,2024-03-15 17:21:04.806480,EUR
2049,1758,1252.14,credit,2024-03-15 18:13:38.721872,USD
2050,1780,272.75,credit,2024-03-15 19:06:12.637263,USD
2051,1140,1514.9,credit,2024-03-15 19:58:46.552655,USD
2052,1273,559.1,debit,2024-03-15 20:51:20.468046,USD
2053,1415,1810.87,credit,2024-03-15 21:43:54.383438,GBP
2054,1607,1637.52,credit,2024-03-15 22:36:28.298829,USD
2055,1738,699.07,debit,2024-03-15 23:29:02.214221,USD
2056,1890,1617.4,credit,2024-03-16 00:21:36.129612,USD
2057,1038,719.22,credit,2024-03-16 01:14:10.045004,USD
2058,1813,210.89,debit,2024-03-16 02:06:43.960396,USD
2059,1028,1924.16,debit,2024-03-16 02:59:17.875787,USD
2060,1957,1308.68,debit,2024-03-16 03:51:51.791179,USD
2061,1476,917.64,debit,2024-03-16 04:44:25.706570,USD
2062,1317,801.57,credit,2024-03-16 05:36:59.621962,EUR
2063,1244,656.16,credit,2024-03-16 06:29:33.537353,USD
2064,1747,1963.08,credit,2024-03-16 07:22:07.452745,USD
2065,1696,278.15,debit,2024-03-16 08:14:41.368136,USD
2066,1271,636.46,credit,2024-03-16 09:07:15.283528,USD
2067,1439,976.14,credit,2024-03-16 09:59:49.198919,USD
2068,1747,961.22,debit,2024-03-16 10:52:23.114311,EUR
2069,1238,948.02,credit,2024-03-16 11:44:57.029702,USD
2070,1376,359.81,credit,2024-03-16 12:37:30.945094,USD
2071,1265,298.42,credit,2024-03-16 13:30:04.860486,USD
2072,1925,516.99,credit,2024-03-16 14:22:38.775877,USD
2073,1920,1829.91,credit,2024-03-16 15:15:12.691269,USD
2074,1358,234.98,credit,2024-03-16 16:07:46.606660,EUR
2075,1339,1517.28,credit,2024-03-16 17:00:20.522052,GBP
2076,1388,1517.52,credit,2024-03-16 17:52:54.437443,USD
2077,1576,1621.44,credit,2024-03-16 18:45:28.352835,USD
2078,1989,1774.36,credit,2024-03-16 19:38:02.268226,USD
2079,1688,533.44,credit,2024-03-16 20:30:36.183618,USD
2080,1002,456.87,credit,2024-03-16 21:23:10.099009,USD
2081,1428,936.36,credit,2024-03-16 22:15:44.014401,USD
2082,1141,537.53,debit,2024-03-16 23:08:17.929792,EUR
2083,1375,1471.28,debit,2024-03-17 00:00:51.845184,USD
2084,1669,1275.52,credit,2024-03-17 00:53:25.760576,USD
2085,1323,1751.23,credit,2024-03-17 01:45:59.675967,USD
2086,1145,174.65,credit,2024-03-17 02:38:33.591359,EUR
2087,1957,1831.02,debit,2024-03-17 03:31:07.506750,USD
2088,1292,593.76,debit,2024-03-17 04:23:41.422142,USD
2089,1664,986.48,credit,2024-03-17 05:16:15.337533,USD
2090,1431,882.84,debit,2024-03-17 06:08:49.252925,EUR
2091,1704,1523.02,debit,2024-03-17 07:01:23.168316,USD
2092,1948,846.46,credit,2024-03-17 07:53:57.083708,USD
2093,1974,1887.67,credit,2024-03-17 08:46:30.999099,EUR
2094,1584,1806.04,credit,2024-03-17 09:39:04.914491,USD
2095,1398,1745.6,credit,2024-03-17 10:31:38.829882,USD
2096,1816,151.8,credit,2024-03-17 11:24:12.745274,USD
2097,1888,1709.97,debit,2024-03-17 12:16:46.660666,USD
2098,1343,1565.45,credit,2024-03-17 13:09:20.576057,USD
2099,1963,215.99,credit,2024-03-17 14:01:54.491449,EUR
2100,1139,223.75,debit,2024-03-17 14:54:28.406840,USD
2101,1186,211.32,credit,2024-03-17 15:47:02.322232,GBP
2102,1804,32.55,credit,2024-03-17 16:39:36.237623,EUR
2103,1060,1101.78,credit,2024-03-17 17:32:10.153015,GBP
2104,1996,1947.05,credit,2024-03-17 18:24:44.068406,USD
2105,1938,882.98,credit,2024-03-17 19:17:17.983798,USD
2106,1379,1086.11,debit,2024-03-17 20:09:51.899189,EUR
2107,1709,1936.26,credit,2024-03-17 21:02:25.814581,EUR
2108,1806,517.81,credit,2024-03-17 21:54:59.729972,EUR
2109,1439,1718.36,credit,2024-03-17 22:47:33.645364,USD
2110,1318,1097.32,debit,2024-03-17 23:40:07.560756,USD
2111,1301,1143.26,debit,2024-03-18 00:32:41.476147,EUR
2112,1343,692.92,debit,2024-03-18 01:25:15.391539,EUR
2113,1010,1127.55,credit,2024-03-18 02:17:49.306930,USD
2114,1061,155.55,debit,2024-03-18 03:10:23.222322,USD
2115,1844,1531.64,debit,2024-03-18 04:02:57.137713,USD
2116,1225,576.53,debit,2024-03-18 04:55:31.053105,USD
2117,1152,1776.34,credit,2024-03-18 05:48:04.968496,GBP
2118,1710,742.02,credit,2024-03-18 06:40:38.883888,USD
2119,1563,294.22,credit,2024-03-18 07:33:12.799279,USD
2120,1771,1394.8,credit,2024-03-18 08:25:46.714671,EUR
2121,1570,337.51,debit,2024-03-18 09:18:20.630063,USD
2122,1583,1509.82,credit,2024-03-18 10:10:54.545454,EUR
2123,1659,1936.54,credit,2024-03-18 11:03:28.460846,EUR
2124,1860,1561.31,credit,2024-03-18 11:56:02.376237,EUR
2125,1574,54.67,credit,2024-03-18 12:48:36.291629,USD
2126,1309,1203.77,credit,2024-03-18 13:41:10.207020,USD
2127,1884,1393.87,credit,2024-03-18 14:33:44.122412,USD
2128,1242,1652.66,debit,2024-03-18 15:26:18.037803,USD
2129,1492,121.44,credit,2024-03-18 16:18:51.953195,USD
2130,1365,965.41,debit,2024-03-18 17:11:25.868586,USD
2131,1329,1075.39,credit,2024-03-18 18:03:59.783978,USD
2132,1106,346.56,debit,2024-03-18 18:56:33.699369,USD
2133,1225,651.68,credit,2024-03-18 19:49:07.614761,EUR
2134,1824,886.04,credit,2024-03-18 20:41:41.530153,EUR
2135,1217,1668.09,credit,2024-03-18 21:34:15.445544,USD
2136,1936,1859.52,credit,2024-03-18 22:26:49.360936,EUR
2137,1752,1260.56,credit,2024-03-18 23:19:23.276327,USD
2138,1505,795.94,debit,2024-03-19 00:11:57.191719,EUR
2139,1258,515.52,credit,2024-03-19 01:04:31.107110,USD
2140,1887,1964.45,credit,2024-03-19 01:57:05.022502,USD
2141,1773,1966.21,debit,2024-03-19 02:49:38.937893,USD
2142,1516,1850.7,credit,2024-03-19 03:42:12.853285,USD
2143,1772,1573.48,credit,2024-03-19 04:34:46.768676,USD
2144,1053,658.3,debit,2024-03-19 05:27:20.684068,USD
2145,1046,1635.83,credit,2024-03-19 06:19:54.599459,USD
2146,1726,823.5,debit,2024-03-19 07:12:28.514851,USD
2147,1688,660.28,debit,2024-03-19 08:05:02.430243,USD
2148,1520,1492.28,debit,2024-03-19 08:57:36.345634,USD
2149,1098,168.51,debit,2024-03-19 09:50:10.261026,USD
2150,1019,106.64,credit,2024-03-19 10:42:44.176417,USD
2151,1889,901.43,credit,2024-03-19 11:35:18.091809,EUR
2152,1752,896.82,debit,2024-03-19 12:27:52.007200,USD
2153,1572,1792.33,credit,2024-03-19 13:20:25.922592,GBP
2154,1890,261.04,credit,2024-03-19 14:12:59.837983,USD
2155,1489,255.34,debit,2024-03-19 15:05:33.753375,EUR
2156,1418,303.43,credit,2024-03-19 15:58:07.668766,USD
2157,1689,69.18,credit,2024-03-19 16:50:41.584158,USD
2158,1849,152.75,credit,2024-03-19 17:43:15.499549,USD
2159,1061,1323.14,credit,2024-03-19 18:35:49.414941,USD
2160,1144,868.85,credit,2024-03-19 19:28:23.330333,USD
2161,1215,1529.57,debit,2024-03-19 20:20:57.245724,EUR
2162,1002,1985.27,debit,2024-03-19 21:13:31.161116,EUR
2163,1159,1321.48,debit,2024-03-19 22:06:05.076507,USD
2164,1738,110.41,credit,2024-03-19 22:58:38.991899,GBP
2165,1997,218.08,credit,2024-03-19 23:51:12.907290,GBP
2166,1780,1763.2,credit,2024-03-20 00:43:46.822682,USD
2167,1119,1059.72,credit,2024-03-20 01:36:20.738073,EUR
2168,1892,,credit,2024-03-20 02:28:54.653465,USD
2169,1088,1714.66,credit,2024-03-20 03:21:28.568856,USD
2170,1328,1856.07,credit,2024-03-20 04:14:02.484248,USD
2171,1579,1900.16,credit,2024-03-20 05:06:36.399639,EUR
2172,1909,1114.1,debit,2024-03-20 05:59:10.315031,USD
2173,1356,688.63,credit,2024-03-20 06:51:44.230423,USD
2174,1609,1924.11,debit,2024-03-20 07:44:18.145814,USD
2175,1266,1099.34,credit,2024-03-20 08:36:52.061206,USD
2176,1616,,credit,2024-03-20 09:29:25.976597,USD
2177,1951,1289.13,credit,2024-03-20 10:21:59.891989,USD
2178,1322,1179.49,credit,2024-03-20 11:14:33.807380,USD
2179,1634,1792.63,credit,2024-03-20 12:07:07.722772,USD
2180,1987,1309.84,credit,2024-03-20 12:59:41.638163,USD
2181,1540,704.61,debit,2024-03-20 13:52:15.553555,EUR
2182,1648,1932.79,credit,2024-03-20 14:44:49.468946,GBP
2183,1194,1605.22,credit,2024-03-20 15:37:23.384338,USD
2184,1920,1264.53,credit,2024-03-20 16:29:57.299729,USD
2185,1737,592.92,credit,2024-03-20 17:22:31.215121,GBP
2186,1331,753.35,debit,2024-03-20 18:15:05.130513,USD
2187,1169,1343.24,credit,2024-03-20 19:07:39.045904,EUR
2188,1520,153.24,credit,2024-03-20 20:00:12.961296,USD
2189,1462,520.79,credit,2024-03-20 20:52:46.876687,USD
2190,1039,1430.66,debit,2024-03-20 21:45:20.792079,USD
2191,1536,965.24,credit,2024-03-20 22:37:54.707470,USD
2192,1260,810.76,debit,2024-03-20 23:30:28.622862,USD
2193,1394,311.4,credit,2024-03-21 00:23:02.538253,USD
2194,1954,889.28,debit,2024-03-21 01:15:36.453645,EUR
2195,1225,1543.68,debit,2024-03-21 02:08:10.369036,USD
2196,1983,535.39,debit,2024-03-21 03:00:44.284428,USD
2197,1123,20.74,credit,2024-03-21 03:53:18.199819,USD
2198,1974,1340.32,credit,2024-03-21 04:45:52.115211,USD
2199,1037,1945.53,credit,2024-03-21 05:38:26.030603,USD
2200,1327,1217.58,credit,2024-03-21 06:30:59.945994,USD
2201,1250,248.64,credit,2024-03-21 07:23:33.861386,USD
2202,1900,648.26,debit,2024-03-21 08:16:07.776777,USD
2203,1175,1736.61,credit,2024-03-21 09:08:41.692169,USD
2204,1601,472.81,credit,2024-03-21 10:01:15.607560,GBP
2205,1913,1219.31,debit,2024-03-21 10:53:49.522952,GBP
2206,1453,811.32,credit,2024-03-21 11:46:23.438343,EUR
2207,1036,423.61,debit,2024-03-21 12:38:57.353735,GBP
2208,1315,1628.68,debit,2024-03-21 13:31:31.269126,USD
2209,1687,1488.23,debit,2024-03-21 14:24:05.184518,GBP
2210,1972,1326.57,debit,2024-03-21 15:16:39.099909,USD
2211,1795,480.31,credit,2024-03-21 16:09:13.015301,USD
2212,1964,204.74,credit,2024-03-21 17:01:46.930693,USD
2213,1972,1156.56,credit,2024-03-21 17:54:20.846084,GBP
2214,1592,1111.82,credit,2024-03-21 18:46:54.761476,USD
2215,1113,384.89,credit,2024-03-21 19:39:28.676867,USD
2216,1039,121.93,debit,2024-03-21 20:32:02.592259,GBP
2217,1300,170.61,credit,2024-03-21 21:24:36.507650,USD
2218,1223,1985.61,credit,2024-03-21 22:17:10.423042,USD
2219,1317,1569.33,debit,2024-03-21 23:09:44.338433,USD
2220,1348,1844.76,credit,2024-03-22 00:02:18.253825,EUR
2221,1114,398.16,credit,2024-03-22 00:54:52.169216,GBP
2222,1697,1921.53,credit,2024-03-22 01:47:26.084608,GBP
2223,1322,293.88,debit,2024-03-22 02:40:00.000000,USD
2224,1567,1023.07,debit,2024-03-22 03:32:33.915391,USD
2225,1039,1661.09,debit,2024-03-22 04:25:07.830783,USD
2226,1865,706.11,credit,2024-03-22 05:17:41.746174,USD
2227,1039,855.41,debit,2024-03-22 06:10:15.661566,USD
2228,1858,265.09,credit,2024-03-22 07:02:49.576957,USD
2229,1972,254.61,credit,2024-03-22 07:55:23.492349,EUR
2230,1748,1242.94,credit,2024-03-22 08:47:57.407740,GBP
2231,1288,1354.31,credit,2024-03-22 09:40:31.323132,USD
2232,1261,1556.89,credit,2024-03-22 10:33:05.238523,USD
2233,1215,1117.8,debit,2024-03-22 11:25:39.153915,USD
2234,1146,1295.06,credit,2024-03-22 12:18:13.069306,USD
2235,1335,36.9,credit,2024-03-22 13:10:46.984698,USD
2236,1167,332.72,credit,2024-03-22 14:03:20.900090,USD
2237,1091,,credit,2024-03-22 14:55:54.815481,GBP
2238,1352,,credit,2024-03-22 15:48:28.730873,USD
2239,1570,1360.79,debit,2024-03-22 16:41:02.646264,USD
2240,1570,360.4,debit,2024-03-22 17:33:36.561656,EUR
2241,1815,1436.27,debit,2024-03-22 18:26:10.477047,EUR
2242,1680,1414.92,debit,2024-03-22 19:18:44.392439,USD
2243,1780,476.06,credit,2024-03-22 20:11:18.307830,EUR
2244,1362,546.57,debit,2024-03-22 21:03:52.223222,USD
2245,1556,1312.99,credit,2024-03-22 21:56:26.138613,EUR
2246,1344,786.27,credit,2024-03-22 22:49:00.054005,USD
2247,1692,397.15,credit,2024-03-22 23:41:33.969396,USD
2248,1169,1466.04,credit,2024-03-23 00:34:07.884788,EUR
2249,1355,316.75,credit,2024-03-23 01:26:41.800180,USD
2250,1190,1712.73,credit,2024-03-23 02:19:15.715571,USD
2251,1666,1034.19,credit,2024-03-23 03:11:49.630963,EUR
2252,1421,220.34,debit,2024-03-23 04:04:23.546354,USD
2253,1699,1391.2,credit,2024-03-23 04:56:57.461746,USD
2254,1006,1043.13,credit,2024-03-23 05:49:31.377137,EUR
2255,1132,603.13,debit,2024-03-23 06:42:05.292529,EUR
2256,1746,850.85,credit,2024-03-23 07:34:39.207920,EUR
2257,1556,603.69,debit,2024-03-23 08:27:13.123312,EUR
2258,1825,533.42,debit,2024-03-23 09:19:47.038703,EUR
2259,1760,335.58,credit,2024-03-23 10:12:20.954095,EUR
2260,1030,731.91,credit,2024-03-23 11:04:54.869486,USD
2261,1534,509.46,credit,2024-03-23 11:57:28.784878,USD
2262,1425,1370.03,credit,2024-03-23 12:50:02.700270,USD
2263,1393,1370.91,credit,2024-03-23 13:42:36.615661,USD
2264,1671,1008.66,credit,2024-03-23 14:35:10.531053,USD
2265,1362,1558.11,credit,2024-03-23 15:27:44.446444,GBP
2266,1436,1684.27,credit,2024-03-23 16:20:18.361836,USD
2267,1669,1163.74,credit,2024-03-23 17:12:52.277227,EUR
2268,1550,1241.68,debit,2024-03-23 18:05:26.192619,USD
2269,1926,572.94,credit,2024-03-23 18:58:00.108010,USD
2270,1081,1790.79,debit,2024-03-23 19:50:34.023402,USD
2271,1355,58.17,credit,2024-03-23 20:43:07.938793,GBP
2272,1257,703.72,debit,2024-03-23 21:35:41.854185,USD
2273,1717,1446.38,credit,2024-03-23 22:28:15.769576,USD
2274,1588,169.38,credit,2024-03-23 23:20:49.684968,USD
2275,1988,374.51,credit,2024-03-24 00:13:23.600360,USD
2276,1523,1182.68,credit,2024-03-24 01:05:57.515751,USD
2277,1294,1124.39,credit,2024-03-24 01:58:31.431143,USD
2278,1961,1480.47,credit,2024-03-24 02:51:05.346534,EUR
2279,1223,1627.1,credit,2024-03-24 03:43:39.261926,USD
2280,1524,265.87,credit,2024-03-24 04:36:13.177317,USD
2281,1045,46.58,credit,2024-03-24 05:28:47.092709,GBP
2282,1666,1382.38,credit,2024-03-24 06:21:21.008100,EUR
2283,1112,609.77,credit,2024-03-24 07:13:54.923492,EUR
2284,1232,1255.71,debit,2024-03-24 08:06:28.838883,USD
2285,1016,309.58,credit,2024-03-24 08:59:02.754275,EUR
2286,1359,943.39,debit,2024-03-24 09:51:36.669666,USD
2287,1222,1013.81,credit,2024-03-24 10:44:10.585058,USD
2288,1865,1174.3,credit,2024-03-24 11:36:44.500450,USD
2289,1699,1031.21,credit,2024-03-24 12:29:18.415841,USD
2290,1447,996.42,credit,2024-03-24 13:21:52.331233,USD
2291,1855,672.14,debit,2024-03-24 14:14:26.246624,EUR
2292,1364,,credit,2024-03-24 15:07:00.162016,EUR
2293,1674,188.15,debit,2024-03-24 15:59:34.077407,GBP
2294,1325,873.22,credit,2024-03-24 16:52:07.992799,USD
2295,1466,718.03,credit,2024-03-24 17:44:41.908190,EUR
2296,1413,1037.11,credit,2024-03-24 18:37:15.823582,USD
2297,1454,616.63,credit,2024-03-24 19:29:49.738973,USD
2298,1585,1378.94,credit,2024-03-24 20:22:23.654365,EUR
2299,1232,1729.27,credit,2024-03-24 21:14:57.569756,EUR
2300,1223,604.74,credit,2024-03-24 22:07:31.485148,USD
2301,1993,394.04,debit,2024-03-24 23:00:05.400540,USD
2302,1830,241.2,credit,2024-03-24 23:52:39.315931,USD
2303,1411,1236.35,debit,2024-03-25 00:45:13.231323,EUR
2304,1571,893.27,credit,2024-03-25 01:37:47.146714,EUR
2305,1334,384.15,credit,2024-03-25 02:30:21.062106,USD
2306,1221,1309.74,debit,2024-03-25 03:22:54.977497,USD
2307,1036,305.48,debit,2024-03-25 04:15:28.892889,USD
2308,1988,1113.06,credit,2024-03-25 05:08:02.808280,USD
2309,1277,1059.03,credit,2024-03-25 06:00:36.723672,USD
2310,1195,1471.11,credit,2024-03-25 06:53:10.639063,USD
2311,1915,119.67,debit,2024-03-25 07:45:44.554455,EUR
2312,1863,1776.87,credit,2024-03-25 08:38:18.469846,USD
2313,1483,1408.95,debit,2024-03-25 09:30:52.385238,USD
2314,1241,440.09,credit,2024-03-25 10:23:26.300630,EUR
2315,1323,374.98,credit,2024-03-25 11:16:00.216021,USD
2316,1730,869.0,debit,2024-03-25 12:08:34.131413,EUR
2317,1191,1636.96,debit,2024-03-25 13:01:08.046804,USD
2318,1016,1687.47,credit,2024-03-25 13:53:41.962196,USD
2319,1523,1045.71,debit,2024-03-25 14:46:15.877587,USD
2320,1917,1723.01,debit,2024-03-25 15:38:49.792979,USD
2321,1400,,debit,2024-03-25 16:31:23.708370,EUR
2322,1905,80.0,debit,2024-03-25 17:23:57.623762,USD
2323,1885,1824.52,credit,2024-03-25 18:16:31.539153,GBP
2324,1704,1552.91,debit,2024-03-25 19:09:05.454545,EUR
2325,1021,906.91,debit,2024-03-25 20:01:39.369936,USD
2326,1473,1509.68,credit,2024-03-25 20:54:13.285328,GBP
2327,1119,1911.72,credit,2024-03-25 21:46:47.200720,USD
2328,1209,1546.46,credit,2024-03-25 22:39:21.116111,USD
2329,1305,1686.32,debit,2024-03-25 23:31:55.031503,EUR
2330,1269,1523.61,debit,2024-03-26 00:24:28.946894,USD
2331,1703,344.74,credit,2024-03-26 01:17:02.862286,GBP
2332,1686,1668.81,credit,2024-03-26 02:09:36.777677,GBP
2333,1284,398.27,credit,2024-03-26 03:02:10.693069,GBP
2334,1715,1786.3,credit,2024-03-26 03:54:44.608460,GBP
2335,1675,922.71,credit,2024-03-26 04:47:18.523852,USD
2336,1762,1357.18,credit,2024-03-26 05:39:52.439243,USD
2337,1226,999.51,debit,2024-03-26 06:32:26.354635,USD
2338,1947,197.04,credit,2024-03-26 07:25:00.270027,EUR
2339,1380,588.54,debit,2024-03-26 08:17:34.185418,USD
2340,1459,,credit,2024-03-26 09:10:08.100810,EUR
2341,1006,1921.82,debit,2024-03-26 10:02:42.016201,GBP
2342,1028,647.77,credit,2024-03-26 10:55:15.931593,USD
2343,1906,1992.63,debit,2024-03-26 11:47:49.846984,USD
2344,1032,1692.65,credit,2024-03-26 12:40:23.762376,USD
2345,1645,1225.81,credit,2024-03-26 13:32:57.677767,EUR
2346,1878,89.85,credit,2024-03-26 14:25:31.593159,EUR
2347,1078,1803.88,credit,2024-03-26 15:18:05.508550,USD
2348,1927,,debit,2024-03-26 16:10:39.423942,EUR
2349,1946,1738.27,credit,2024-03-26 17:03:13.339333,USD
2350,1458,1670.51,debit,2024-03-26 17:55:47.254725,USD
2351,1569,1667.68,credit,2024-03-26 18:48:21.170117,USD
2352,1982,1399.37,debit,2024-03-26 19:40:55.085508,USD
2353,1537,589.92,credit,2024-03-26 20:33:29.000900,USD
2354,1481,678.96,credit,2024-03-26 21:26:02.916291,EUR
2355,1429,623.85,credit,2024-03-26 22:18:36.831683,GBP
2356,1737,49.89,debit,2024-03-26 23:11:10.747074,USD
2357,1284,1169.31,credit,2024-03-27 00:03:44.662466,GBP
2358,1515,1400.68,credit,2024-03-27 00:56:18.577857,USD
2359,1976,1709.19,credit,2024-03-27 01:48:52.493249,GBP
2360,1098,288.93,credit,2024-03-27 02:41:26.408640,USD
2361,1396,1092.92,credit,2024-03-27 03:34:00.324032,USD
2362,1488,25.94,credit,2024-03-27 04:26:34.239423,USD
2363,1038,199.24,debit,2024-03-27 05:19:08.154815,EUR
2364,1270,117.88,debit,2024-03-27 06:11:42.070207,USD
2365,1886,1453.7,debit,2024-03-27 07:04:15.985598,USD
2366,1796,171.31,credit,2024-03-27 07:56:49.900990,USD
2367,1156,1435.74,credit,2024-03-27 08:49:23.816381,USD
2368,1074,506.75,debit,2024-03-27 09:41:57.731773,USD
2369,1883,1756.65,credit,2024-03-27 10:34:31.647164,USD
2370,1799,1628.17,credit,2024-03-27 11:27:05.562556,USD
2371,1129,1916.08,debit,2024-03-27 12:19:39.477947,USD
2372,1686,1768.69,credit,2024-03-27 13:12:13.393339,USD
2373,1973,1867.33,credit,2024-03-27 14:04:47.308730,USD
2374,1083,1718.9,credit,2024-03-27 14:57:21.224122,USD
2375,1021,1389.83,credit,2024-03-27 15:49:55.139513,USD
2376,1458,348.82,credit,2024-03-27 16:42:29.054905,USD
2377,1538,550.7,credit,2024-03-27 17:35:02.970297,USD
2378,1706,433.33,credit,2024-03-27 18:27:36.885688,USD
2379,1848,1211.14,debit,2024-03-27 19:20:10.801080,USD
2380,1381,,credit,2024-03-27 20:12:44.716471,USD
2381,1747,1735.49,debit,2024-03-27 21:05:18.631863,USD
2382,1439,1905.82,credit,2024-03-27 21:57:52.547254,USD
2383,1603,815.67,debit,2024-03-27 22:50:26.462646,USD
2384,1988,1017.64,debit,2024-03-27 23:43:00.378037,USD
2385,1020,1943.32,debit,2024-03-28 00:35:34.293429,USD
2386,1302,559.72,debit,2024-03-28 01:28:08.208820,USD
2387,1975,1586.86,credit,2024-03-28 02:20:42.124212,USD
2388,1868,458.23,credit,2024-03-28 03:13:16.039603,GBP
2389,1954,1366.11,credit,2024-03-28 04:05:49.954995,USD
2390,1083,514.7,credit,2024-03-28 04:58:23.870387,USD
2391,1773,1768.63,credit,2024-03-28 05:50:57.785778,USD
2392,1658,1127.34,credit,2024-03-28 06:43:31.701170,USD
2393,1952,380.01,credit,2024-03-28 07:36:05.616561,USD
2394,1452,456.49,debit,2024-03-28 08:28:39.531953,USD
2395,1386,992.76,debit,2024-03-28 09:21:13.447344,EUR
2396,1506,1923.59,credit,2024-03-28 10:13:47.362736,EUR
2397,1256,1541.59,credit,2024-03-28 11:06:21.278127,USD
2398,1569,981.74,debit,2024-03-28 11:58:55.193519,USD
2399,1891,682.06,credit,2024-03-28 12:51:29.108910,USD
2400,1933,1103.04,credit,2024-03-28 13:44:03.024302,USD
2401,1526,1499.24,credit,2024-03-28 14:36:36.939693,USD
2402,1161,1570.02,credit,2024-03-28 15:29:10.855085,USD
2403,1956,655.97,credit,2024-03-28 16:21:44.770477,USD
2404,1162,1445.11,debit,2024-03-28 17:14:18.685868,USD
2405,1831,1319.0,credit,2024-03-28 18:06:52.601260,USD
2406,1792,1918.63,credit,2024-03-28 18:59:26.516651,USD
2407,1791,,debit,2024-03-28 19:52:00.432043,EUR
2408,1523,1580.86,debit,2024-03-28 20:44:34.347434,GBP
2409,1785,1449.56,credit,2024-03-28 21:37:08.262826,GBP
2410,1270,555.34,debit,2024-03-28 22:29:42.178217,USD
2411,1491,1693.47,debit,2024-03-28 23:22:16.093609,USD
2412,1207,860.74,debit,2024-03-29 00:14:50.009000,USD
2413,1538,551.76,debit,2024-03-29 01:07:23.924392,USD
2414,1583,774.48,debit,2024-03-29 01:59:57.839783,USD
2415,1059,1673.51,credit,2024-03-29 02:52:31.755175,USD
2416,1429,305.78,debit,2024-03-29 03:45:05.670567,USD
2417,1984,917.76,debit,2024-03-29 04:37:39.585958,USD
2418,1656,989.79,credit,2024-03-29 05:30:13.501350,USD
2419,1604,82.89,credit,2024-03-29 06:22:47.416741,USD
2420,1308,399.53,debit,2024-03-29 07:15:21.332133,USD
2421,1519,1655.22,debit,2024-03-29 08:07:55.247524,EUR
2422,1590,1663.23,credit,2024-03-29 09:00:29.162916,USD
2423,1026,591.91,credit,2024-03-29 09:53:03.078307,USD
2424,1685,1751.05,debit,2024-03-29 10:45:36.993699,USD
2425,1561,1545.85,credit,2024-03-29 11:38:10.909090,EUR
2426,1198,841.64,credit,2024-03-29 12:30:44.824482,USD
2427,1386,1499.33,credit,2024-03-29 13:23:18.739873,USD
2428,1348,1923.06,credit,2024-03-29 14:15:52.655265,USD
2429,1959,923.35,debit,2024-03-29 15:08:26.570657,GBP
2430,1939,484.47,credit,2024-03-29 16:01:00.486048,USD
2431,1692,1884.21,credit,2024-03-29 16:53:34.401440,USD
2432,1535,1211.45,credit,2024-03-29 17:46:08.316831,USD
2433,1827,219.48,credit,2024-03-29 18:38:42.232223,GBP
2434,1377,1149.64,debit,2024-03-29 19:31:16.147614,USD
2435,1898,1006.16,credit,2024-03-29 20:23:50.063006,USD
2436,1915,1712.62,credit,2024-03-29 21:16:23.978397,USD
2437,1557,1066.08,credit,2024-03-29 22:08:57.893789,USD
2438,1526,517.91,credit,2024-03-29 23:01:31.809180,USD
2439,1152,1354.53,debit,2024-03-29 23:54:05.724572,USD
2440,1733,1089.73,credit,2024-03-30 00:46:39.639963,EUR
2441,1205,473.76,debit,2024-03-30 01:39:13.555355,USD
2442,1454,1151.52,credit,2024-03-30 02:31:47.470747,USD
2443,1272,1644.86,credit,2024-03-30 03:24:21.386138,USD
2444,1893,66.86,debit,2024-03-30 04:16:55.301530,USD
2445,1235,1265.39,debit,2024-03-30 05:09:29.216921,USD
2446,1851,705.67,debit,2024-03-30 06:02:03.132313,USD
2447,1739,592.42,credit,2024-03-30 06:54:37.047704,USD
2448,1520,791.25,credit,2024-03-30 07:47:10.963096,USD
2449,1677,690.63,debit,2024-03-30 08:39:44.878487,GBP
2450,1943,1666.16,credit,2024-03-30 09:32:18.793879,EUR
2451,1955,556.85,debit,2024-03-30 10:24:52.709270,USD
2452,1830,1468.97,debit,2024-03-30 11:17:26.624662,USD
2453,1725,197.18,debit,2024-03-30 12:10:00.540054,GBP
2454,1500,1903.28,debit,2024-03-30 13:02:34.455445,USD
2455,1116,1248.41,credit,2024-03-30 13:55:08.370837,USD
2456,1385,1416.37,debit,2024-03-30 14:47:42.286228,USD
2457,1343,603.1,credit,2024-03-30 15:40:16.201620,USD
2458,1583,830.07,credit,2024-03-30 16:32:50.117011,GBP
2459,1394,,credit,2024-03-30 17:25:24.032403,EUR
2460,1063,1865.75,credit,2024-03-30 18:17:57.947794,USD
2461,1716,981.33,debit,2024-03-30 19:10:31.863186,USD
2462,1720,1264.59,debit,2024-03-30 20:03:05.778577,USD
2463,1071,1471.2,credit,2024-03-30 20:55:39.693969,USD
2464,1788,748.5,credit,2024-03-30 21:48:13.609360,USD
2465,1273,1443.0,debit,2024-03-30 22:40:47.524752,GBP
2466,1989,1355.23,debit,2024-03-30 23:33:21.440144,USD
2467,1319,1414.26,debit,2024-03-31 00:25:55.355535,USD
2468,1337,983.57,debit,2024-03-31 01:18:29.270927,USD
2469,1365,772.05,debit,2024-03-31 02:11:03.186318,GBP
2470,1494,451.94,credit,2024-03-31 03:03:37.101710,USD
2471,1606,1651.01,debit,2024-03-31 03:56:11.017101,USD
2472,1165,1220.62,debit,2024-03-31 04:48:44.932493,USD
2473,1543,894.26,debit,2024-03-31 05:41:18.847884,EUR
2474,1010,1888.55,credit,2024-03-31 06:33:52.763276,USD
2475,1300,105.2,debit,2024-03-31 07:26:26.678667,GBP
2476,1728,1701.84,credit,2024-03-31 08:19:00.594059,USD
2477,1800,1995.19,credit,2024-03-31 09:11:34.509450,USD
2478,1101,1775.01,debit,2024-03-31 10:04:08.424842,EUR
2479,1424,1622.77,credit,2024-03-31 10:56:42.340234,EUR
2480,1391,754.87,credit,2024-03-31 11:49:16.255625,USD
2481,1778,470.32,debit,2024-03-31 12:41:50.171017,USD
2482,1213,1472.35,debit,2024-03-31 13:34:24.086408,GBP
2483,1690,616.1,debit,2024-03-31 14:26:58.001800,USD
2484,1087,360.32,credit,2024-03-31 15:19:31.917191,USD
2485,1552,1575.19,debit,2024-03-31 16:12:05.832583,USD
2486,1400,631.96,credit,2024-03-31 17:04:39.747974,USD
2487,1587,1829.74,debit,2024-03-31 17:57:13.663366,EUR
2488,1888,1682.86,credit,2024-03-31 18:49:47.578757,USD
2489,1045,1696.8,debit,2024-03-31 19:42:21.494149,USD
2490,1671,1545.42,credit,2024-03-31 20:34:55.409540,USD
2491,1462,1762.95,debit,2024-03-31 21:27:29.324932,GBP
2492,1591,1613.44,credit,2024-03-31 22:20:03.240324,EUR
2493,1309,1209.0,debit,2024-03-31 23:12:37.155715,EUR
2494,1085,598.69,credit,2024-04-01 00:05:11.071107,USD
2495,1091,1777.54,debit,2024-04-01 00:57:44.986498,USD
2496,1659,1682.8,credit,2024-04-01 01:50:18.901890,EUR
2497,1672,951.03,credit,2024-04-01 02:42:52.817281,EUR
2498,1713,87.77,debit,2024-04-01 03:35:26.732673,EUR
2499,1935,1280.7,debit,2024-04-01 04:28:00.648064,USD
2500,1927,110.69,credit,2024-04-01 05:20:34.563456,USD
2501,1241,1853.3,credit,2024-04-01 06:13:08.478847,EUR
2502,1864,1923.65,debit,2024-04-01 07:05:42.394239,USD
2503,1001,387.09,debit,2024-04-01 07:58:16.309630,USD
2504,1224,1356.01,credit,2024-04-01 08:50:50.225022,USD
2505,1800,193.62,debit,2024-04-01 09:43:24.140414,USD
2506,1744,1461.74,debit,2024-04-01 10:35:58.055805,EUR
2507,1972,,credit,2024-04-01 11:28:31.971197,USD
2508,1925,1365.29,credit,2024-04-01 12:21:05.886588,EUR
2509,1928,752.02,debit,2024-04-01 13:13:39.801980,USD
2510,1588,299.68,debit,2024-04-01 14:06:13.717371,GBP
2511,1115,818.16,debit,2024-04-01 14:58:47.632763,USD
2512,1665,234.22,credit,2024-04-01 15:51:21.548154,EUR
2513,1917,1158.0,credit,2024-04-01 16:43:55.463546,USD
2514,1102,91.49,credit,2024-04-01 17:36:29.378937,USD
2515,1193,1059.37,debit,2024-04-01 18:29:03.294329,USD
2516,1165,1773.87,credit,2024-04-01 19:21:37.209720,GBP
2517,1870,1677.37,credit,2024-04-01 20:14:11.125112,USD
2518,1089,1766.74,credit,2024-04-01 21:06:45.040504,USD
2519,1685,1844.88,credit,2024-04-01 21:59:18.955895,USD
2520,1121,218.01,credit,2024-04-01 22:51:52.871287,USD
2521,1142,266.21,credit,2024-04-01 23:44:26.786678,GBP
2522,1993,1118.44,debit,2024-04-02 00:37:00.702070,USD
2523,1105,1789.01,credit,2024-04-02 01:29:34.617461,USD
2524,1886,1948.96,credit,2024-04-02 02:22:08.532853,USD
2525,1427,102.06,credit,2024-04-02 03:14:42.448244,USD
2526,1304,717.99,credit,2024-04-02 04:07:16.363636,USD
2527,1871,433.66,credit,2024-04-02 04:59:50.279027,USD
2528,1970,1514.37,credit,2024-04-02 05:52:24.194419,USD
2529,1316,1283.99,credit,2024-04-02 06:44:58.109810,USD
2530,1962,248.58,debit,2024-04-02 07:37:32.025202,EUR
2531,1634,972.21,credit,2024-04-02 08:30:05.940594,USD
2532,1901,1374.03,credit,2024-04-02 09:22:39.855985,USD
2533,1008,1560.22,debit,2024-04-02 10:15:13.771377,USD
2534,1773,49.9,credit,2024-04-02 11:07:47.686768,USD
2535,1072,1782.03,debit,2024-04-02 12:00:21.602160,USD
2536,1358,1142.87,credit,2024-04-02 12:52:55.517551,USD
2537,1222,1625.7,credit,2024-04-02 13:45:29.432943,EUR
2538,1415,1617.8,credit,2024-04-02 14:38:03.348334,GBP
2539,1552,387.81,debit,2024-04-02 15:30:37.263726,EUR
2540,1369,229.24,credit,2024-04-02 16:23:11.179117,USD
2541,1715,1445.36,credit,2024-04-02 17:15:45.094509,USD
2542,1263,321.29,credit,2024-04-02 18:08:19.009900,GBP
2543,1839,1701.38,credit,2024-04-02 19:00:52.925292,USD
2544,1689,1455.12,debit,2024-04-02 19:53:26.840684,USD
2545,1859,1685.23,credit,2024-04-02 20:46:00.756075,USD
2546,1317,605.04,debit,2024-04-02 21:38:34.671467,USD
2547,1083,640.03,credit,2024-04-02 22:31:08.586858,USD
2548,1317,1345.73,debit,2024-04-02 23:23:42.502250,EUR
2549,1110,72.58,credit,2024-04-03 00:16:16.417641,USD
2550,1250,1455.73,debit,2024-04-03 01:08:50.333033,USD
2551,1382,1673.21,credit,2024-04-03 02:01:24.248424,USD
2552,1006,836.18,debit,2024-04-03 02:53:58.163816,USD
2553,1458,1532.11,debit,2024-04-03 03:46:32.079207,USD
2554,1083,357.48,credit,2024-04-03 04:39:05.994599,USD
2555,1207,651.3,debit,2024-04-03 05:31:39.909990,USD
2556,1899,1948.87,debit,2024-04-03 06:24:13.825382,USD
2557,1389,1972.79,debit,2024-04-03 07:16:47.740774,USD
2558,1313,1030.08,credit,2024-04-03 08:09:21.656165,USD
2559,1021,1869.2,credit,2024-04-03 09:01:55.571557,USD
2560,1409,1050.23,debit,2024-04-03 09:54:29.486948,USD
2561,1894,590.26,credit,2024-04-03 10:47:03.402340,USD
2562,1514,541.13,credit,2024-04-03 11:39:37.317731,USD
2563,1126,1859.72,debit,2024-04-03 12:32:11.233123,USD
2564,1808,353.17,credit,2024-04-03 13:24:45.148514,USD
2565,1699,1163.47,credit,2024-04-03 14:17:19.063906,USD
2566,1873,1115.49,credit,2024-04-03 15:09:52.979297,EUR
2567,1013,1481.85,debit,2024-04-03 16:02:26.894689,USD
2568,1970,1003.49,debit,2024-04-03 16:55:00.810081,USD
2569,1977,551.85,debit,2024-04-03 17:47:34.725472,GBP
2570,1011,347.1,debit,2024-04-03 18:40:08.640864,USD
2571,1086,1245.43,credit,2024-04-03 19:32:42.556255,USD
2572,1523,1440.79,credit,2024-04-03 20:25:16.471647,USD
2573,1908,1143.35,credit,2024-04-03 21:17:50.387038,USD
2574,1536,1479.32,credit,2024-04-03 22:10:24.302430,USD
2575,1300,291.63,credit,2024-04-03 23:02:58.217821,EUR
2576,1242,1766.12,debit,2024-04-03 23:55:32.133213,USD
2577,1121,1168.97,debit,2024-04-04 00:48:06.048604,USD
2578,1146,262.42,credit,2024-04-04 01:40:39.963996,USD
2579,1566,929.23,debit,2024-04-04 02:33:13.879387,USD
2580,1749,1691.14,debit,2024-04-04 03:25:47.794779,USD
2581,1355,1796.15,debit,2024-04-04 04:18:21.710171,USD
2582,1684,536.65,credit,2024-04-04 05:10:55.625562,USD
2583,1903,1425.42,credit,2024-04-04 06:03:29.540954,USD
2584,1732,208.97,credit,2024-04-04 06:56:03.456345,USD
2585,1630,76.76,credit,2024-04-04 07:48:37.371737,USD
2586,1308,1125.19,credit,2024-04-04 08:41:11.287128,EUR
2587,1694,,debit,2024-04-04 09:33:45.202520,USD
2588,1287,1593.62,credit,2024-04-04 10:26:19.117911,USD
2589,1306,687.03,credit,2024-04-04 11:18:53.033303,EUR
2590,1811,22.99,credit,2024-04-04 12:11:26.948694,GBP
2591,1593,964.24,debit,2024-04-04 13:04:00.864086,EUR
2592,1965,41.55,credit,2024-04-04 13:56:34.779477,USD
2593,1913,193.05,credit,2024-04-04 14:49:08.694869,GBP
2594,1722,660.11,debit,2024-04-04 15:41:42.610261,USD
2595,1661,879.97,credit,2024-04-04 16:34:16.525652,USD
2596,1548,566.14,debit,2024-04-04 17:26:50.441044,GBP
2597,1351,1167.91,credit,2024-04-04 18:19:24.356435,EUR
2598,1311,120.15,credit,2024-04-04 19:11:58.271827,USD
2599,1872,297.71,credit,2024-04-04 20:04:32.187218,EUR
2600,1058,1393.56,debit,2024-04-04 20:57:06.102610,USD
2601,1642,292.86,debit,2024-04-04 21:49:40.018001,USD
2602,1923,1283.15,credit,2024-04-04 22:42:13.933393,USD
2603,1713,118.82,credit,2024-04-04 23:34:47.848784,GBP
2604,1754,820.69,credit,2024-04-05 00:27:21.764176,USD
2605,1034,363.04,debit,2024-04-05 01:19:55.679567,EUR
2606,1444,228.18,credit,2024-04-05 02:12:29.594959,USD
2607,1092,1138.4,credit,2024-04-05 03:05:03.510351,EUR
2608,1949,1857.39,credit,2024-04-05 03:57:37.425742,USD
2609,1958,119.03,credit,2024-04-05 04:50:11.341134,USD
2610,1206,848.89,debit,2024-04-05 05:42:45.256525,EUR
2611,1352,1418.0,debit,2024-04-05 06:35:19.171917,USD
2612,1902,930.75,credit,2024-04-05 07:27:53.087308,USD
2613,1331,1614.93,credit,2024-04-05 08:20:27.002700,USD
2614,1816,367.49,credit,2024-04-05 09:13:00.918091,USD
2615,1861,1919.59,credit,2024-04-05 10:05:34.833483,USD
2616,1724,776.47,debit,2024-04-05 10:58:08.748874,USD
2617,1158,689.72,credit,2024-04-05 11:50:42.664266,USD
2618,1953,1750.47,credit,2024-04-05 12:43:16.579657,EUR
2619,1956,1132.1,credit,2024-04-05 13:35:50.495049,GBP
2620,1023,1037.72,debit,2024-04-05 14:28:24.410441,EUR
2621,1403,1456.69,credit,2024-04-05 15:20:58.325832,USD
2622,1804,1163.87,debit,2024-04-05 16:13:32.241224,EUR
2623,1515,333.41,debit,2024-04-05 17:06:06.156615,USD
2624,1731,1351.65,debit,2024-04-05 17:58:40.072007,EUR
2625,1363,275.6,debit,2024-04-05 18:51:13.987398,USD
2626,1381,1613.66,credit,2024-04-05 19:43:47.902790,USD
2627,1531,1979.58,credit,2024-04-05 20:36:21.818181,USD
2628,1955,761.0,debit,2024-04-05 21:28:55.733573,USD
2629,1151,895.06,debit,2024-04-05 22:21:29.648964,EUR
2630,1561,102.4,debit,2024-04-05 23:14:03.564356,EUR
2631,1688,37.33,debit,2024-04-06 00:06:37.479747,USD
2632,1946,1843.62,credit,2024-04-06 00:59:11.395139,EUR
2633,1607,265.96,credit,2024-04-06 01:51:45.310531,USD
2634,1616,897.1,debit,2024-04-06 02:44:19.225922,USD
2635,1419,1632.56,debit,2024-04-06 03:36:53.141314,USD
2636,1249,1779.74,credit,2024-04-06 04:29:27.056705,USD
2637,1116,1043.6,credit,2024-04-06 05:22:00.972097,USD
2638,1865,1134.41,credit,2024-04-06 06:14:34.887488,USD
2639,1511,1342.67,credit,2024-04-06 07:07:08.802880,USD
2640,1739,1923.15,credit,2024-04-06 07:59:42.718271,USD
2641,1577,1209.31,debit,2024-04-06 08:52:16.633663,EUR
2642,1334,1123.36,credit,2024-04-06 09:44:50.549054,USD
2643,1417,38.92,debit,2024-04-06 10:37:24.464446,USD
2644,1931,171.09,debit,2024-04-06 11:29:58.379837,USD
2645,1773,1158.57,debit,2024-04-06 12:22:32.295229,USD
2646,1294,1873.12,debit,2024-04-06 13:15:06.210621,GBP
2647,1937,1734.72,credit,2024-04-06 14:07:40.126012,USD
2648,1754,1965.33,debit,2024-04-06 15:00:14.041404,EUR
2649,1370,1060.39,credit,2024-04-06 15:52:47.956795,USD
2650,1185,1577.98,debit,2024-04-06 16:45:21.872187,EUR
2651,1245,1682.4,credit,2024-04-06 17:37:55.787578,GBP
2652,1636,1299.58,debit,2024-04-06 18:30:29.702970,USD
2653,1267,684.11,credit,2024-04-06 19:23:03.618361,USD
2654,1642,945.26,credit,2024-04-06 20:15:37.533753,USD
2655,1236,1717.25,credit,2024-04-06 21:08:11.449144,GBP
2656,1529,604.11,debit,2024-04-06 22:00:45.364536,USD
2657,1551,1848.25,credit,2024-04-06 22:53:19.279927,USD
2658,1020,467.31,credit,2024-04-06 23:45:53.195319,USD
2659,1910,1501.54,debit,2024-04-07 00:38:27.110711,GBP
2660,1736,1264.81,credit,2024-04-07 01:31:01.026102,USD
2661,1866,1501.7,credit,2024-04-07 02:23:34.941494,EUR
2662,1793,880.32,credit,2024-04-07 03:16:08.856885,EUR
2663,1519,1865.96,credit,2024-04-07 04:08:42.772277,USD
2664,1099,1268.62,debit,2024-04-07 05:01:16.687668,USD
2665,1751,583.71,credit,2024-04-07 05:53:50.603060,USD
2666,1477,1280.53,debit,2024-04-07 06:46:24.518451,USD
2667,1598,580.76,credit,2024-04-07 07:38:58.433843,USD
2668,1297,594.33,debit,2024-04-07 08:31:32.349234,USD
2669,1939,805.2,debit,2024-04-07 09:24:06.264626,USD
2670,1525,1706.34,debit,2024-04-07 10:16:40.180018,GBP
2671,1333,1005.59,credit,2024-04-07 11:09:14.095409,USD
2672,1001,1361.01,credit,2024-04-07 12:01:48.010801,EUR
2673,1374,790.02,credit,2024-04-07 12:54:21.926192,USD
2674,1292,534.57,debit,2024-04-07 13:46:55.841584,USD
2675,1836,1909.73,credit,2024-04-07 14:39:29.756975,USD
2676,1933,1211.13,debit,2024-04-07 15:32:03.672367,USD
2677,1552,1868.56,credit,2024-04-07 16:24:37.587758,USD
2678,1317,414.79,credit,2024-04-07 17:17:11.503150,USD
2679,1501,302.32,credit,2024-04-07 18:09:45.418541,USD
2680,1827,1713.09,credit,2024-04-07 19:02:19.333933,EUR
2681,1380,1365.03,debit,2024-04-07 19:54:53.249324,USD
2682,1622,381.29,credit,2024-04-07 20:47:27.164716,GBP
2683,1013,546.03,credit,2024-04-07 21:40:01.080108,EUR
2684,1503,1603.32,credit,2024-04-07 22:32:34.995499,USD
2685,1230,913.2,debit,2024-04-07 23:25:08.910891,USD
2686,1984,1344.38,credit,2024-04-08 00:17:42.826282,USD
2687,1083,643.52,credit,2024-04-08 01:10:16.741674,USD
2688,1129,768.65,debit,2024-04-08 02:02:50.657065,USD
2689,1742,1981.52,credit,2024-04-08 02:55:24.572457,GBP
2690,1837,502.76,credit,2024-04-08 03:47:58.487848,USD
2691,1144,1017.85,credit,2024-04-08 04:40:32.403240,EUR
2692,1890,1690.36,debit,2024-04-08 05:33:06.318631,USD
2693,1856,486.05,debit,2024-04-08 06:25:40.234023,USD
2694,1027,836.28,debit,2024-04-08 07:18:14.149414,EUR
2695,1065,1234.03,debit,2024-04-08 08:10:48.064806,USD
2696,1162,967.56,debit,2024-04-08 09:03:21.980198,EUR
2697,1228,924.41,credit,2024-04-08 09:55:55.895589,USD
2698,1260,731.39,credit,2024-04-08 10:48:29.810981,EUR
2699,1448,1177.43,credit,2024-04-08 11:41:03.726372,EUR
2700,1423,1252.5,credit,2024-04-08 12:33:37.641764,USD
2701,1459,1310.05,debit,2024-04-08 13:26:11.557155,EUR
2702,1951,150.03,debit,2024-04-08 14:18:45.472547,USD
2703,1675,1265.76,credit,2024-04-08 15:11:19.387938,USD
2704,1300,1906.94,credit,2024-04-08 16:03:53.303330,USD
2705,1918,1086.56,debit,2024-04-08 16:56:27.218721,USD
2706,1302,1433.38,credit,2024-04-08 17:49:01.134113,USD
2707,1286,1117.9,credit,2024-04-08 18:41:35.049504,EUR
2708,1394,1710.93,debit,2024-04-08 19:34:08.964896,USD
2709,1009,1859.87,credit,2024-04-08 20:26:42.880288,GBP
2710,1706,376.6,debit,2024-04-08 21:19:16.795679,GBP
2711,1629,879.35,debit,2024-04-08 22:11:50.711071,EUR
2712,1269,790.84,credit,2024-04-08 23:04:24.626462,GBP
2713,1591,816.38,credit,2024-04-08 23:56:58.541854,EUR
2714,1969,259.79,debit,2024-04-09 00:49:32.457245,USD
2715,1604,1629.1,credit,2024-04-09 01:42:06.372637,USD
2716,1777,81.17,credit,2024-04-09 02:34:40.288028,USD
2717,1843,1061.17,debit,2024-04-09 03:27:14.203420,USD
2718,1861,1327.14,credit,2024-04-09 04:19:48.118811,USD
2719,1360,422.86,credit,2024-04-09 05:12:22.034203,USD
2720,1256,1812.64,credit,2024-04-09 06:04:55.949594,USD
2721,1132,1678.71,credit,2024-04-09 06:57:29.864986,GBP
2722,1275,947.46,credit,2024-04-09 07:50:03.780378,USD
2723,1775,828.19,credit,2024-04-09 08:42:37.695769,USD
2724,1682,480.77,credit,2024-04-09 09:35:11.611161,USD
2725,1971,1462.69,credit,2024-04-09 10:27:45.526552,USD
2726,1512,272.17,debit,2024-04-09 11:20:19.441944,USD
2727,1312,1363.67,debit,2024-04-09 12:12:53.357335,USD
2728,1575,1686.49,credit,2024-04-09 13:05:27.272727,GBP
2729,1885,464.66,credit,2024-04-09 13:58:01.188118,USD
2730,1979,1734.19,debit,2024-04-09 14:50:35.103510,USD
2731,1283,76.31,debit,2024-04-09 15:43:09.018901,USD
2732,1120,1826.45,debit,2024-04-09 16:35:42.934293,GBP
2733,1106,245.54,debit,2024-04-09 17:28:16.849684,USD
2734,1932,1295.06,credit,2024-04-09 18:20:50.765076,USD
2735,1686,507.66,credit,2024-04-09 19:13:24.680468,EUR
2736,1996,1674.74,debit,2024-04-09 20:05:58.595859,USD
2737,1203,1029.48,debit,2024-04-09 20:58:32.511251,USD
2738,1164,279.13,credit,2024-04-09 21:51:06.426642,USD
2739,1304,1146.27,credit,2024-04-09 22:43:40.342034,USD
2740,1496,821.69,credit,2024-04-09 23:36:14.257425,USD
2741,1631,1326.28,credit,2024-04-10 00:28:48.172817,USD
2742,1555,1764.99,credit,2024-04-10 01:21:22.088208,EUR
2743,1823,824.68,debit,2024-04-10 02:13:56.003600,USD
2744,1155,586.86,debit,2024-04-10 03:06:29.918991,USD
2745,1366,38.89,debit,2024-04-10 03:59:03.834383,GBP
2746,1718,1153.93,debit,2024-04-10 04:51:37.749774,GBP
2747,1901,810.53,credit,2024-04-10 05:44:11.665166,GBP
2748,1619,755.55,debit,2024-04-10 06:36:45.580558,USD
2749,1250,374.04,debit,2024-04-10 07:29:19.495949,USD
2750,1956,865.81,credit,2024-04-10 08:21:53.411341,EUR
2751,1915,1969.04,debit,2024-04-10 09:14:27.326732,USD
2752,1881,602.53,credit,2024-04-10 10:07:01.242124,USD
2753,1333,1203.41,debit,2024-04-10 10:59:35.157515,USD
2754,1641,1555.21,credit,2024-04-10 11:52:09.072907,USD
2755,1968,1500.82,credit,2024-04-10 12:44:42.988298,USD
2756,1510,664.26,credit,2024-04-10 13:37:16.903690,EUR
2757,1292,1225.61,credit,2024-04-10 14:29:50.819081,USD
2758,1019,1743.82,credit,2024-04-10 15:22:24.734473,USD
2759,1281,40.74,credit,2024-04-10 16:14:58.649864,USD
2760,1796,877.11,credit,2024-04-10 17:07:32.565256,USD
2761,1000,456.3,credit,2024-04-10 18:00:06.480648,GBP
2762,1118,783.38,credit,2024-04-10 18:52:40.396039,GBP
2763,1034,837.82,debit,2024-04-10 19:45:14.311431,USD
2764,1197,1495.88,debit,2024-04-10 20:37:48.226822,GBP
2765,1484,196.71,debit,2024-04-10 21:30:22.142214,USD
2766,1756,1030.04,debit,2024-04-10 22:22:56.057605,USD
2767,1058,1132.75,credit,2024-04-10 23:15:29.972997,EUR
2768,1836,993.37,credit,2024-04-11 00:08:03.888388,GBP
2769,1160,1466.43,credit,2024-04-11 01:00:37.803780,USD
2770,1690,773.74,debit,2024-04-11 01:53:11.719171,USD
2771,1205,1890.48,debit,2024-04-11 02:45:45.634563,USD
2772,1011,968.79,credit,2024-04-11 03:38:19.549954,USD
2773,1489,1146.72,credit,2024-04-11 04:30:53.465346,USD
2774,1275,1652.81,debit,2024-04-11 05:23:27.380738,USD
2775,1692,557.72,credit,2024-04-11 06:16:01.296129,EUR
2776,1241,159.65,credit,2024-04-11 07:08:35.211521,USD
2777,1215,1418.49,debit,2024-04-11 08:01:09.126912,USD
2778,1250,971.19,credit,2024-04-11 08:53:43.042304,EUR
2779,1810,1794.04,debit,2024-04-11 09:46:16.957695,USD
2780,1125,1965.53,credit,2024-04-11 10:38:50.873087,EUR
2781,1993,804.23,debit,2024-04-11 11:31:24.788478,GBP
2782,1216,836.72,debit,2024-04-11 12:23:58.703870,GBP
2783,1305,821.85,credit,2024-04-11 13:16:32.619261,USD
2784,1796,655.86,debit,2024-04-11 14:09:06.534653,USD
2785,1184,1565.56,debit,2024-04-11 15:01:40.450045,USD
2786,1038,1520.4,debit,2024-04-11 15:54:14.365436,EUR
2787,1222,962.5,credit,2024-04-11 16:46:48.280828,GBP
2788,1183,98.88,credit,2024-04-11 17:39:22.196219,USD
2789,1494,626.02,credit,2024-04-11 18:31:56.111611,USD
2790,1426,591.68,debit,2024-04-11 19:24:30.027002,EUR
2791,1177,1624.06,debit,2024-04-11 20:17:03.942394,USD
2792,1918,184.28,credit,2024-04-11 21:09:37.857785,USD
2793,1427,1613.29,credit,2024-04-11 22:02:11.773177,GBP
2794,1293,1341.68,debit,2024-04-11 22:54:45.688568,USD
2795,1851,1467.56,credit,2024-04-11 23:47:19.603960,USD
2796,1150,870.1,credit,2024-04-12 00:39:53.519351,USD
2797,1383,1362.65,credit,2024-04-12 01:32:27.434743,EUR
2798,1637,1221.97,credit,2024-04-12 02:25:01.350135,USD
2799,1812,1540.27,debit,2024-04-12 03:17:35.265526,USD
2800,1307,899.07,credit,2024-04-12 04:10:09.180918,USD
2801,1335,950.92,credit,2024-04-12 05:02:43.096309,USD
2802,1945,1290.72,debit,2024-04-12 05:55:17.011701,USD
2803,1745,225.07,credit,2024-04-12 06:47:50.927092,USD
2804,1891,878.13,credit,2024-04-12 07:40:24.842484,USD
2805,1374,1944.18,debit,2024-04-12 08:32:58.757875,EUR
2806,1007,84.73,debit,2024-04-12 09:25:32.673267,EUR
2807,1340,638.85,credit,2024-04-12 10:18:06.588658,EUR
2808,1128,635.08,credit,2024-04-12 11:10:40.504050,EUR
2809,1775,1270.59,credit,2024-04-12 12:03:14.419441,USD
2810,1668,220.54,debit,2024-04-12 12:55:48.334833,EUR
2811,1351,1260.8,credit,2024-04-12 13:48:22.250225,EUR
2812,1357,199.13,credit,2024-04-12 14:40:56.165616,USD
2813,1516,198.96,credit,2024-04-12 15:33:30.081008,USD
2814,1494,1459.08,debit,2024-04-12 16:26:03.996399,USD
2815,1085,655.03,credit,2024-04-12 17:18:37.911791,USD
2816,1174,1955.07,credit,2024-04-12 18:11:11.827182,USD
2817,1801,84.33,credit,2024-04-12 19:03:45.742574,USD
2818,1192,895.76,credit,2024-04-12 19:56:19.657965,EUR
2819,1310,235.14,debit,2024-04-12 20:48:53.573357,EUR
2820,1118,709.24,debit,2024-04-12 21:41:27.488748,USD
2821,1217,1996.46,debit,2024-04-12 22:34:01.404140,USD
2822,1426,1778.8,debit,2024-04-12 23:26:35.319531,USD
2823,1969,106.17,credit,2024-04-13 00:19:09.234923,EUR
2824,1413,1130.88,debit,2024-04-13 01:11:43.150315,USD
2825,1113,1299.17,credit,2024-04-13 02:04:17.065706,EUR
2826,1977,426.97,credit,2024-04-13 02:56:50.981098,USD
2827,1144,298.76,debit,2024-04-13 03:49:24.896489,USD
2828,1537,1809.72,debit,2024-04-13 04:41:58.811881,GBP
2829,1647,1937.94,debit,2024-04-13 05:34:32.727272,USD
2830,1302,1983.87,debit,2024-04-13 06:27:06.642664,GBP
2831,1743,1581.63,debit,2024-04-13 07:19:40.558055,USD
2832,1880,1330.37,credit,2024-04-13 08:12:14.473447,EUR
2833,1587,698.0,debit,2024-04-13 09:04:48.388838,USD
2834,1986,351.08,debit,2024-04-13 09:57:22.304230,USD
2835,1839,167.17,debit,2024-04-13 10:49:56.219621,USD
2836,1344,1389.66,debit,2024-04-13 11:42:30.135013,USD
2837,1813,1571.6,credit,2024-04-13 12:35:04.050405,USD
2838,1963,1654.64,debit,2024-04-13 13:27:37.965796,EUR
2839,1800,1828.39,credit,2024-04-13 14:20:11.881188,GBP
2840,1000,1761.06,debit,2024-04-13 15:12:45.796579,USD
2841,1146,,credit,2024-04-13 16:05:19.711971,USD
2842,1286,495.69,credit,2024-04-13 16:57:53.627362,GBP
2843,1975,1528.98,credit,2024-04-13 17:50:27.542754,USD
2844,1653,1177.05,credit,2024-04-13 18:43:01.458145,EUR
2845,1052,529.88,credit,2024-04-13 19:35:35.373537,EUR
2846,1303,1963.99,credit,2024-04-13 20:28:09.288928,GBP
2847,1068,1796.82,credit,2024-04-13 21:20:43.204320,USD
2848,1360,265.75,credit,2024-04-13 22:13:17.119711,EUR
2849,1601,62.06,credit,2024-04-13 23:05:51.035103,USD
2850,1957,1379.78,credit,2024-04-13 23:58:24.950495,USD
2851,1219,1212.22,debit,2024-04-14 00:50:58.865886,USD
2852,1961,1872.27,credit,2024-04-14 01:43:32.781278,USD
2853,1703,475.67,credit,2024-04-14 02:36:06.696669,USD
2854,1965,177.93,credit,2024-04-14 03:28:40.612061,EUR
2855,1574,525.84,credit,2024-04-14 04:21:14.527452,USD
2856,1584,47.67,debit,2024-04-14 05:13:48.442844,USD
2857,1160,81.43,credit,2024-04-14 06:06:22.358235,EUR
2858,1680,1830.57,credit,2024-04-14 06:58:56.273627,EUR
2859,1088,710.51,credit,2024-04-14 07:51:30.189018,USD
2860,1687,827.51,debit,2024-04-14 08:44:04.104410,EUR
2861,1780,46.56,debit,2024-04-14 09:36:38.019801,GBP
2862,1584,548.34,credit,2024-04-14 10:29:11.935193,USD
2863,1756,1611.4,credit,2024-04-14 11:21:45.850585,EUR
2864,1588,1234.83,credit,2024-04-14 12:14:19.765976,USD
2865,1158,1510.02,debit,2024-04-14 13:06:53.681368,GBP
2866,1488,,credit,2024-04-14 13:59:27.596759,USD
2867,1970,626.36,credit,2024-04-14 14:52:01.512151,USD
2868,1323,970.79,credit,2024-04-14 15:44:35.427542,USD
2869,1609,652.91,credit,2024-04-14 16:37:09.342934,USD
2870,1380,1679.55,credit,2024-04-14 17:29:43.258325,USD
2871,1101,602.37,credit,2024-04-14 18:22:17.173717,EUR
2872,1493,1322.93,credit,2024-04-14 19:14:51.089108,USD
2873,1643,282.59,credit,2024-04-14 20:07:25.004500,USD
2874,1613,1376.86,credit,2024-04-14 20:59:58.919891,USD
2875,1018,1827.47,credit,2024-04-14 21:52:32.835283,EUR
2876,1453,1221.08,debit,2024-04-14 22:45:06.750675,EUR
2877,1481,1124.11,debit,2024-04-14 23:37:40.666066,EUR
2878,1593,1922.63,debit,2024-04-15 00:30:14.581458,GBP
2879,1396,1258.52,debit,2024-04-15 01:22:48.496849,USD
2880,1278,526.51,credit,2024-04-15 02:15:22.412241,EUR
2881,1850,591.86,credit,2024-04-15 03:07:56.327632,USD
2882,1364,1413.56,debit,2024-04-15 04:00:30.243024,EUR
2883,1330,1473.52,credit,2024-04-15 04:53:04.158415,USD
2884,1640,613.96,credit,2024-04-15 05:45:38.073807,GBP
2885,1343,697.23,credit,2024-04-15 06:38:11.989198,USD
2886,1821,1982.2,credit,2024-04-15 07:30:45.904590,USD
2887,1454,212.89,debit,2024-04-15 08:23:19.819981,USD
2888,1600,815.24,credit,2024-04-15 09:15:53.735373,USD
2889,1724,134.27,debit,2024-04-15 10:08:27.650765,USD
2890,1654,1643.95,credit,2024-04-15 11:01:01.566156,USD
2891,1064,193.77,credit,2024-04-15 11:53:35.481548,GBP
2892,1075,1351.27,credit,2024-04-15 12:46:09.396939,USD
2893,1710,122.4,credit,2024-04-15 13:38:43.312331,USD
2894,1142,1348.98,debit,2024-04-15 14:31:17.227722,EUR
2895,1916,1687.64,credit,2024-04-15 15:23:51.143114,USD
2896,1914,803.65,credit,2024-04-15 16:16:25.058505,EUR
2897,1827,1049.03,credit,2024-04-15 17:08:58.973897,USD
2898,1604,809.07,credit,2024-04-15 18:01:32.889288,USD
2899,1472,607.97,credit,2024-04-15 18:54:06.804680,USD
2900,1416,1608.49,debit,2024-04-15 19:46:40.720072,USD
2901,1304,551.29,credit,2024-04-15 20:39:14.635463,EUR
2902,1735,1448.66,debit,2024-04-15 21:31:48.550855,USD
2903,1496,420.33,credit,2024-04-15 22:24:22.466246,GBP
2904,1290,507.21,credit,2024-04-15 23:16:56.381638,USD
2905,1939,679.56,credit,2024-04-16 00:09:30.297029,EUR
2906,1101,1182.42,credit,2024-04-16 01:02:04.212421,GBP
2907,1985,914.3,debit,2024-04-16 01:54:38.127812,USD
2908,1266,1492.84,debit,2024-04-16 02:47:12.043204,EUR
2909,1866,435.0,debit,2024-04-16 03:39:45.958595,USD
2910,1967,31.24,debit,2024-04-16 04:32:19.873987,USD
2911,1621,1555.35,credit,2024-04-16 05:24:53.789378,EUR
2912,1973,1645.08,debit,2024-04-16 06:17:27.704770,USD
2913,1841,128.37,debit,2024-04-16 07:10:01.620162,USD
2914,1961,1225.71,debit,2024-04-16 08:02:35.535553,USD
2915,1941,762.63,credit,2024-04-16 08:55:09.450945,EUR
2916,1776,1589.85,credit,2024-04-16 09:47:43.366336,GBP
2917,1002,1750.08,credit,2024-04-16 10:40:17.281728,EUR
2918,1084,1703.5,credit,2024-04-16 11:32:51.197119,USD
2919,1793,1556.64,credit,2024-04-16 12:25:25.112511,EUR
2920,1327,545.41,debit,2024-04-16 13:17:59.027902,EUR
2921,1815,1625.66,credit,2024-04-16 14:10:32.943294,USD
2922,1449,1071.62,credit,2024-04-16 15:03:06.858685,USD
2923,1453,114.99,credit,2024-04-16 15:55:40.774077,EUR
2924,1923,919.31,debit,2024-04-16 16:48:14.689468,EUR
2925,1628,1884.89,credit,2024-04-16 17:40:48.604860,USD
2926,1220,1776.84,debit,2024-04-16 18:33:22.520252,GBP
2927,1153,213.51,debit,2024-04-16 19:25:56.435643,USD
2928,1664,1490.81,debit,2024-04-16 20:18:30.351035,GBP
2929,1011,1613.53,credit,2024-04-16 21:11:04.266426,USD
2930,1132,550.06,credit,2024-04-16 22:03:38.181818,USD
2931,1993,948.5,debit,2024-04-16 22:56:12.097209,USD
2932,1303,1424.87,debit,2024-04-16 23:48:46.012601,EUR
2933,1292,883.69,debit,2024-04-17 00:41:19.927992,USD
2934,1974,234.47,credit,2024-04-17 01:33:53.843384,EUR
2935,1299,1414.71,credit,2024-04-17 02:26:27.758775,USD
2936,1739,1824.16,credit,2024-04-17 03:19:01.674167,EUR
2937,1782,1308.44,debit,2024-04-17 04:11:35.589558,USD
2938,1042,1549.86,debit,2024-04-17 05:04:09.504950,USD
2939,1943,723.14,credit,2024-04-17 05:56:43.420342,USD
2940,1342,374.56,credit,2024-04-17 06:49:17.335733,USD
2941,1325,1289.12,credit,2024-04-17 07:41:51.251125,EUR
2942,1813,662.26,debit,2024-04-17 08:34:25.166516,USD
2943,1497,1721.55,credit,2024-04-17 09:26:59.081908,USD
2944,1363,254.03,credit,2024-04-17 10:19:32.997299,USD
2945,1890,872.59,credit,2024-04-17 11:12:06.912691,USD
2946,1426,,credit,2024-04-17 12:04:40.828082,USD
2947,1020,1876.73,debit,2024-04-17 12:57:14.743474,USD
2948,1406,314.74,debit,2024-04-17 13:49:48.658865,USD
2949,1618,29.6,debit,2024-04-17 14:42:22.574257,USD
2950,1335,483.79,debit,2024-04-17 15:34:56.489648,USD
2951,1814,1642.35,credit,2024-04-17 16:27:30.405040,USD
2952,1116,426.55,debit,2024-04-17 17:20:04.320432,USD
2953,1123,489.35,debit,2024-04-17 18:12:38.235823,EUR
2954,1398,268.5,debit,2024-04-17 19:05:12.151215,GBP
2955,1792,1433.72,credit,2024-04-17 19:57:46.066606,USD
2956,1803,147.66,debit,2024-04-17 20:50:19.981998,USD
2957,1714,669.1,debit,2024-04-17 21:42:53.897389,USD
2958,1050,572.17,credit,2024-04-17 22:35:27.812781,EUR
2959,1782,1114.77,credit,2024-04-17 23:28:01.728172,USD
2960,1323,1463.53,debit,2024-04-18 00:20:35.643564,EUR
2961,1788,1070.42,debit,2024-04-18 01:13:09.558955,USD
2962,1140,1862.74,credit,2024-04-18 02:05:43.474347,EUR
2963,1469,1903.37,credit,2024-04-18 02:58:17.389738,USD
2964,1786,729.32,credit,2024-04-18 03:50:51.305130,USD
2965,1801,1557.58,credit,2024-04-18 04:43:25.220522,USD
2966,1333,1480.21,debit,2024-04-18 05:35:59.135913,USD
2967,1892,1787.0,credit,2024-04-18 06:28:33.051305,EUR
2968,1963,,credit,2024-04-18 07:21:06.966696,GBP
2969,1372,1065.64,debit,2024-04-18 08:13:40.882088,USD
2970,1563,837.39,credit,2024-04-18 09:06:14.797479,USD
2971,1493,1702.25,debit,2024-04-18 09:58:48.712871,GBP
2972,1538,467.11,credit,2024-04-18 10:51:22.628262,USD
2973,1668,487.02,debit,2024-04-18 11:43:56.543654,USD
2974,1750,751.48,debit,2024-04-18 12:36:30.459045,USD
2975,1155,468.38,credit,2024-04-18 13:29:04.374437,USD
2976,1290,1126.4,debit,2024-04-18 14:21:38.289828,GBP
2977,1647,277.64,debit,2024-04-18 15:14:12.205220,USD
2978,1143,647.17,debit,2024-04-18 16:06:46.120612,USD
2979,1105,1827.75,credit,2024-04-18 16:59:20.036003,USD
2980,1419,824.36,credit,2024-04-18 17:51:53.951395,USD
2981,1669,1498.99,credit,2024-04-18 18:44:27.866786,EUR
2982,1657,235.79,credit,2024-04-18 19:37:01.782178,USD
2983,1001,502.65,credit,2024-04-18 20:29:35.697569,USD
2984,1944,1616.62,credit,2024-04-18 21:22:09.612961,GBP
2985,1588,1528.36,debit,2024-04-18 22:14:43.528352,USD
2986,1643,778.45,credit,2024-04-18 23:07:17.443744,USD
2987,1089,1909.25,debit,2024-04-18 23:59:51.359135,USD
2988,1344,1822.18,debit,2024-04-19 00:52:25.274527,USD
2989,1349,1924.98,credit,2024-04-19 01:44:59.189918,USD
2990,1458,861.55,credit,2024-04-19 02:37:33.105310,USD
2991,1262,402.97,debit,2024-04-19 03:30:07.020702,USD
2992,1350,1257.05,credit,2024-04-19 04:22:40.936093,EUR
2993,1107,1372.7,credit,2024-04-19 05:15:14.851485,USD
2994,1585,259.63,debit,2024-04-19 06:07:48.766876,EUR
2995,1038,1575.1,credit,2024-04-19 07:00:22.682268,USD
2996,1908,45.94,debit,2024-04-19 07:52:56.597659,GBP
2997,1158,970.63,debit,2024-04-19 08:45:30.513051,EUR
2998,1582,668.72,credit,2024-04-19 09:38:04.428442,USD
2999,1958,1483.2,debit,2024-04-19 10:30:38.343834,GBP
3000,1311,632.39,credit,2024-04-19 11:23:12.259225,USD
3001,1240,1655.35,debit,2024-04-19 12:15:46.174617,EUR
3002,1937,1193.96,debit,2024-04-19 13:08:20.090009,EUR
3003,1444,1589.85,credit,2024-04-19 14:00:54.005400,USD
3004,1297,1978.79,credit,2024-04-19 14:53:27.920792,USD
3005,1951,1361.53,debit,2024-04-19 15:46:01.836183,USD
3006,1035,1970.05,credit,2024-04-19 16:38:35.751575,USD
3007,1083,67.38,debit,2024-04-19 17:31:09.666966,USD
3008,1451,682.9,credit,2024-04-19 18:23:43.582358,USD
3009,1885,224.63,credit,2024-04-19 19:16:17.497749,USD
3010,1774,531.99,credit,2024-04-19 20:08:51.413141,USD
3011,1821,1679.39,debit,2024-04-19 21:01:25.328532,USD
3012,1384,74.32,debit,2024-04-19 21:53:59.243924,USD
3013,1171,1045.16,credit,2024-04-19 22:46:33.159315,USD
3014,1375,1138.59,debit,2024-04-19 23:39:07.074707,EUR
3015,1684,1126.69,debit,2024-04-20 00:31:40.990099,EUR
3016,1361,955.84,credit,2024-04-20 01:24:14.905490,USD
3017,1558,1583.3,credit,2024-04-20 02:16:48.820882,EUR
3018,1890,275.75,credit,2024-04-20 03:09:22.736273,EUR
3019,1140,628.05,credit,2024-04-20 04:01:56.651665,GBP
3020,1886,1235.29,credit,2024-04-20 04:54:30.567056,USD
3021,1917,1384.99,debit,2024-04-20 05:47:04.482448,USD
3022,1117,814.26,debit,2024-04-20 06:39:38.397839,USD
3023,1276,1751.99,credit,2024-04-20 07:32:12.313231,USD
3024,1725,,credit,2024-04-20 08:24:46.228622,USD
3025,1219,811.52,credit,2024-04-20 09:17:20.144014,USD
3026,1904,82.05,debit,2024-04-20 10:09:54.059405,USD
3027,1025,1106.77,credit,2024-04-20 11:02:27.974797,USD
3028,1520,1420.27,debit,2024-04-20 11:55:01.890189,USD
3029,1782,237.73,credit,2024-04-20 12:47:35.805580,GBP
3030,1009,617.81,debit,2024-04-20 13:40:09.720972,GBP
3031,1983,1564.7,credit,2024-04-20 14:32:43.636363,EUR
3032,1377,738.18,credit,2024-04-20 15:25:17.551755,USD
3033,1632,490.79,credit,2024-04-20 16:17:51.467146,GBP
3034,1636,1347.68,credit,2024-04-20 17:10:25.382538,USD
3035,1681,401.55,debit,2024-04-20 18:02:59.297929,EUR
3036,1583,1792.35,credit,2024-04-20 18:55:33.213321,USD
3037,1151,220.14,credit,2024-04-20 19:48:07.128712,USD
3038,1719,1416.03,debit,2024-04-20 20:40:41.044104,EUR
3039,1048,1004.1,credit,2024-04-20 21:33:14.959495,EUR
3040,1153,1741.16,credit,2024-04-20 22:25:48.874887,EUR
3041,1858,261.13,debit,2024-04-20 23:18:22.790279,GBP
3042,1292,1359.01,debit,2024-04-21 00:10:56.705670,USD
3043,1579,1148.39,credit,2024-04-21 01:03:30.621062,USD
3044,1049,965.38,debit,2024-04-21 01:56:04.536453,USD
3045,1663,987.9,debit,2024-04-21 02:48:38.451845,USD
3046,1530,1446.73,credit,2024-04-21 03:41:12.367236,EUR
3047,1611,1876.11,debit,2024-04-21 04:33:46.282628,EUR
3048,1059,191.59,debit,2024-04-21 05:26:20.198019,USD
3049,1166,48.81,debit,2024-04-21 06:18:54.113411,USD
3050,1201,1613.35,debit,2024-04-21 07:11:28.028802,USD
3051,1856,225.26,credit,2024-04-21 08:04:01.944194,EUR
3052,1145,1973.53,credit,2024-04-21 08:56:35.859585,USD
3053,1914,1242.5,credit,2024-04-21 09:49:09.774977,USD
3054,1675,1305.22,credit,2024-04-21 10:41:43.690369,USD
3055,1969,405.79,credit,2024-04-21 11:34:17.605760,USD
3056,1992,488.22,debit,2024-04-21 12:26:51.521152,EUR
3057,1438,1322.11,credit,2024-04-21 13:19:25.436543,GBP
3058,1241,,credit,2024-04-21 14:11:59.351935,USD
3059,1580,1964.96,debit,2024-04-21 15:04:33.267326,USD
3060,1686,404.08,debit,2024-04-21 15:57:07.182718,EUR
3061,1560,276.9,debit,2024-04-21 16:49:41.098109,EUR
3062,1482,122.24,credit,2024-04-21 17:42:15.013501,USD
3063,1107,1737.91,debit,2024-04-21 18:34:48.928892,USD
3064,1225,596.48,debit,2024-04-21 19:27:22.844284,GBP
3065,1672,13.61,credit,2024-04-21 20:19:56.759675,USD
3066,1630,455.4,credit,2024-04-21 21:12:30.675067,GBP
3067,1660,687.48,debit,2024-04-21 22:05:04.590459,USD
3068,1976,1982.06,credit,2024-04-21 22:57:38.505850,USD
3069,1661,1051.85,credit,2024-04-21 23:50:12.421242,USD
3070,1431,417.38,credit,2024-04-22 00:42:46.336633,EUR
3071,1804,676.29,credit,2024-04-22 01:35:20.252025,GBP
3072,1654,667.31,credit,2024-04-22 02:27:54.167416,USD
3073,1418,49.25,credit,2024-04-22 03:20:28.082808,USD
3074,1987,279.01,credit,2024-04-22 04:13:01.998199,USD
3075,1454,1393.44,credit,2024-04-22 05:05:35.913591,EUR
3076,1159,249.3,debit,2024-04-22 05:58:09.828982,EUR
3077,1522,469.16,debit,2024-04-22 06:50:43.744374,EUR
3078,1649,707.97,credit,2024-04-22 07:43:17.659765,USD
3079,1968,,debit,2024-04-22 08:35:51.575157,USD
3080,1589,1168.98,credit,2024-04-22 09:28:25.490549,USD
3081,1076,1381.11,credit,2024-04-22 10:20:59.405940,USD
3082,1508,1138.35,debit,2024-04-22 11:13:33.321332,USD
3083,1440,1370.35,credit,2024-04-22 12:06:07.236723,GBP
3084,1253,15.66,credit,2024-04-22 12:58:41.152115,USD
3085,1920,1862.49,credit,2024-04-22 13:51:15.067506,USD
3086,1769,230.73,debit,2024-04-22 14:43:48.982898,EUR
3087,1319,818.44,credit,2024-04-22 15:36:22.898289,EUR
3088,1802,1544.37,credit,2024-04-22 16:28:56.813681,USD
3089,1262,876.11,debit,2024-04-22 17:21:30.729072,USD
3090,1596,1894.22,credit,2024-04-22 18:14:04.644464,USD
3091,1657,940.5,credit,2024-04-22 19:06:38.559855,USD
3092,1834,1751.13,credit,2024-04-22 19:59:12.475247,EUR
3093,1553,1623.55,credit,2024-04-22 20:51:46.390639,EUR
3094,1373,1962.16,credit,2024-04-22 21:44:20.306030,USD
3095,1636,1853.83,debit,2024-04-22 22:36:54.221422,EUR
3096,1166,1797.27,debit,2024-04-22 23:29:28.136813,EUR
3097,1936,1465.89,credit,2024-04-23 00:22:02.052205,GBP
3098,1752,740.33,credit,2024-04-23 01:14:35.967596,EUR
3099,1458,221.19,credit,2024-04-23 02:07:09.882988,USD
3100,1998,1380.4,credit,2024-04-23 02:59:43.798379,USD
3101,1279,1957.52,credit,2024-04-23 03:52:17.713771,USD
3102,1699,1455.94,credit,2024-04-23 04:44:51.629162,USD
3103,1301,1858.17,credit,2024-04-23 05:37:25.544554,USD
3104,1530,1610.57,credit,2024-04-23 06:29:59.459945,USD
3105,1579,334.6,credit,2024-04-23 07:22:33.375337,EUR
3106,1217,505.92,credit,2024-04-23 08:15:07.290729,USD
3107,1101,690.31,credit,2024-04-23 09:07:41.206120,GBP
3108,1553,344.84,credit,2024-04-23 10:00:15.121512,USD
3109,1287,1167.49,debit,2024-04-23 10:52:49.036903,USD
3110,1166,1951.15,credit,2024-04-23 11:45:22.952295,USD
3111,1620,1525.3,credit,2024-04-23 12:37:56.867686,USD
3112,1035,852.54,credit,2024-04-23 13:30:30.783078,USD
3113,1743,18.96,credit,2024-04-23 14:23:04.698469,EUR
3114,1740,633.42,debit,2024-04-23 15:15:38.613861,USD
3115,1352,1058.25,debit,2024-04-23 16:08:12.529252,EUR
3116,1675,655.26,credit,2024-04-23 17:00:46.444644,USD
3117,1898,230.96,debit,2024-04-23 17:53:20.360036,USD
3118,1072,891.1,credit,2024-04-23 18:45:54.275427,EUR
3119,1647,513.97,credit,2024-04-23 19:38:28.190819,USD
3120,1352,1819.37,credit,2024-04-23 20:31:02.106210,USD
3121,1890,212.49,debit,2024-04-23 21:23:36.021602,USD
3122,1069,107.81,credit,2024-04-23 22:16:09.936993,USD
3123,1424,20.58,debit,2024-04-23 23:08:43.852385,USD
3124,1998,662.86,credit,2024-04-24 00:01:17.767776,USD
3125,1707,1324.17,credit,2024-04-24 00:53:51.683168,USD
3126,1780,1463.52,debit,2024-04-24 01:46:25.598559,USD
3127,1560,911.99,debit,2024-04-24 02:38:59.513951,EUR
3128,1827,1371.81,debit,2024-04-24 03:31:33.429342,USD
3129,1641,726.23,debit,2024-04-24 04:24:07.344734,GBP
3130,1955,1338.93,credit,2024-04-24 05:16:41.260126,USD
3131,1516,90.79,credit,2024-04-24 06:09:15.175517,EUR
3132,1427,787.6,credit,2024-04-24 07:01:49.090909,EUR
3133,1538,1583.79,credit,2024-04-24 07:54:23.006300,USD
3134,1159,1607.98,debit,2024-04-24 08:46:56.921692,GBP
3135,1148,1435.14,debit,2024-04-24 09:39:30.837083,USD
3136,1775,416.43,debit,2024-04-24 10:32:04.752475,USD
3137,1229,501.94,credit,2024-04-24 11:24:38.667866,USD
3138,1711,1992.22,debit,2024-04-24 12:17:12.583258,GBP
3139,1561,215.72,debit,2024-04-24 13:09:46.498649,EUR
3140,1066,369.52,credit,2024-04-24 14:02:20.414041,USD
3141,1811,268.75,credit,2024-04-24 14:54:54.329432,USD
3142,1380,662.03,debit,2024-04-24 15:47:28.244824,USD
3143,1057,428.25,credit,2024-04-24 16:40:02.160216,USD
3144,1258,1000.4,debit,2024-04-24 17:32:36.075607,USD
3145,1341,957.28,credit,2024-04-24 18:25:09.990999,USD
3146,1837,1804.0,credit,2024-04-24 19:17:43.906390,USD
3147,1129,79.13,credit,2024-04-24 20:10:17.821782,GBP
3148,1726,646.56,credit,2024-04-24 21:02:51.737173,USD
3149,1171,1197.35,credit,2024-04-24 21:55:25.652565,EUR
3150,1769,1213.56,credit,2024-04-24 22:47:59.567956,USD
3151,1613,965.45,debit,2024-04-24 23:40:33.483348,GBP
3152,1208,1633.17,debit,2024-04-25 00:33:07.398739,USD
3153,1802,134.82,credit,2024-04-25 01:25:41.314131,USD
3154,1353,1632.82,credit,2024-04-25 02:18:15.229522,EUR
3155,1470,994.56,credit,2024-04-25 03:10:49.144914,EUR
3156,1797,276.18,debit,2024-04-25 04:03:23.060306,USD
3157,1115,1772.55,credit,2024-04-25 04:55:56.975697,USD
3158,1263,1301.97,credit,2024-04-25 05:48:30.891089,USD
3159,1661,335.46,credit,2024-04-25 06:41:04.806480,USD
3160,1811,76.96,debit,2024-04-25 07:33:38.721872,USD
3161,1441,290.81,credit,2024-04-25 08:26:12.637263,USD
3162,1547,1221.51,debit,2024-04-25 09:18:46.552655,USD
3163,1452,366.8,debit,2024-04-25 10:11:20.468046,USD
3164,1844,459.27,credit,2024-04-25 11:03:54.383438,USD
3165,1476,60.03,credit,2024-04-25 11:56:28.298829,EUR
3166,1286,1448.63,credit,2024-04-25 12:49:02.214221,USD
3167,1302,1622.63,credit,2024-04-25 13:41:36.129612,USD
3168,1310,1595.73,credit,2024-04-25 14:34:10.045004,USD
3169,1207,263.86,credit,2024-04-25 15:26:43.960396,USD
3170,1617,1807.57,debit,2024-04-25 16:19:17.875787,USD
3171,1445,1347.83,credit,2024-04-25 17:11:51.791179,USD
3172,1669,1796.08,credit,2024-04-25 18:04:25.706570,EUR
3173,1632,899.85,credit,2024-04-25 18:56:59.621962,GBP
3174,1054,879.54,credit,2024-04-25 19:49:33.537353,EUR
3175,1911,1571.23,credit,2024-04-25 20:42:07.452745,USD
3176,1011,195.66,credit,2024-04-25 21:34:41.368136,USD
3177,1656,1046.54,credit,2024-04-25 22:27:15.283528,GBP
3178,1399,1674.4,debit,2024-04-25 23:19:49.198919,USD
3179,1907,1662.08,credit,2024-04-26 00:12:23.114311,USD
3180,1647,1912.7,debit,2024-04-26 01:04:57.029702,USD
3181,1979,1399.56,credit,2024-04-26 01:57:30.945094,EUR
3182,1514,423.46,debit,2024-04-26 02:50:04.860486,USD
3183,1655,,credit,2024-04-26 03:42:38.775877,USD
3184,1541,964.04,debit,2024-04-26 04:35:12.691269,EUR
3185,1236,1032.27,credit,2024-04-26 05:27:46.606660,EUR
3186,1278,488.12,credit,2024-04-26 06:20:20.522052,USD
3187,1347,258.15,credit,2024-04-26 07:12:54.437443,EUR
3188,1626,1176.55,credit,2024-04-26 08:05:28.352835,USD
3189,1103,1530.87,credit,2024-04-26 08:58:02.268226,EUR
3190,1629,1986.38,debit,2024-04-26 09:50:36.183618,USD
3191,1516,1519.02,credit,2024-04-26 10:43:10.099009,USD
3192,1979,1589.33,debit,2024-04-26 11:35:44.014401,EUR
3193,1871,1236.76,credit,2024-04-26 12:28:17.929792,USD
3194,1247,1971.99,credit,2024-04-26 13:20:51.845184,USD
3195,1363,1283.51,credit,2024-04-26 14:13:25.760576,USD
3196,1320,1721.9,credit,2024-04-26 15:05:59.675967,GBP
3197,1632,1892.11,credit,2024-04-26 15:58:33.591359,USD
3198,1285,1860.42,debit,2024-04-26 16:51:07.506750,USD
3199,1148,769.02,credit,2024-04-26 17:43:41.422142,USD
3200,1083,166.54,debit,2024-04-26 18:36:15.337533,USD
3201,1965,352.03,debit,2024-04-26 19:28:49.252925,EUR
3202,1405,127.85,credit,2024-04-26 20:21:23.168316,EUR
3203,1977,219.74,debit,2024-04-26 21:13:57.083708,EUR
3204,1455,377.46,credit,2024-04-26 22:06:30.999099,GBP
3205,1742,688.78,credit,2024-04-26 22:59:04.914491,EUR
3206,1799,1091.64,credit,2024-04-26 23:51:38.829882,USD
3207,1160,1426.25,credit,2024-04-27 00:44:12.745274,USD
3208,1783,429.75,debit,2024-04-27 01:36:46.660666,USD
3209,1459,1348.32,debit,2024-04-27 02:29:20.576057,USD
3210,1549,1411.48,credit,2024-04-27 03:21:54.491449,USD
3211,1499,1121.66,credit,2024-04-27 04:14:28.406840,USD
3212,1737,1808.2,credit,2024-04-27 05:07:02.322232,EUR
3213,1508,230.88,debit,2024-04-27 05:59:36.237623,USD
3214,1653,362.47,credit,2024-04-27 06:52:10.153015,USD
3215,1803,863.04,credit,2024-04-27 07:44:44.068406,USD
3216,1480,262.16,debit,2024-04-27 08:37:17.983798,USD
3217,1662,1136.93,credit,2024-04-27 09:29:51.899189,USD
3218,1113,802.82,debit,2024-04-27 10:22:25.814581,USD
3219,1748,576.35,credit,2024-04-27 11:14:59.729972,USD
3220,1577,348.28,debit,2024-04-27 12:07:33.645364,EUR
3221,1360,677.32,credit,2024-04-27 13:00:07.560756,EUR
3222,1340,1219.84,credit,2024-04-27 13:52:41.476147,USD
3223,1769,1155.81,debit,2024-04-27 14:45:15.391539,USD
3224,1986,335.61,debit,2024-04-27 15:37:49.306930,EUR
3225,1760,258.59,debit,2024-04-27 16:30:23.222322,USD
3226,1968,63.09,credit,2024-04-27 17:22:57.137713,USD
3227,1448,34.73,debit,2024-04-27 18:15:31.053105,USD
3228,1842,1760.82,credit,2024-04-27 19:08:04.968496,EUR
3229,1834,99.73,credit,2024-04-27 20:00:38.883888,EUR
3230,1179,1465.13,credit,2024-04-27 20:53:12.799279,GBP
3231,1701,1745.25,debit,2024-04-27 21:45:46.714671,USD
3232,1406,205.14,debit,2024-04-27 22:38:20.630063,USD
3233,1665,878.24,credit,2024-04-27 23:30:54.545454,USD
3234,1195,1924.98,credit,2024-04-28 00:23:28.460846,EUR
3235,1465,1669.94,credit,2024-04-28 01:16:02.376237,USD
3236,1310,984.51,credit,2024-04-28 02:08:36.291629,USD
3237,1261,1527.52,credit,2024-04-28 03:01:10.207020,USD
3238,1418,1668.42,debit,2024-04-28 03:53:44.122412,EUR
3239,1405,702.57,debit,2024-04-28 04:46:18.037803,USD
3240,1938,1785.38,debit,2024-04-28 05:38:51.953195,GBP
3241,1142,,credit,2024-04-28 06:31:25.868586,USD
3242,1341,1060.34,credit,2024-04-28 07:23:59.783978,USD
3243,1315,1999.42,credit,2024-04-28 08:16:33.699369,USD
3244,1100,1688.17,debit,2024-04-28 09:09:07.614761,USD
3245,1243,729.92,credit,2024-04-28 10:01:41.530153,USD
3246,1489,30.59,debit,2024-04-28 10:54:15.445544,EUR
3247,1011,1256.09,debit,2024-04-28 11:46:49.360936,USD
3248,1238,1410.79,credit,2024-04-28 12:39:23.276327,USD
3249,1560,1305.1,credit,2024-04-28 13:31:57.191719,EUR
3250,1041,1936.05,debit,2024-04-28 14:24:31.107110,USD
3251,1677,1727.31,debit,2024-04-28 15:17:05.022502,USD
3252,1593,903.18,credit,2024-04-28 16:09:38.937893,USD
3253,1428,135.09,credit,2024-04-28 17:02:12.853285,USD
3254,1802,957.36,credit,2024-04-28 17:54:46.768676,USD
3255,1157,1381.6,debit,2024-04-28 18:47:20.684068,USD
3256,1215,1219.34,credit,2024-04-28 19:39:54.599459,USD
3257,1669,1080.89,credit,2024-04-28 20:32:28.514851,GBP
3258,1461,942.95,credit,2024-04-28 21:25:02.430243,USD
3259,1133,594.59,debit,2024-04-28 22:17:36.345634,USD
3260,1066,561.92,credit,2024-04-28 23:10:10.261026,EUR
3261,1847,1005.46,debit,2024-04-29 00:02:44.176417,USD
3262,1006,329.6,credit,2024-04-29 00:55:18.091809,USD
3263,1947,687.96,credit,2024-04-29 01:47:52.007200,USD
3264,1525,654.72,credit,2024-04-29 02:40:25.922592,GBP
3265,1072,1178.39,credit,2024-04-29 03:32:59.837983,USD
3266,1398,142.7,debit,2024-04-29 04:25:33.753375,GBP
3267,1404,1661.04,credit,2024-04-29 05:18:07.668766,EUR
3268,1674,1129.13,credit,2024-04-29 06:10:41.584158,USD
3269,1577,1344.95,credit,2024-04-29 07:03:15.499549,EUR
3270,1858,1409.16,debit,2024-04-29 07:55:49.414941,USD
3271,1129,590.05,credit,2024-04-29 08:48:23.330333,USD
3272,1930,946.04,credit,2024-04-29 09:40:57.245724,USD
3273,1465,1912.93,credit,2024-04-29 10:33:31.161116,USD
3274,1205,1535.74,debit,2024-04-29 11:26:05.076507,GBP
3275,1787,1939.42,credit,2024-04-29 12:18:38.991899,USD
3276,1977,1495.05,debit,2024-04-29 13:11:12.907290,USD
3277,1767,359.44,credit,2024-04-29 14:03:46.822682,EUR
3278,1265,138.43,credit,2024-04-29 14:56:20.738073,GBP
3279,1536,1159.55,credit,2024-04-29 15:48:54.653465,GBP
3280,1961,722.05,credit,2024-04-29 16:41:28.568856,EUR
3281,1792,558.16,debit,2024-04-29 17:34:02.484248,USD
3282,1252,1616.35,credit,2024-04-29 18:26:36.399639,USD
3283,1821,740.32,credit,2024-04-29 19:19:10.315031,USD
3284,1288,640.83,debit,2024-04-29 20:11:44.230423,USD
3285,1163,1701.48,credit,2024-04-29 21:04:18.145814,USD
3286,1094,1694.11,credit,2024-04-29 21:56:52.061206,GBP
3287,1781,719.17,debit,2024-04-29 22:49:25.976597,GBP
3288,1832,1666.67,credit,2024-04-29 23:41:59.891989,USD
3289,1109,1703.05,debit,2024-04-30 00:34:33.807380,EUR
3290,1335,853.62,credit,2024-04-30 01:27:07.722772,USD
3291,1821,142.28,credit,2024-04-30 02:19:41.638163,USD
3292,1237,13.15,credit,2024-04-30 03:12:15.553555,GBP
3293,1380,1051.35,debit,2024-04-30 04:04:49.468946,USD
3294,1435,694.71,credit,2024-04-30 04:57:23.384338,EUR
3295,1898,1994.29,credit,2024-04-30 05:49:57.299729,USD
3296,1482,1547.1,debit,2024-04-30 06:42:31.215121,EUR
3297,1936,,credit,2024-04-30 07:35:05.130513,USD
3298,1901,1910.93,debit,2024-04-30 08:27:39.045904,USD
3299,1024,1776.57,credit,2024-04-30 09:20:12.961296,USD
3300,1652,643.19,credit,2024-04-30 10:12:46.876687,USD
3301,1116,340.31,credit,2024-04-30 11:05:20.792079,USD
3302,1481,,credit,2024-04-30 11:57:54.707470,USD
3303,1391,762.77,debit,2024-04-30 12:50:28.622862,EUR
3304,1916,951.61,debit,2024-04-30 13:43:02.538253,EUR
3305,1993,1264.49,debit,2024-04-30 14:35:36.453645,USD
3306,1963,1816.67,debit,2024-04-30 15:28:10.369036,USD
3307,1536,843.98,credit,2024-04-30 16:20:44.284428,EUR
3308,1078,1568.8,debit,2024-04-30 17:13:18.199819,USD
3309,1579,544.0,debit,2024-04-30 18:05:52.115211,USD
3310,1172,1398.96,credit,2024-04-30 18:58:26.030603,USD
3311,1955,,credit,2024-04-30 19:50:59.945994,USD
3312,1011,1744.3,debit,2024-04-30 20:43:33.861386,USD
3313,1799,70.46,credit,2024-04-30 21:36:07.776777,USD
3314,1127,1428.38,debit,2024-04-30 22:28:41.692169,USD
3315,1607,102.05,credit,2024-04-30 23:21:15.607560,USD
3316,1091,539.83,credit,2024-05-01 00:13:49.522952,USD
3317,1652,999.43,credit,2024-05-01 01:06:23.438343,USD
3318,1542,845.68,credit,2024-05-01 01:58:57.353735,EUR
3319,1845,391.75,credit,2024-05-01 02:51:31.269126,EUR
3320,1531,674.29,credit,2024-05-01 03:44:05.184518,USD
3321,1657,1458.14,credit,2024-05-01 04:36:39.099909,USD
3322,1988,1341.82,debit,2024-05-01 05:29:13.015301,USD
3323,1827,152.91,credit,2024-05-01 06:21:46.930693,USD
3324,1446,1497.16,debit,2024-05-01 07:14:20.846084,GBP
3325,1389,115.56,credit,2024-05-01 08:06:54.761476,USD
3326,1671,1090.42,debit,2024-05-01 08:59:28.676867,USD
3327,1860,527.52,debit,2024-05-01 09:52:02.592259,USD
3328,1042,1179.5,credit,2024-05-01 10:44:36.507650,GBP
3329,1253,530.04,debit,2024-05-01 11:37:10.423042,USD
3330,1129,1970.07,credit,2024-05-01 12:29:44.338433,USD
3331,1059,626.36,credit,2024-05-01 13:22:18.253825,USD
3332,1662,491.5,debit,2024-05-01 14:14:52.169216,USD
3333,1466,564.15,credit,2024-05-01 15:07:26.084608,USD
3334,1286,1793.98,credit,2024-05-01 16:00:00.000000,USD
3335,1516,1276.08,credit,2024-05-01 16:52:33.915391,USD
3336,1466,1464.06,debit,2024-05-01 17:45:07.830783,USD
3337,1929,1836.84,debit,2024-05-01 18:37:41.746174,USD
3338,1777,1824.63,credit,2024-05-01 19:30:15.661566,USD
3339,1344,1480.5,debit,2024-05-01 20:22:49.576957,USD
3340,1641,403.67,debit,2024-05-01 21:15:23.492349,EUR
3341,1381,1688.31,debit,2024-05-01 22:07:57.407740,GBP
3342,1778,415.51,credit,2024-05-01 23:00:31.323132,EUR
3343,1689,1488.37,debit,2024-05-01 23:53:05.238523,USD
3344,1252,1374.35,debit,2024-05-02 00:45:39.153915,USD
3345,1926,1520.19,credit,2024-05-02 01:38:13.069306,USD
3346,1055,1070.04,debit,2024-05-02 02:30:46.984698,USD
3347,1462,1281.07,credit,2024-05-02 03:23:20.900090,USD
3348,1456,1907.11,credit,2024-05-02 04:15:54.815481,USD
3349,1982,211.17,debit,2024-05-02 05:08:28.730873,USD
3350,1082,624.61,debit,2024-05-02 06:01:02.646264,USD
3351,1904,1226.6,credit,2024-05-02 06:53:36.561656,USD
3352,1098,1928.47,credit,2024-05-02 07:46:10.477047,USD
3353,1148,200.19,debit,2024-05-02 08:38:44.392439,USD
3354,1328,54.87,debit,2024-05-02 09:31:18.307830,USD
3355,1155,120.94,debit,2024-05-02 10:23:52.223222,USD
3356,1189,114.29,debit,2024-05-02 11:16:26.138613,EUR
3357,1493,1816.55,debit,2024-05-02 12:09:00.054005,EUR
3358,1882,1445.3,credit,2024-05-02 13:01:33.969396,USD
3359,1262,1357.44,debit,2024-05-02 13:54:07.884788,EUR
3360,1079,1049.92,credit,2024-05-02 14:46:41.800180,USD
3361,1399,1566.09,debit,2024-05-02 15:39:15.715571,USD
3362,1763,319.74,credit,2024-05-02 16:31:49.630963,USD
3363,1608,789.96,credit,2024-05-02 17:24:23.546354,EUR
3364,1259,985.11,debit,2024-05-02 18:16:57.461746,USD
3365,1771,229.71,debit,2024-05-02 19:09:31.377137,USD
3366,1614,844.83,debit,2024-05-02 20:02:05.292529,USD
3367,1551,639.84,debit,2024-05-02 20:54:39.207920,GBP
3368,1784,80.81,credit,2024-05-02 21:47:13.123312,USD
3369,1100,282.1,debit,2024-05-02 22:39:47.038703,USD
3370,1358,1530.43,credit,2024-05-02 23:32:20.954095,USD
3371,1379,45.9,credit,2024-05-03 00:24:54.869486,EUR
3372,1819,1869.16,credit,2024-05-03 01:17:28.784878,USD
3373,1220,181.99,debit,2024-05-03 02:10:02.700270,USD
3374,1819,1600.48,debit,2024-05-03 03:02:36.615661,USD
3375,1419,1798.25,debit,2024-05-03 03:55:10.531053,USD
3376,1123,1882.86,credit,2024-05-03 04:47:44.446444,USD
3377,1421,1736.28,credit,2024-05-03 05:40:18.361836,USD
3378,1230,582.22,credit,2024-05-03 06:32:52.277227,EUR
3379,1689,672.84,credit,2024-05-03 07:25:26.192619,USD
3380,1062,858.83,credit,2024-05-03 08:18:00.108010,GBP
3381,1484,287.2,debit,2024-05-03 09:10:34.023402,EUR
3382,1627,54.32,debit,2024-05-03 10:03:07.938793,USD
3383,1702,1739.55,credit,2024-05-03 10:55:41.854185,USD
3384,1573,1112.72,credit,2024-05-03 11:48:15.769576,EUR
3385,1767,1221.36,debit,2024-05-03 12:40:49.684968,USD
3386,1482,1854.71,debit,2024-05-03 13:33:23.600360,USD
3387,1518,1333.59,debit,2024-05-03 14:25:57.515751,USD
3388,1154,1384.8,credit,2024-05-03 15:18:31.431143,USD
3389,1091,1576.07,credit,2024-05-03 16:11:05.346534,USD
3390,1981,,debit,2024-05-03 17:03:39.261926,GBP
3391,1525,726.72,credit,2024-05-03 17:56:13.177317,EUR
3392,1454,1936.73,debit,2024-05-03 18:48:47.092709,USD
3393,1740,1846.63,credit,2024-05-03 19:41:21.008100,USD
3394,1597,1769.31,credit,2024-05-03 20:33:54.923492,USD
3395,1644,909.66,debit,2024-05-03 21:26:28.838883,USD
3396,1509,1715.81,credit,2024-05-03 22:19:02.754275,USD
3397,1182,106.31,debit,2024-05-03 23:11:36.669666,EUR
3398,1385,305.55,credit,2024-05-04 00:04:10.585058,GBP
3399,1573,833.8,debit,2024-05-04 00:56:44.500450,USD
3400,1730,971.95,credit,2024-05-04 01:49:18.415841,USD
3401,1404,534.38,credit,2024-05-04 02:41:52.331233,USD
3402,1245,719.39,credit,2024-05-04 03:34:26.246624,USD
3403,1741,333.92,debit,2024-05-04 04:27:00.162016,USD
3404,1590,983.38,debit,2024-05-04 05:19:34.077407,EUR
3405,1660,1589.75,credit,2024-05-04 06:12:07.992799,GBP
3406,1649,1326.11,credit,2024-05-04 07:04:41.908190,GBP
3407,1470,224.51,debit,2024-05-04 07:57:15.823582,EUR
3408,1825,980.29,debit,2024-05-04 08:49:49.738973,GBP
3409,1887,1398.32,debit,2024-05-04 09:42:23.654365,GBP
3410,1422,1064.49,debit,2024-05-04 10:34:57.569756,USD
3411,1900,789.43,credit,2024-05-04 11:27:31.485148,USD
3412,1064,1247.61,credit,2024-05-04 12:20:05.400540,USD
3413,1012,1937.59,credit,2024-05-04 13:12:39.315931,USD
3414,1212,198.87,debit,2024-05-04 14:05:13.231323,USD
3415,1985,786.13,credit,2024-05-04 14:57:47.146714,EUR
3416,1241,819.15,credit,2024-05-04 15:50:21.062106,USD
3417,1492,1158.16,debit,2024-05-04 16:42:54.977497,USD
3418,1212,312.83,credit,2024-05-04 17:35:28.892889,USD
3419,1692,361.52,debit,2024-05-04 18:28:02.808280,USD
3420,1337,577.87,debit,2024-05-04 19:20:36.723672,USD
3421,1996,1912.18,debit,2024-05-04 20:13:10.639063,USD
3422,1172,1470.88,credit,2024-05-04 21:05:44.554455,USD
3423,1671,1326.77,credit,2024-05-04 21:58:18.469846,USD
3424,1163,1635.75,debit,2024-05-04 22:50:52.385238,USD
3425,1464,263.88,credit,2024-05-04 23:43:26.300630,USD
3426,1994,1720.07,credit,2024-05-05 00:36:00.216021,USD
3427,1496,1193.72,debit,2024-05-05 01:28:34.131413,USD
3428,1699,677.3,credit,2024-05-05 02:21:08.046804,USD
3429,1394,1633.55,debit,2024-05-05 03:13:41.962196,USD
3430,1702,1607.1,debit,2024-05-05 04:06:15.877587,USD
3431,1916,1692.96,credit,2024-05-05 04:58:49.792979,USD
3432,1307,239.88,credit,2024-05-05 05:51:23.708370,GBP
3433,1767,1939.03,credit,2024-05-05 06:43:57.623762,USD
3434,1182,1919.66,credit,2024-05-05 07:36:31.539153,USD
3435,1628,721.36,debit,2024-05-05 08:29:05.454545,EUR
3436,1793,141.13,credit,2024-05-05 09:21:39.369936,GBP
3437,1509,342.44,credit,2024-05-05 10:14:13.285328,USD
3438,1707,1985.73,debit,2024-05-05 11:06:47.200720,EUR
3439,1545,1130.4,credit,2024-05-05 11:59:21.116111,EUR
3440,1563,719.68,credit,2024-05-05 12:51:55.031503,USD
3441,1623,583.52,debit,2024-05-05 13:44:28.946894,EUR
3442,1763,521.41,credit,2024-05-05 14:37:02.862286,USD
3443,1593,1331.66,debit,2024-05-05 15:29:36.777677,USD
3444,1743,844.58,debit,2024-05-05 16:22:10.693069,USD
3445,1226,1931.17,debit,2024-05-05 17:14:44.608460,USD
3446,1744,1370.85,debit,2024-05-05 18:07:18.523852,EUR
3447,1732,1586.17,credit,2024-05-05 18:59:52.439243,EUR
3448,1435,592.56,debit,2024-05-05 19:52:26.354635,GBP
3449,1924,167.58,debit,2024-05-05 20:45:00.270027,USD
3450,1421,980.77,credit,2024-05-05 21:37:34.185418,USD
3451,1553,636.02,credit,2024-05-05 22:30:08.100810,EUR
3452,1020,412.15,debit,2024-05-05 23:22:42.016201,USD
3453,1553,1905.76,credit,2024-05-06 00:15:15.931593,USD
3454,1396,893.54,debit,2024-05-06 01:07:49.846984,EUR
3455,1624,357.67,debit,2024-05-06 02:00:23.762376,USD
3456,1104,405.31,credit,2024-05-06 02:52:57.677767,USD
3457,1191,568.61,credit,2024-05-06 03:45:31.593159,USD
3458,1016,1998.64,credit,2024-05-06 04:38:05.508550,USD
3459,1119,543.34,credit,2024-05-06 05:30:39.423942,USD
3460,1392,664.32,credit,2024-05-06 06:23:13.339333,USD
3461,1424,1322.06,debit,2024-05-06 07:15:47.254725,USD
3462,1128,594.98,debit,2024-05-06 08:08:21.170117,EUR
3463,1129,439.45,debit,2024-05-06 09:00:55.085508,USD
3464,1571,325.69,debit,2024-05-06 09:53:29.000900,USD
3465,1559,632.24,credit,2024-05-06 10:46:02.916291,USD
3466,1028,220.77,debit,2024-05-06 11:38:36.831683,USD
3467,1096,47.11,credit,2024-05-06 12:31:10.747074,GBP
3468,1009,1611.24,credit,2024-05-06 13:23:44.662466,USD
3469,1241,284.41,credit,2024-05-06 14:16:18.577857,USD
3470,1825,1554.19,credit,2024-05-06 15:08:52.493249,USD
3471,1955,1597.11,credit,2024-05-06 16:01:26.408640,USD
3472,1231,1080.46,credit,2024-05-06 16:54:00.324032,EUR
3473,1788,626.27,credit,2024-05-06 17:46:34.239423,EUR
3474,1283,298.62,debit,2024-05-06 18:39:08.154815,USD
3475,1714,1476.24,credit,2024-05-06 19:31:42.070207,GBP
3476,1758,1206.76,debit,2024-05-06 20:24:15.985598,USD
3477,1801,1314.35,credit,2024-05-06 21:16:49.900990,USD
3478,1775,27.25,credit,2024-05-06 22:09:23.816381,USD
3479,1954,1855.76,credit,2024-05-06 23:01:57.731773,USD
3480,1725,141.92,credit,2024-05-06 23:54:31.647164,USD
3481,1199,739.94,debit,2024-05-07 00:47:05.562556,GBP
3482,1944,811.4,credit,2024-05-07 01:39:39.477947,EUR
3483,1078,12.7,credit,2024-05-07 02:32:13.393339,USD
3484,1912,999.21,credit,2024-05-07 03:24:47.308730,USD
3485,1955,1508.09,credit,2024-05-07 04:17:21.224122,EUR
3486,1854,1648.3,debit,2024-05-07 05:09:55.139513,USD
3487,1855,1760.0,credit,2024-05-07 06:02:29.054905,USD
3488,1172,980.56,credit,2024-05-07 06:55:02.970297,USD
3489,1466,1264.97,credit,2024-05-07 07:47:36.885688,USD
3490,1580,168.24,credit,2024-05-07 08:40:10.801080,USD
3491,1415,981.2,credit,2024-05-07 09:32:44.716471,USD
3492,1939,318.08,credit,2024-05-07 10:25:18.631863,USD
3493,1448,745.59,credit,2024-05-07 11:17:52.547254,USD
3494,1086,665.32,debit,2024-05-07 12:10:26.462646,GBP
3495,1100,852.85,debit,2024-05-07 13:03:00.378037,EUR
3496,1007,1147.56,credit,2024-05-07 13:55:34.293429,USD
3497,1844,1806.72,credit,2024-05-07 14:48:08.208820,USD
3498,1199,795.02,credit,2024-05-07 15:40:42.124212,USD
3499,1504,1962.45,debit,2024-05-07 16:33:16.039603,USD
3500,1086,1520.47,credit,2024-05-07 17:25:49.954995,EUR
3501,1042,1027.85,debit,2024-05-07 18:18:23.870387,USD
3502,1384,1291.61,credit,2024-05-07 19:10:57.785778,USD
3503,1620,213.43,credit,2024-05-07 20:03:31.701170,EUR
3504,1434,1690.6,debit,2024-05-07 20:56:05.616561,USD
3505,1407,1168.89,credit,2024-05-07 21:48:39.531953,EUR
3506,1482,1972.27,credit,2024-05-07 22:41:13.447344,EUR
3507,1663,1276.49,credit,2024-05-07 23:33:47.362736,USD
3508,1016,1669.88,credit,2024-05-08 00:26:21.278127,GBP
3509,1644,1601.53,debit,2024-05-08 01:18:55.193519,USD
3510,1147,697.47,debit,2024-05-08 02:11:29.108910,GBP
3511,1276,526.63,credit,2024-05-08 03:04:03.024302,USD
3512,1231,866.68,credit,2024-05-08 03:56:36.939693,EUR
3513,1825,939.81,credit,2024-05-08 04:49:10.855085,EUR
3514,1926,487.77,debit,2024-05-08 05:41:44.770477,USD
3515,1365,1790.25,credit,2024-05-08 06:34:18.685868,USD
3516,1227,1089.67,credit,2024-05-08 07:26:52.601260,GBP
3517,1650,1957.1,credit,2024-05-08 08:19:26.516651,GBP
3518,1435,1621.94,credit,2024-05-08 09:12:00.432043,USD
3519,1398,1115.85,debit,2024-05-08 10:04:34.347434,USD
3520,1210,1894.61,debit,2024-05-08 10:57:08.262826,USD
3521,1390,1014.7,credit,2024-05-08 11:49:42.178217,EUR
3522,1498,1775.34,debit,2024-05-08 12:42:16.093609,USD
3523,1539,722.71,credit,2024-05-08 13:34:50.009000,EUR
3524,1562,763.5,credit,2024-05-08 14:27:23.924392,USD
3525,1490,842.08,credit,2024-05-08 15:19:57.839783,USD
3526,1441,1097.79,credit,2024-05-08 16:12:31.755175,USD
3527,1260,1111.45,debit,2024-05-08 17:05:05.670567,USD
3528,1772,997.83,debit,2024-05-08 17:57:39.585958,USD
3529,1349,618.94,credit,2024-05-08 18:50:13.501350,USD
3530,1351,1855.14,credit,2024-05-08 19:42:47.416741,USD
3531,1519,1181.29,credit,2024-05-08 20:35:21.332133,USD
3532,1319,821.4,debit,2024-05-08 21:27:55.247524,USD
3533,1137,1305.84,debit,2024-05-08 22:20:29.162916,USD
3534,1549,1538.25,credit,2024-05-08 23:13:03.078307,USD
3535,1622,1921.85,debit,2024-05-09 00:05:36.993699,USD
3536,1991,1004.1,debit,2024-05-09 00:58:10.909090,EUR
3537,1367,233.08,credit,2024-05-09 01:50:44.824482,USD
3538,1219,887.12,credit,2024-05-09 02:43:18.739873,USD
3539,1336,963.15,debit,2024-05-09 03:35:52.655265,GBP
3540,1222,1795.02,credit,2024-05-09 04:28:26.570657,USD
3541,1647,795.65,credit,2024-05-09 05:21:00.486048,EUR
3542,1767,1907.12,credit,2024-05-09 06:13:34.401440,GBP
3543,1359,975.41,credit,2024-05-09 07:06:08.316831,USD
3544,1920,1947.82,debit,2024-05-09 07:58:42.232223,USD
3545,1328,26.31,credit,2024-05-09 08:51:16.147614,USD
3546,1961,1798.64,credit,2024-05-09 09:43:50.063006,USD
3547,1462,1862.93,credit,2024-05-09 10:36:23.978397,USD
3548,1945,1922.43,debit,2024-05-09 11:28:57.893789,USD
3549,1962,36.02,credit,2024-05-09 12:21:31.809180,USD
3550,1560,351.68,credit,2024-05-09 13:14:05.724572,EUR
3551,1803,1310.99,credit,2024-05-09 14:06:39.639963,USD
3552,1381,60.69,debit,2024-05-09 14:59:13.555355,EUR
3553,1835,136.58,debit,2024-05-09 15:51:47.470747,USD
3554,1589,449.95,debit,2024-05-09 16:44:21.386138,USD
3555,1616,1029.76,credit,2024-05-09 17:36:55.301530,USD
3556,1168,1096.35,debit,2024-05-09 18:29:29.216921,USD
3557,1216,78.18,credit,2024-05-09 19:22:03.132313,USD
3558,1377,349.03,debit,2024-05-09 20:14:37.047704,USD
3559,1118,1004.41,credit,2024-05-09 21:07:10.963096,USD
3560,1189,1191.94,debit,2024-05-09 21:59:44.878487,USD
3561,1766,305.32,credit,2024-05-09 22:52:18.793879,EUR
3562,1369,803.69,debit,2024-05-09 23:44:52.709270,USD
3563,1777,1809.76,debit,2024-05-10 00:37:26.624662,USD
3564,1148,1997.81,credit,2024-05-10 01:30:00.540054,USD
3565,1675,1974.56,debit,2024-05-10 02:22:34.455445,USD
3566,1651,1764.53,credit,2024-05-10 03:15:08.370837,USD
3567,1858,795.37,debit,2024-05-10 04:07:42.286228,EUR
3568,1487,1376.28,debit,2024-05-10 05:00:16.201620,GBP
3569,1769,839.02,debit,2024-05-10 05:52:50.117011,USD
3570,1373,1300.57,credit,2024-05-10 06:45:24.032403,USD
3571,1780,625.77,credit,2024-05-10 07:37:57.947794,USD
3572,1692,1216.34,debit,2024-05-10 08:30:31.863186,USD
3573,1159,1052.28,debit,2024-05-10 09:23:05.778577,USD
3574,1350,58.72,credit,2024-05-10 10:15:39.693969,USD
3575,1911,1583.5,credit,2024-05-10 11:08:13.609360,USD
3576,1287,33.68,credit,2024-05-10 12:00:47.524752,USD
3577,1287,593.38,debit,2024-05-10 12:53:21.440144,USD
3578,1891,21.79,debit,2024-05-10 13:45:55.355535,USD
3579,1225,758.64,credit,2024-05-10 14:38:29.270927,USD
3580,1522,135.69,credit,2024-05-10 15:31:03.186318,USD
3581,1521,1827.89,credit,2024-05-10 16:23:37.101710,USD
3582,1782,837.2,credit,2024-05-10 17:16:11.017101,EUR
3583,1272,924.4,debit,2024-05-10 18:08:44.932493,EUR
3584,1935,706.2,credit,2024-05-10 19:01:18.847884,USD
3585,1401,1258.74,debit,2024-05-10 19:53:52.763276,USD
3586,1182,1570.97,debit,2024-05-10 20:46:26.678667,USD
3587,1968,1299.81,credit,2024-05-10 21:39:00.594059,GBP
3588,1664,1498.93,credit,2024-05-10 22:31:34.509450,GBP
3589,1487,1812.89,debit,2024-05-10 23:24:08.424842,USD
3590,1826,1728.46,credit,2024-05-11 00:16:42.340234,USD
3591,1845,1351.38,debit,2024-05-11 01:09:16.255625,USD
3592,1123,437.13,credit,2024-05-11 02:01:50.171017,EUR
3593,1984,1279.03,debit,2024-05-11 02:54:24.086408,GBP
3594,1625,1017.11,credit,2024-05-11 03:46:58.001800,USD
3595,1789,1437.27,credit,2024-05-11 04:39:31.917191,EUR
3596,1413,1667.53,credit,2024-05-11 05:32:05.832583,USD
3597,1979,1488.02,debit,2024-05-11 06:24:39.747974,USD
3598,1724,1694.66,debit,2024-05-11 07:17:13.663366,USD
3599,1171,137.09,credit,2024-05-11 08:09:47.578757,USD
3600,1287,72.92,credit,2024-05-11 09:02:21.494149,USD
3601,1434,524.42,credit,2024-05-11 09:54:55.409540,USD
3602,1685,1802.33,credit,2024-05-11 10:47:29.324932,GBP
3603,1112,1649.08,debit,2024-05-11 11:40:03.240324,GBP
3604,1887,1368.63,credit,2024-05-11 12:32:37.155715,USD
3605,1916,1404.51,debit,2024-05-11 13:25:11.071107,USD
3606,1994,1456.07,debit,2024-05-11 14:17:44.986498,EUR
3607,1121,1885.78,credit,2024-05-11 15:10:18.901890,USD
3608,1543,1666.06,debit,2024-05-11 16:02:52.817281,EUR
3609,1221,1250.55,credit,2024-05-11 16:55:26.732673,USD
3610,1630,1334.77,credit,2024-05-11 17:48:00.648064,EUR
3611,1038,435.34,debit,2024-05-11 18:40:34.563456,USD
3612,1496,1318.06,credit,2024-05-11 19:33:08.478847,USD
3613,1779,855.11,credit,2024-05-11 20:25:42.394239,USD
3614,1232,314.39,debit,2024-05-11 21:18:16.309630,EUR
3615,1942,1614.74,debit,2024-05-11 22:10:50.225022,USD
3616,1529,1025.39,credit,2024-05-11 23:03:24.140414,GBP
3617,1148,1955.08,debit,2024-05-11 23:55:58.055805,EUR
3618,1396,570.54,credit,2024-05-12 00:48:31.971197,USD
3619,1660,966.53,debit,2024-05-12 01:41:05.886588,USD
3620,1637,901.51,credit,2024-05-12 02:33:39.801980,USD
3621,1903,250.35,debit,2024-05-12 03:26:13.717371,USD
3622,1301,857.97,debit,2024-05-12 04:18:47.632763,USD
3623,1359,582.23,credit,2024-05-12 05:11:21.548154,USD
3624,1237,329.04,debit,2024-05-12 06:03:55.463546,USD
3625,1646,571.49,debit,2024-05-12 06:56:29.378937,USD
3626,1662,474.17,debit,2024-05-12 07:49:03.294329,USD
3627,1235,1470.81,credit,2024-05-12 08:41:37.209720,USD
3628,1735,71.24,credit,2024-05-12 09:34:11.125112,GBP
3629,1202,1238.75,debit,2024-05-12 10:26:45.040504,USD
3630,1255,1523.72,credit,2024-05-12 11:19:18.955895,EUR
3631,1597,966.64,debit,2024-05-12 12:11:52.871287,USD
3632,1661,1863.81,credit,2024-05-12 13:04:26.786678,USD
3633,1234,1418.68,credit,2024-05-12 13:57:00.702070,USD
3634,1344,1498.37,credit,2024-05-12 14:49:34.617461,EUR
3635,1533,401.9,debit,2024-05-12 15:42:08.532853,USD
3636,1859,1556.82,debit,2024-05-12 16:34:42.448244,USD
3637,1796,1665.87,credit,2024-05-12 17:27:16.363636,EUR
3638,1780,728.92,debit,2024-05-12 18:19:50.279027,USD
3639,1465,434.59,credit,2024-05-12 19:12:24.194419,USD
3640,1769,776.25,debit,2024-05-12 20:04:58.109810,USD
3641,1540,1481.82,credit,2024-05-12 20:57:32.025202,USD
3642,1212,841.1,debit,2024-05-12 21:50:05.940594,GBP
3643,1462,1475.94,credit,2024-05-12 22:42:39.855985,USD
3644,1435,235.99,debit,2024-05-12 23:35:13.771377,USD
3645,1282,1613.96,credit,2024-05-13 00:27:47.686768,GBP
3646,1561,513.88,credit,2024-05-13 01:20:21.602160,GBP
3647,1606,505.37,credit,2024-05-13 02:12:55.517551,USD
3648,1462,1184.86,debit,2024-05-13 03:05:29.432943,EUR
3649,1406,149.53,credit,2024-05-13 03:58:03.348334,USD
3650,1087,62.33,debit,2024-05-13 04:50:37.263726,EUR
3651,1043,529.45,credit,2024-05-13 05:43:11.179117,USD
3652,1460,1080.75,credit,2024-05-13 06:35:45.094509,USD
3653,1277,1816.16,credit,2024-05-13 07:28:19.009900,USD
3654,1682,1694.41,debit,2024-05-13 08:20:52.925292,GBP
3655,1420,985.99,debit,2024-05-13 09:13:26.840684,USD
3656,1700,83.73,debit,2024-05-13 10:06:00.756075,USD
3657,1352,1075.15,debit,2024-05-13 10:58:34.671467,USD
3658,1695,1412.54,credit,2024-05-13 11:51:08.586858,USD
3659,1514,684.94,debit,2024-05-13 12:43:42.502250,EUR
3660,1702,231.02,credit,2024-05-13 13:36:16.417641,EUR
3661,1629,564.35,debit,2024-05-13 14:28:50.333033,EUR
3662,1018,1545.46,credit,2024-05-13 15:21:24.248424,USD
3663,1022,708.98,debit,2024-05-13 16:13:58.163816,USD
3664,1412,1625.84,credit,2024-05-13 17:06:32.079207,USD
3665,1029,645.85,credit,2024-05-13 17:59:05.994599,GBP
3666,1806,335.47,credit,2024-05-13 18:51:39.909991,USD
3667,1107,877.34,credit,2024-05-13 19:44:13.825382,USD
3668,1366,910.03,credit,2024-05-13 20:36:47.740774,USD
3669,1280,42.06,debit,2024-05-13 21:29:21.656165,USD
3670,1127,242.92,debit,2024-05-13 22:21:55.571557,USD
3671,1228,378.0,credit,2024-05-13 23:14:29.486948,EUR
3672,1110,236.04,credit,2024-05-14 00:07:03.402340,USD
3673,1135,689.64,credit,2024-05-14 00:59:37.317731,USD
3674,1361,1929.6,debit,2024-05-14 01:52:11.233123,USD
3675,1185,1023.35,credit,2024-05-14 02:44:45.148514,USD
3676,1655,1258.84,credit,2024-05-14 03:37:19.063906,GBP
3677,1583,719.21,credit,2024-05-14 04:29:52.979297,USD
3678,1128,653.74,credit,2024-05-14 05:22:26.894689,USD
3679,1875,56.06,credit,2024-05-14 06:15:00.810081,EUR
3680,1260,1005.66,credit,2024-05-14 07:07:34.725472,USD
3681,1514,972.38,credit,2024-05-14 08:00:08.640864,USD
3682,1448,324.08,credit,2024-05-14 08:52:42.556255,USD
3683,1899,1531.0,credit,2024-05-14 09:45:16.471647,USD
3684,1103,990.42,debit,2024-05-14 10:37:50.387038,USD
3685,1482,684.6,credit,2024-05-14 11:30:24.302430,USD
3686,1223,302.35,credit,2024-05-14 12:22:58.217821,USD
3687,1831,1108.8,credit,2024-05-14 13:15:32.133213,USD
3688,1873,1508.11,debit,2024-05-14 14:08:06.048604,USD
3689,1865,571.18,debit,2024-05-14 15:00:39.963996,USD
3690,1490,445.4,debit,2024-05-14 15:53:13.879387,USD
3691,1472,1048.65,credit,2024-05-14 16:45:47.794779,USD
3692,1009,319.13,credit,2024-05-14 17:38:21.710171,GBP
3693,1404,1336.56,credit,2024-05-14 18:30:55.625562,USD
3694,1895,1214.63,credit,2024-05-14 19:23:29.540954,USD
3695,1301,183.29,credit,2024-05-14 20:16:03.456345,USD
3696,1230,82.68,debit,2024-05-14 21:08:37.371737,EUR
3697,1730,1244.37,debit,2024-05-14 22:01:11.287128,GBP
3698,1922,,credit,2024-05-14 22:53:45.202520,GBP
3699,1065,182.03,credit,2024-05-14 23:46:19.117911,USD
3700,1936,1521.26,credit,2024-05-15 00:38:53.033303,USD
3701,1111,634.95,credit,2024-05-15 01:31:26.948694,USD
3702,1012,924.6,debit,2024-05-15 02:24:00.864086,USD
3703,1392,481.26,credit,2024-05-15 03:16:34.779477,EUR
3704,1499,1258.36,debit,2024-05-15 04:09:08.694869,USD
3705,1931,609.96,credit,2024-05-15 05:01:42.610261,USD
3706,1597,1936.36,credit,2024-05-15 05:54:16.525652,GBP
3707,1233,1408.87,credit,2024-05-15 06:46:50.441044,USD
3708,1601,,debit,2024-05-15 07:39:24.356435,USD
3709,1313,839.22,credit,2024-05-15 08:31:58.271827,USD
3710,1565,776.99,credit,2024-05-15 09:24:32.187218,USD
3711,1011,1073.15,credit,2024-05-15 10:17:06.102610,USD
3712,1208,1685.44,credit,2024-05-15 11:09:40.018001,USD
3713,1973,1171.01,credit,2024-05-15 12:02:13.933393,USD
3714,1013,132.5,credit,2024-05-15 12:54:47.848784,USD
3715,1632,1314.28,debit,2024-05-15 13:47:21.764176,EUR
3716,1417,26.45,debit,2024-05-15 14:39:55.679567,USD
3717,1436,1562.12,credit,2024-05-15 15:32:29.594959,EUR
3718,1376,1336.61,debit,2024-05-15 16:25:03.510351,EUR
3719,1019,624.48,credit,2024-05-15 17:17:37.425742,EUR
3720,1586,591.96,debit,2024-05-15 18:10:11.341134,USD
3721,1911,1598.56,credit,2024-05-15 19:02:45.256525,USD
3722,1754,1568.84,credit,2024-05-15 19:55:19.171917,EUR
3723,1734,711.08,credit,2024-05-15 20:47:53.087308,EUR
3724,1069,604.91,debit,2024-05-15 21:40:27.002700,USD
3725,1823,1124.05,credit,2024-05-15 22:33:00.918091,EUR
3726,1210,26.65,credit,2024-05-15 23:25:34.833483,USD
3727,1100,174.51,credit,2024-05-16 00:18:08.748874,EUR
3728,1697,261.08,credit,2024-05-16 01:10:42.664266,USD
3729,1131,378.97,debit,2024-05-16 02:03:16.579657,USD
3730,1622,1028.92,credit,2024-05-16 02:55:50.495049,USD
3731,1380,1984.56,debit,2024-05-16 03:48:24.410441,USD
3732,1131,1308.7,credit,2024-05-16 04:40:58.325832,USD
3733,1019,131.98,credit,2024-05-16 05:33:32.241224,GBP
3734,1905,1055.9,debit,2024-05-16 06:26:06.156615,USD
3735,1535,998.32,debit,2024-05-16 07:18:40.072007,USD
3736,1226,296.89,credit,2024-05-16 08:11:13.987398,USD
3737,1153,1841.34,credit,2024-05-16 09:03:47.902790,EUR
3738,1804,887.12,debit,2024-05-16 09:56:21.818181,USD
3739,1741,1989.17,credit,2024-05-16 10:48:55.733573,EUR
3740,1468,845.94,debit,2024-05-16 11:41:29.648964,USD
3741,1821,1219.84,credit,2024-05-16 12:34:03.564356,USD
3742,1999,218.48,debit,2024-05-16 13:26:37.479747,USD
3743,1870,913.91,credit,2024-05-16 14:19:11.395139,GBP
3744,1404,485.14,credit,2024-05-16 15:11:45.310531,USD
3745,1201,1672.77,credit,2024-05-16 16:04:19.225922,USD
3746,1037,1570.0,debit,2024-05-16 16:56:53.141314,USD
3747,1941,1650.12,debit,2024-05-16 17:49:27.056705,USD
3748,1771,1449.98,credit,2024-05-16 18:42:00.972097,GBP
3749,1187,1667.04,credit,2024-05-16 19:34:34.887488,USD
3750,1056,409.65,credit,2024-05-16 20:27:08.802880,EUR
3751,1940,909.57,credit,2024-05-16 21:19:42.718271,USD
3752,1019,1386.78,credit,2024-05-16 22:12:16.633663,USD
3753,1272,1278.41,credit,2024-05-16 23:04:50.549054,USD
3754,1118,1435.55,credit,2024-05-16 23:57:24.464446,USD
3755,1582,456.27,credit,2024-05-17 00:49:58.379837,EUR
3756,1515,205.89,debit,2024-05-17 01:42:32.295229,USD
3757,1220,1834.45,credit,2024-05-17 02:35:06.210621,USD
3758,1525,1124.74,credit,2024-05-17 03:27:40.126012,EUR
3759,1514,316.11,credit,2024-05-17 04:20:14.041404,EUR
3760,1727,1588.94,debit,2024-05-17 05:12:47.956795,USD
3761,1740,1830.71,debit,2024-05-17 06:05:21.872187,EUR
3762,1335,347.43,debit,2024-05-17 06:57:55.787578,USD
3763,1697,1636.65,credit,2024-05-17 07:50:29.702970,USD
3764,1054,1867.12,credit,2024-05-17 08:43:03.618361,USD
3765,1499,1877.34,debit,2024-05-17 09:35:37.533753,USD
3766,1899,1829.17,credit,2024-05-17 10:28:11.449144,EUR
3767,1887,1097.38,credit,2024-05-17 11:20:45.364536,USD
3768,1765,718.86,debit,2024-05-17 12:13:19.279927,USD
3769,1535,24.47,credit,2024-05-17 13:05:53.195319,USD
3770,1161,131.22,credit,2024-05-17 13:58:27.110711,USD
3771,1669,863.39,credit,2024-05-17 14:51:01.026102,EUR
3772,1593,804.66,credit,2024-05-17 15:43:34.941494,USD
3773,1914,377.58,credit,2024-05-17 16:36:08.856885,USD
3774,1158,797.01,credit,2024-05-17 17:28:42.772277,EUR
3775,1187,357.55,debit,2024-05-17 18:21:16.687668,USD
3776,1059,1699.09,credit,2024-05-17 19:13:50.603060,USD
3777,1914,603.41,credit,2024-05-17 20:06:24.518451,USD
3778,1816,1201.14,credit,2024-05-17 20:58:58.433843,USD
3779,1318,1010.66,debit,2024-05-17 21:51:32.349234,USD
3780,1877,113.25,credit,2024-05-17 22:44:06.264626,USD
3781,1210,1885.05,debit,2024-05-17 23:36:40.180018,EUR
3782,1405,1059.18,debit,2024-05-18 00:29:14.095409,EUR
3783,1663,656.86,debit,2024-05-18 01:21:48.010801,EUR
3784,1108,324.67,credit,2024-05-18 02:14:21.926192,GBP
3785,1075,683.67,debit,2024-05-18 03:06:55.841584,GBP
3786,1541,50.82,credit,2024-05-18 03:59:29.756975,EUR
3787,1313,733.48,credit,2024-05-18 04:52:03.672367,EUR
3788,1997,1067.66,credit,2024-05-18 05:44:37.587758,USD
3789,1116,1745.01,debit,2024-05-18 06:37:11.503150,USD
3790,1926,1377.88,credit,2024-05-18 07:29:45.418541,USD
3791,1867,232.05,debit,2024-05-18 08:22:19.333933,USD
3792,1703,304.02,credit,2024-05-18 09:14:53.249324,GBP
3793,1018,861.97,credit,2024-05-18 10:07:27.164716,USD
3794,1431,399.46,debit,2024-05-18 11:00:01.080108,EUR
3795,1684,65.42,credit,2024-05-18 11:52:34.995499,USD
3796,1739,1611.98,debit,2024-05-18 12:45:08.910891,USD
3797,1349,48.85,debit,2024-05-18 13:37:42.826282,USD
3798,1182,1663.07,credit,2024-05-18 14:30:16.741674,EUR
3799,1112,296.77,credit,2024-05-18 15:22:50.657065,EUR
3800,1182,1949.61,credit,2024-05-18 16:15:24.572457,EUR
3801,1480,1211.71,credit,2024-05-18 17:07:58.487848,USD
3802,1145,1472.62,credit,2024-05-18 18:00:32.403240,USD
3803,1830,229.86,credit,2024-05-18 18:53:06.318631,USD
3804,1627,1725.59,debit,2024-05-18 19:45:40.234023,USD
3805,1112,1679.99,credit,2024-05-18 20:38:14.149414,EUR
3806,1762,1309.46,debit,2024-05-18 21:30:48.064806,USD
3807,1475,1009.53,credit,2024-05-18 22:23:21.980198,USD
3808,1762,1445.76,credit,2024-05-18 23:15:55.895589,USD
3809,1302,21.8,credit,2024-05-19 00:08:29.810981,USD
3810,1970,1188.96,debit,2024-05-19 01:01:03.726372,USD
3811,1824,1696.34,credit,2024-05-19 01:53:37.641764,GBP
3812,1117,720.23,debit,2024-05-19 02:46:11.557155,USD
3813,1812,225.5,credit,2024-05-19 03:38:45.472547,EUR
3814,1160,847.55,credit,2024-05-19 04:31:19.387938,USD
3815,1400,1456.94,credit,2024-05-19 05:23:53.303330,EUR
3816,1197,223.53,credit,2024-05-19 06:16:27.218721,USD
3817,1259,420.04,credit,2024-05-19 07:09:01.134113,USD
3818,1659,303.63,debit,2024-05-19 08:01:35.049504,USD
3819,1751,1595.93,debit,2024-05-19 08:54:08.964896,USD
3820,1046,135.16,debit,2024-05-19 09:46:42.880288,USD
3821,1986,1376.31,debit,2024-05-19 10:39:16.795679,GBP
3822,1398,739.25,debit,2024-05-19 11:31:50.711071,USD
3823,1709,1514.02,debit,2024-05-19 12:24:24.626462,EUR
3824,1558,1929.12,credit,2024-05-19 13:16:58.541854,USD
3825,1077,237.95,credit,2024-05-19 14:09:32.457245,USD
3826,1123,635.63,credit,2024-05-19 15:02:06.372637,USD
3827,1074,1622.15,credit,2024-05-19 15:54:40.288028,USD
3828,1870,539.66,debit,2024-05-19 16:47:14.203420,USD
3829,1136,438.09,credit,2024-05-19 17:39:48.118811,USD
3830,1601,1652.5,debit,2024-05-19 18:32:22.034203,EUR
3831,1399,1974.29,debit,2024-05-19 19:24:55.949594,USD
3832,1836,1118.19,credit,2024-05-19 20:17:29.864986,EUR
3833,1504,563.32,credit,2024-05-19 21:10:03.780378,USD
3834,1499,803.15,credit,2024-05-19 22:02:37.695769,USD
3835,1572,348.56,credit,2024-05-19 22:55:11.611161,USD
3836,1137,1526.16,credit,2024-05-19 23:47:45.526552,USD
3837,1049,1549.21,credit,2024-05-20 00:40:19.441944,EUR
3838,1770,1751.49,credit,2024-05-20 01:32:53.357335,EUR
3839,1972,62.94,credit,2024-05-20 02:25:27.272727,USD
3840,1618,1128.34,credit,2024-05-20 03:18:01.188118,EUR
3841,1624,436.37,credit,2024-05-20 04:10:35.103510,USD
3842,1861,688.36,debit,2024-05-20 05:03:09.018901,EUR
3843,1253,1572.06,credit,2024-05-20 05:55:42.934293,USD
3844,1629,392.15,debit,2024-05-20 06:48:16.849684,USD
3845,1709,1280.3,debit,2024-05-20 07:40:50.765076,EUR
3846,1848,1312.59,debit,2024-05-20 08:33:24.680468,USD
3847,1876,1908.65,credit,2024-05-20 09:25:58.595859,USD
3848,1562,1552.57,credit,2024-05-20 10:18:32.511251,USD
3849,1756,1609.23,credit,2024-05-20 11:11:06.426642,GBP
3850,1914,1067.89,credit,2024-05-20 12:03:40.342034,USD
3851,1425,381.69,debit,2024-05-20 12:56:14.257425,USD
3852,1546,856.87,credit,2024-05-20 13:48:48.172817,EUR
3853,1301,1103.48,debit,2024-05-20 14:41:22.088208,EUR
3854,1921,1360.05,debit,2024-05-20 15:33:56.003600,USD
3855,1580,1219.34,credit,2024-05-20 16:26:29.918991,USD
3856,1348,794.02,debit,2024-05-20 17:19:03.834383,USD
3857,1831,537.97,credit,2024-05-20 18:11:37.749774,USD
3858,1932,344.78,credit,2024-05-20 19:04:11.665166,USD
3859,1979,1390.75,credit,2024-05-20 19:56:45.580558,USD
3860,1048,1294.34,debit,2024-05-20 20:49:19.495949,USD
3861,1916,1377.87,credit,2024-05-20 21:41:53.411341,GBP
3862,1073,751.33,debit,2024-05-20 22:34:27.326732,USD
3863,1703,532.19,credit,2024-05-20 23:27:01.242124,USD
3864,1260,1521.85,credit,2024-05-21 00:19:35.157515,USD
3865,1355,1549.56,credit,2024-05-21 01:12:09.072907,USD
3866,1581,916.68,credit,2024-05-21 02:04:42.988298,USD
3867,1601,1227.69,credit,2024-05-21 02:57:16.903690,USD
3868,1259,753.3,credit,2024-05-21 03:49:50.819081,EUR
3869,1637,1406.87,debit,2024-05-21 04:42:24.734473,USD
3870,1742,1673.09,credit,2024-05-21 05:34:58.649864,USD
3871,1294,1379.58,debit,2024-05-21 06:27:32.565256,USD
3872,1930,1030.04,credit,2024-05-21 07:20:06.480648,USD
3873,1640,922.73,credit,2024-05-21 08:12:40.396039,USD
3874,1791,1288.22,credit,2024-05-21 09:05:14.311431,USD
3875,1312,1362.82,credit,2024-05-21 09:57:48.226822,USD
3876,1611,1121.87,debit,2024-05-21 10:50:22.142214,EUR
3877,1837,1253.64,debit,2024-05-21 11:42:56.057605,USD
3878,1808,202.21,debit,2024-05-21 12:35:29.972997,USD
3879,1181,1904.01,debit,2024-05-21 13:28:03.888388,USD
3880,1685,1583.64,debit,2024-05-21 14:20:37.803780,EUR
3881,1827,754.12,debit,2024-05-21 15:13:11.719171,USD
3882,1363,1130.0,debit,2024-05-21 16:05:45.634563,GBP
3883,1187,104.18,credit,2024-05-21 16:58:19.549954,USD
3884,1568,92.04,credit,2024-05-21 17:50:53.465346,GBP
3885,1542,509.09,debit,2024-05-21 18:43:27.380738,USD
3886,1595,1382.51,credit,2024-05-21 19:36:01.296129,USD
3887,1663,1705.77,debit,2024-05-21 20:28:35.211521,GBP
3888,1984,1122.78,credit,2024-05-21 21:21:09.126912,USD
3889,1547,1068.94,debit,2024-05-21 22:13:43.042304,EUR
3890,1724,810.6,credit,2024-05-21 23:06:16.957695,EUR
3891,1925,331.58,credit,2024-05-21 23:58:50.873087,USD
3892,1407,245.52,credit,2024-05-22 00:51:24.788478,USD
3893,1875,1523.75,debit,2024-05-22 01:43:58.703870,USD
3894,1617,1855.73,credit,2024-05-22 02:36:32.619261,USD
3895,1413,921.98,debit,2024-05-22 03:29:06.534653,EUR
3896,1341,1322.3,debit,2024-05-22 04:21:40.450045,EUR
3897,1219,1829.77,credit,2024-05-22 05:14:14.365436,USD
3898,1902,189.33,debit,2024-05-22 06:06:48.280828,EUR
3899,1162,1543.26,credit,2024-05-22 06:59:22.196219,GBP
3900,1950,1237.47,debit,2024-05-22 07:51:56.111611,USD
3901,1219,1201.29,credit,2024-05-22 08:44:30.027002,USD
3902,1269,592.16,credit,2024-05-22 09:37:03.942394,USD
3903,1631,1370.95,credit,2024-05-22 10:29:37.857785,EUR
3904,1905,1591.65,debit,2024-05-22 11:22:11.773177,USD
3905,1847,234.59,debit,2024-05-22 12:14:45.688568,EUR
3906,1399,1071.71,credit,2024-05-22 13:07:19.603960,GBP
3907,1181,211.52,credit,2024-05-22 13:59:53.519351,USD
3908,1990,1746.42,debit,2024-05-22 14:52:27.434743,USD
3909,1617,1020.2,credit,2024-05-22 15:45:01.350135,USD
3910,1728,1617.85,credit,2024-05-22 16:37:35.265526,USD
3911,1204,742.49,credit,2024-05-22 17:30:09.180918,USD
3912,1581,258.91,credit,2024-05-22 18:22:43.096309,EUR
3913,1555,92.58,debit,2024-05-22 19:15:17.011701,USD
3914,1840,570.2,debit,2024-05-22 20:07:50.927092,GBP
3915,1812,496.03,credit,2024-05-22 21:00:24.842484,USD
3916,1227,1125.1,debit,2024-05-22 21:52:58.757875,USD
3917,1695,,debit,2024-05-22 22:45:32.673267,EUR
3918,1618,1045.94,credit,2024-05-22 23:38:06.588658,USD
3919,1595,789.63,credit,2024-05-23 00:30:40.504050,USD
3920,1849,1158.47,debit,2024-05-23 01:23:14.419441,USD
3921,1249,1407.81,credit,2024-05-23 02:15:48.334833,EUR
3922,1874,1271.84,credit,2024-05-23 03:08:22.250225,USD
3923,1440,1969.44,debit,2024-05-23 04:00:56.165616,USD
3924,1532,285.15,debit,2024-05-23 04:53:30.081008,GBP
3925,1195,865.18,debit,2024-05-23 05:46:03.996399,USD
3926,1689,855.41,credit,2024-05-23 06:38:37.911791,USD
3927,1928,839.94,debit,2024-05-23 07:31:11.827182,USD
3928,1986,1330.96,debit,2024-05-23 08:23:45.742574,USD
3929,1518,984.76,debit,2024-05-23 09:16:19.657965,USD
3930,1069,1039.69,debit,2024-05-23 10:08:53.573357,USD
3931,1638,870.39,debit,2024-05-23 11:01:27.488748,EUR
3932,1398,1983.48,debit,2024-05-23 11:54:01.404140,EUR
3933,1977,1855.85,credit,2024-05-23 12:46:35.319531,USD
3934,1671,622.37,debit,2024-05-23 13:39:09.234923,USD
3935,1759,232.07,credit,2024-05-23 14:31:43.150315,EUR
3936,1202,,debit,2024-05-23 15:24:17.065706,USD
3937,1147,1994.37,debit,2024-05-23 16:16:50.981098,USD
3938,1471,592.29,credit,2024-05-23 17:09:24.896489,USD
3939,1654,721.99,credit,2024-05-23 18:01:58.811881,USD
3940,1943,1883.85,debit,2024-05-23 18:54:32.727272,USD
3941,1198,1425.15,credit,2024-05-23 19:47:06.642664,USD
3942,1916,598.32,credit,2024-05-23 20:39:40.558055,USD
3943,1425,1166.28,credit,2024-05-23 21:32:14.473447,EUR
3944,1665,1889.02,credit,2024-05-23 22:24:48.388838,USD
3945,1491,1625.51,debit,2024-05-23 23:17:22.304230,USD
3946,1887,1486.25,credit,2024-05-24 00:09:56.219621,USD
3947,1895,1476.62,credit,2024-05-24 01:02:30.135013,USD
3948,1141,364.26,debit,2024-05-24 01:55:04.050405,USD
3949,1312,1651.12,debit,2024-05-24 02:47:37.965796,USD
3950,1164,559.48,credit,2024-05-24 03:40:11.881188,USD
3951,1313,1861.43,credit,2024-05-24 04:32:45.796579,EUR
3952,1020,735.63,debit,2024-05-24 05:25:19.711971,USD
3953,1081,1716.74,credit,2024-05-24 06:17:53.627362,USD
3954,1580,539.8,debit,2024-05-24 07:10:27.542754,USD
3955,1130,1033.91,debit,2024-05-24 08:03:01.458145,EUR
3956,1598,222.7,credit,2024-05-24 08:55:35.373537,EUR
3957,1729,1323.64,debit,2024-05-24 09:48:09.288928,USD
3958,1932,1673.8,credit,2024-05-24 10:40:43.204320,USD
3959,1983,1439.71,credit,2024-05-24 11:33:17.119711,USD
3960,1304,1051.28,debit,2024-05-24 12:25:51.035103,USD
3961,1914,99.78,credit,2024-05-24 13:18:24.950495,GBP
3962,1370,1867.55,debit,2024-05-24 14:10:58.865886,EUR
3963,1856,1413.92,debit,2024-05-24 15:03:32.781278,USD
3964,1852,1494.27,credit,2024-05-24 15:56:06.696669,USD
3965,1383,1591.41,debit,2024-05-24 16:48:40.612061,USD
3966,1907,1498.01,credit,2024-05-24 17:41:14.527452,USD
3967,1444,887.82,credit,2024-05-24 18:33:48.442844,USD
3968,1424,1469.91,debit,2024-05-24 19:26:22.358235,USD
3969,1160,1253.8,credit,2024-05-24 20:18:56.273627,GBP
3970,1177,1709.49,debit,2024-05-24 21:11:30.189018,USD
3971,1628,1606.9,debit,2024-05-24 22:04:04.104410,EUR
3972,1707,92.34,credit,2024-05-24 22:56:38.019801,EUR
3973,1894,763.99,credit,2024-05-24 23:49:11.935193,EUR
3974,1489,79.09,credit,2024-05-25 00:41:45.850585,USD
3975,1326,213.13,debit,2024-05-25 01:34:19.765976,USD
3976,1597,1206.81,credit,2024-05-25 02:26:53.681368,USD
3977,1288,1748.91,credit,2024-05-25 03:19:27.596759,GBP
3978,1592,248.45,credit,2024-05-25 04:12:01.512151,EUR
3979,1663,907.67,credit,2024-05-25 05:04:35.427542,USD
3980,1572,1822.65,debit,2024-05-25 05:57:09.342934,USD
3981,1572,1630.46,debit,2024-05-25 06:49:43.258325,USD
3982,1353,1044.14,credit,2024-05-25 07:42:17.173717,USD
3983,1027,1545.43,credit,2024-05-25 08:34:51.089108,EUR
3984,1953,1050.16,debit,2024-05-25 09:27:25.004500,EUR
3985,1042,324.6,credit,2024-05-25 10:19:58.919891,EUR
3986,1680,258.22,debit,2024-05-25 11:12:32.835283,USD
3987,1422,384.85,credit,2024-05-25 12:05:06.750675,USD
3988,1597,708.33,credit,2024-05-25 12:57:40.666066,USD
3989,1176,1861.75,debit,2024-05-25 13:50:14.581458,EUR
3990,1528,1601.36,credit,2024-05-25 14:42:48.496849,EUR
3991,1609,871.28,credit,2024-05-25 15:35:22.412241,USD
3992,1965,991.22,credit,2024-05-25 16:27:56.327632,USD
3993,1493,538.56,debit,2024-05-25 17:20:30.243024,USD
3994,1197,1411.66,debit,2024-05-25 18:13:04.158415,EUR
3995,1609,1607.5,credit,2024-05-25 19:05:38.073807,USD
3996,1576,485.42,debit,2024-05-25 19:58:11.989198,USD
3997,1841,93.23,credit,2024-05-25 20:50:45.904590,USD
3998,1852,1251.54,credit,2024-05-25 21:43:19.819981,EUR
3999,1516,1129.4,debit,2024-05-25 22:35:53.735373,USD
4000,1513,810.24,debit,2024-05-25 23:28:27.650765,USD
4001,1021,1291.35,credit,2024-05-26 00:21:01.566156,USD
4002,1111,1105.72,credit,2024-05-26 01:13:35.481548,USD
4003,1056,508.66,credit,2024-05-26 02:06:09.396939,EUR
4004,1065,801.48,debit,2024-05-26 02:58:43.312331,EUR
4005,1841,861.95,debit,2024-05-26 03:51:17.227722,USD
4006,1097,1761.69,debit,2024-05-26 04:43:51.143114,USD
4007,1143,1922.2,debit,2024-05-26 05:36:25.058505,USD
4008,1879,1787.07,debit,2024-05-26 06:28:58.973897,EUR
4009,1434,1441.16,debit,2024-05-26 07:21:32.889288,USD
4010,1636,1174.14,credit,2024-05-26 08:14:06.804680,EUR
4011,1678,1381.63,credit,2024-05-26 09:06:40.720072,USD
4012,1085,1878.83,credit,2024-05-26 09:59:14.635463,USD
4013,1587,507.5,credit,2024-05-26 10:51:48.550855,USD
4014,1343,1074.89,debit,2024-05-26 11:44:22.466246,USD
4015,1935,1382.32,debit,2024-05-26 12:36:56.381638,USD
4016,1293,1361.7,credit,2024-05-26 13:29:30.297029,USD
4017,1955,512.04,debit,2024-05-26 14:22:04.212421,USD
4018,1570,1177.6,credit,2024-05-26 15:14:38.127812,EUR
4019,1649,1593.87,credit,2024-05-26 16:07:12.043204,USD
4020,1610,955.41,debit,2024-05-26 16:59:45.958595,USD
4021,1703,1588.66,credit,2024-05-26 17:52:19.873987,EUR
4022,1242,726.17,credit,2024-05-26 18:44:53.789378,GBP
4023,1830,1878.13,credit,2024-05-26 19:37:27.704770,USD
4024,1560,1072.52,debit,2024-05-26 20:30:01.620162,EUR
4025,1959,1195.94,debit,2024-05-26 21:22:35.535553,USD
4026,1031,72.41,credit,2024-05-26 22:15:09.450945,GBP
4027,1390,348.84,credit,2024-05-26 23:07:43.366336,USD
4028,1276,1269.54,debit,2024-05-27 00:00:17.281728,GBP
4029,1531,845.54,credit,2024-05-27 00:52:51.197119,USD
4030,1153,1021.25,debit,2024-05-27 01:45:25.112511,USD
4031,1382,135.31,credit,2024-05-27 02:37:59.027902,USD
4032,1067,1669.93,debit,2024-05-27 03:30:32.943294,USD
4033,1877,1571.17,debit,2024-05-27 04:23:06.858685,USD
4034,1883,378.85,credit,2024-05-27 05:15:40.774077,USD
4035,1213,1272.32,debit,2024-05-27 06:08:14.689468,USD
4036,1654,1638.45,credit,2024-05-27 07:00:48.604860,USD
4037,1375,1285.3,debit,2024-05-27 07:53:22.520252,USD
4038,1743,627.69,debit,2024-05-27 08:45:56.435643,USD
4039,1212,1315.66,credit,2024-05-27 09:38:30.351035,USD
4040,1078,428.82,debit,2024-05-27 10:31:04.266426,USD
4041,1725,643.33,credit,2024-05-27 11:23:38.181818,USD
4042,1627,487.74,credit,2024-05-27 12:16:12.097209,USD
4043,1603,1118.28,debit,2024-05-27 13:08:46.012601,EUR
4044,1781,225.37,credit,2024-05-27 14:01:19.927992,USD
4045,1922,1867.29,credit,2024-05-27 14:53:53.843384,USD
4046,1380,673.69,credit,2024-05-27 15:46:27.758775,USD
4047,1679,445.75,credit,2024-05-27 16:39:01.674167,USD
4048,1057,998.13,credit,2024-05-27 17:31:35.589558,USD
4049,1795,561.23,credit,2024-05-27 18:24:09.504950,GBP
4050,1025,1074.46,debit,2024-05-27 19:16:43.420342,EUR
4051,1880,703.53,debit,2024-05-27 20:09:17.335733,USD
4052,1446,272.81,debit,2024-05-27 21:01:51.251125,USD
4053,1065,539.13,credit,2024-05-27 21:54:25.166516,USD
4054,1920,882.5,debit,2024-05-27 22:46:59.081908,USD
4055,1759,70.28,debit,2024-05-27 23:39:32.997299,EUR
4056,1253,1543.58,credit,2024-05-28 00:32:06.912691,EUR
4057,1898,1247.43,debit,2024-05-28 01:24:40.828082,USD
4058,1967,1206.71,debit,2024-05-28 02:17:14.743474,USD
4059,1043,1096.64,credit,2024-05-28 03:09:48.658865,USD
4060,1096,1184.72,debit,2024-05-28 04:02:22.574257,USD
4061,1553,1869.96,credit,2024-05-28 04:54:56.489648,EUR
4062,1226,27.05,credit,2024-05-28 05:47:30.405040,USD
4063,1773,105.12,credit,2024-05-28 06:40:04.320432,USD
4064,1678,391.07,debit,2024-05-28 07:32:38.235823,EUR
4065,1435,342.93,credit,2024-05-28 08:25:12.151215,USD
4066,1790,370.58,credit,2024-05-28 09:17:46.066606,USD
4067,1600,,debit,2024-05-28 10:10:19.981998,USD
4068,1378,924.37,debit,2024-05-28 11:02:53.897389,USD
4069,1177,1983.64,debit,2024-05-28 11:55:27.812781,USD
4070,1426,461.5,credit,2024-05-28 12:48:01.728172,USD
4071,1914,628.55,debit,2024-05-28 13:40:35.643564,EUR
4072,1708,1968.64,credit,2024-05-28 14:33:09.558955,USD
4073,1306,1665.2,credit,2024-05-28 15:25:43.474347,USD
4074,1778,944.9,credit,2024-05-28 16:18:17.389738,EUR
4075,1503,1113.65,debit,2024-05-28 17:10:51.305130,USD
4076,1267,1687.92,debit,2024-05-28 18:03:25.220522,EUR
4077,1585,967.15,debit,2024-05-28 18:55:59.135913,USD
4078,1007,419.99,credit,2024-05-28 19:48:33.051305,USD
4079,1919,1658.6,credit,2024-05-28 20:41:06.966696,USD
4080,1507,1080.17,credit,2024-05-28 21:33:40.882088,USD
4081,1475,314.55,debit,2024-05-28 22:26:14.797479,GBP
4082,1296,1016.12,credit,2024-05-28 23:18:48.712871,USD
4083,1163,832.27,credit,2024-05-29 00:11:22.628262,USD
4084,1484,,debit,2024-05-29 01:03:56.543654,USD
4085,1596,260.85,credit,2024-05-29 01:56:30.459045,USD
4086,1071,1751.67,debit,2024-05-29 02:49:04.374437,EUR
4087,1566,1029.3,debit,2024-05-29 03:41:38.289828,GBP
4088,1904,814.69,debit,2024-05-29 04:34:12.205220,USD
4089,1558,332.31,credit,2024-05-29 05:26:46.120612,USD
4090,1910,1404.63,credit,2024-05-29 06:19:20.036003,USD
4091,1943,1854.35,credit,2024-05-29 07:11:53.951395,USD
4092,1237,757.0,credit,2024-05-29 08:04:27.866786,USD
4093,1103,490.75,debit,2024-05-29 08:57:01.782178,USD
4094,1209,1114.19,credit,2024-05-29 09:49:35.697569,EUR
4095,1553,,debit,2024-05-29 10:42:09.612961,USD
4096,1827,17.5,credit,2024-05-29 11:34:43.528352,USD
4097,1467,1266.44,debit,2024-05-29 12:27:17.443744,USD
4098,1453,1197.07,credit,2024-05-29 13:19:51.359135,EUR
4099,1267,643.12,credit,2024-05-29 14:12:25.274527,USD
4100,1385,908.33,credit,2024-05-29 15:04:59.189918,USD
4101,1774,501.46,debit,2024-05-29 15:57:33.105310,USD
4102,1847,1581.87,credit,2024-05-29 16:50:07.020702,USD
4103,1386,1272.72,credit,2024-05-29 17:42:40.936093,USD
4104,1876,1070.1,credit,2024-05-29 18:35:14.851485,GBP
4105,1258,791.13,credit,2024-05-29 19:27:48.766876,EUR
4106,1282,589.85,debit,2024-05-29 20:20:22.682268,USD
4107,1625,1647.25,debit,2024-05-29 21:12:56.597659,EUR
4108,1874,908.3,credit,2024-05-29 22:05:30.513051,USD
4109,1039,1007.88,credit,2024-05-29 22:58:04.428442,EUR
4110,1485,1046.45,credit,2024-05-29 23:50:38.343834,USD
4111,1928,902.25,debit,2024-05-30 00:43:12.259225,USD
4112,1219,519.62,credit,2024-05-30 01:35:46.174617,USD
4113,1128,249.48,debit,2024-05-30 02:28:20.090009,USD
4114,1519,206.09,debit,2024-05-30 03:20:54.005400,USD
4115,1612,1517.35,debit,2024-05-30 04:13:27.920792,USD
4116,1927,454.82,debit,2024-05-30 05:06:01.836183,USD
4117,1891,120.79,credit,2024-05-30 05:58:35.751575,USD
4118,1687,1597.06,debit,2024-05-30 06:51:09.666966,EUR
4119,1618,316.58,debit,2024-05-30 07:43:43.582358,USD
4120,1612,1254.04,credit,2024-05-30 08:36:17.497749,USD
4121,1259,683.9,debit,2024-05-30 09:28:51.413141,USD
4122,1989,261.7,debit,2024-05-30 10:21:25.328532,USD
4123,1965,834.82,debit,2024-05-30 11:13:59.243924,USD
4124,1365,39.47,credit,2024-05-30 12:06:33.159315,EUR
4125,1757,1683.68,debit,2024-05-30 12:59:07.074707,USD
4126,1786,1031.86,credit,2024-05-30 13:51:40.990099,EUR
4127,1543,286.93,debit,2024-05-30 14:44:14.905490,EUR
4128,1648,481.59,debit,2024-05-30 15:36:48.820882,USD
4129,1523,901.47,debit,2024-05-30 16:29:22.736273,USD
4130,1906,385.85,credit,2024-05-30 17:21:56.651665,USD
4131,1813,544.51,debit,2024-05-30 18:14:30.567056,EUR
4132,1886,1073.43,credit,2024-05-30 19:07:04.482448,USD
4133,1015,1666.89,debit,2024-05-30 19:59:38.397839,USD
4134,1128,809.66,debit,2024-05-30 20:52:12.313231,USD
4135,1574,1436.78,credit,2024-05-30 21:44:46.228622,GBP
4136,1108,1754.6,credit,2024-05-30 22:37:20.144014,USD
4137,1886,440.44,debit,2024-05-30 23:29:54.059405,USD
4138,1532,1616.31,credit,2024-05-31 00:22:27.974797,USD
4139,1669,1517.23,debit,2024-05-31 01:15:01.890189,EUR
4140,1268,720.31,credit,2024-05-31 02:07:35.805580,USD
4141,1161,1979.14,credit,2024-05-31 03:00:09.720972,GBP
4142,1259,532.52,debit,2024-05-31 03:52:43.636363,EUR
4143,1923,517.06,debit,2024-05-31 04:45:17.551755,USD
4144,1101,1546.8,credit,2024-05-31 05:37:51.467146,USD
4145,1505,874.97,debit,2024-05-31 06:30:25.382538,USD
4146,1734,668.28,credit,2024-05-31 07:22:59.297929,GBP
4147,1570,365.54,debit,2024-05-31 08:15:33.213321,GBP
4148,1246,1533.01,credit,2024-05-31 09:08:07.128712,USD
4149,1639,1574.78,credit,2024-05-31 10:00:41.044104,USD
4150,1794,1137.46,credit,2024-05-31 10:53:14.959495,EUR
4151,1836,1915.05,credit,2024-05-31 11:45:48.874887,USD
4152,1536,643.14,credit,2024-05-31 12:38:22.790279,EUR
4153,1130,447.04,credit,2024-05-31 13:30:56.705670,USD
4154,1352,1358.16,debit,2024-05-31 14:23:30.621062,EUR
4155,1195,1519.23,credit,2024-05-31 15:16:04.536453,USD
4156,1792,457.56,credit,2024-05-31 16:08:38.451845,USD
4157,1915,162.46,debit,2024-05-31 17:01:12.367236,USD
4158,1929,1622.93,credit,2024-05-31 17:53:46.282628,USD
4159,1665,1953.24,credit,2024-05-31 18:46:20.198019,USD
4160,1381,1292.9,credit,2024-05-31 19:38:54.113411,EUR
4161,1644,562.96,credit,2024-05-31 20:31:28.028802,USD
4162,1226,1993.38,credit,2024-05-31 21:24:01.944194,USD
4163,1700,1787.6,credit,2024-05-31 22:16:35.859585,USD
4164,1475,1031.63,debit,2024-05-31 23:09:09.774977,GBP
4165,1476,1652.39,credit,2024-06-01 00:01:43.690369,USD
4166,1264,1633.48,credit,2024-06-01 00:54:17.605760,USD
4167,1371,1870.25,credit,2024-06-01 01:46:51.521152,USD
4168,1485,1683.44,credit,2024-06-01 02:39:25.436543,USD
4169,1433,1290.92,credit,2024-06-01 03:31:59.351935,USD
4170,1645,1222.51,debit,2024-06-01 04:24:33.267326,GBP
4171,1210,940.04,debit,2024-06-01 05:17:07.182718,USD
4172,1571,1256.71,debit,2024-06-01 06:09:41.098109,USD
4173,1939,1592.48,credit,2024-06-01 07:02:15.013501,EUR
4174,1376,1938.38,debit,2024-06-01 07:54:48.928892,USD
4175,1394,939.9,credit,2024-06-01 08:47:22.844284,EUR
4176,1449,1151.57,credit,2024-06-01 09:39:56.759675,EUR
4177,1942,895.16,credit,2024-06-01 10:32:30.675067,EUR
4178,1363,1340.29,debit,2024-06-01 11:25:04.590459,USD
4179,1875,1263.54,credit,2024-06-01 12:17:38.505850,USD
4180,1456,45.49,debit,2024-06-01 13:10:12.421242,USD
4181,1724,1086.91,debit,2024-06-01 14:02:46.336633,USD
4182,1727,186.09,credit,2024-06-01 14:55:20.252025,USD
4183,1225,62.5,debit,2024-06-01 15:47:54.167416,EUR
4184,1981,1584.48,credit,2024-06-01 16:40:28.082808,USD
4185,1130,524.71,credit,2024-06-01 17:33:01.998199,USD
4186,1587,,credit,2024-06-01 18:25:35.913591,USD
4187,1475,137.53,debit,2024-06-01 19:18:09.828982,USD
4188,1797,367.21,credit,2024-06-01 20:10:43.744374,USD
4189,1985,,debit,2024-06-01 21:03:17.659765,EUR
4190,1276,992.13,debit,2024-06-01 21:55:51.575157,USD
4191,1155,1762.53,debit,2024-06-01 22:48:25.490549,EUR
4192,1759,800.51,credit,2024-06-01 23:40:59.405940,USD
4193,1217,544.71,credit,2024-06-02 00:33:33.321332,GBP
4194,1189,701.72,credit,2024-06-02 01:26:07.236723,USD
4195,1416,1428.42,debit,2024-06-02 02:18:41.152115,USD
4196,1980,1114.46,debit,2024-06-02 03:11:15.067506,USD
4197,1674,1809.34,debit,2024-06-02 04:03:48.982898,GBP
4198,1691,1208.32,credit,2024-06-02 04:56:22.898289,EUR
4199,1545,991.11,credit,2024-06-02 05:48:56.813681,USD
4200,1040,1573.65,debit,2024-06-02 06:41:30.729072,USD
4201,1306,1895.59,credit,2024-06-02 07:34:04.644464,USD
4202,1942,718.13,credit,2024-06-02 08:26:38.559855,USD
4203,1337,507.25,debit,2024-06-02 09:19:12.475247,USD
4204,1313,1236.27,credit,2024-06-02 10:11:46.390639,USD
4205,1074,1002.76,credit,2024-06-02 11:04:20.306030,USD
4206,1952,1978.48,credit,2024-06-02 11:56:54.221422,USD
4207,1278,930.1,credit,2024-06-02 12:49:28.136813,GBP
4208,1175,157.92,debit,2024-06-02 13:42:02.052205,USD
4209,1895,1954.96,credit,2024-06-02 14:34:35.967596,USD
4210,1661,1688.74,debit,2024-06-02 15:27:09.882988,GBP
4211,1272,364.72,credit,2024-06-02 16:19:43.798379,USD
4212,1836,1810.16,credit,2024-06-02 17:12:17.713771,USD
4213,1619,687.93,credit,2024-06-02 18:04:51.629162,EUR
4214,1650,760.45,credit,2024-06-02 18:57:25.544554,USD
4215,1861,1813.72,debit,2024-06-02 19:49:59.459945,USD
4216,1782,1064.93,debit,2024-06-02 20:42:33.375337,USD
4217,1858,284.15,credit,2024-06-02 21:35:07.290729,USD
4218,1930,,credit,2024-06-02 22:27:41.206120,USD
4219,1288,1446.97,debit,2024-06-02 23:20:15.121512,USD
4220,1723,356.63,credit,2024-06-03 00:12:49.036903,USD
4221,1892,1184.56,credit,2024-06-03 01:05:22.952295,USD
4222,1271,1393.6,credit,2024-06-03 01:57:56.867686,GBP
4223,1929,694.27,debit,2024-06-03 02:50:30.783078,GBP
4224,1065,1390.82,credit,2024-06-03 03:43:04.698469,EUR
4225,1482,1769.57,credit,2024-06-03 04:35:38.613861,GBP
4226,1935,949.51,debit,2024-06-03 05:28:12.529252,USD
4227,1247,771.99,debit,2024-06-03 06:20:46.444644,EUR
4228,1155,509.81,credit,2024-06-03 07:13:20.360036,USD
4229,1046,1212.37,credit,2024-06-03 08:05:54.275427,EUR
4230,1934,1760.91,credit,2024-06-03 08:58:28.190819,USD
4231,1453,656.08,credit,2024-06-03 09:51:02.106210,EUR
4232,1200,798.51,credit,2024-06-03 10:43:36.021602,USD
4233,1659,819.18,credit,2024-06-03 11:36:09.936993,USD
4234,1123,1126.02,debit,2024-06-03 12:28:43.852385,EUR
4235,1000,464.53,debit,2024-06-03 13:21:17.767776,EUR
4236,1967,1646.2,credit,2024-06-03 14:13:51.683168,USD
4237,1758,598.25,debit,2024-06-03 15:06:25.598559,USD
4238,1854,1413.67,credit,2024-06-03 15:58:59.513951,USD
4239,1639,1031.3,credit,2024-06-03 16:51:33.429342,USD
4240,1190,1175.94,debit,2024-06-03 17:44:07.344734,USD
4241,1578,367.42,debit,2024-06-03 18:36:41.260126,EUR
4242,1515,1472.7,credit,2024-06-03 19:29:15.175517,USD
4243,1441,385.35,credit,2024-06-03 20:21:49.090909,GBP
4244,1920,235.81,credit,2024-06-03 21:14:23.006300,USD
4245,1814,1097.89,credit,2024-06-03 22:06:56.921692,USD
4246,1805,1421.5,debit,2024-06-03 22:59:30.837083,USD
4247,1142,109.57,credit,2024-06-03 23:52:04.752475,USD
4248,1190,148.1,credit,2024-06-04 00:44:38.667866,USD
4249,1532,1607.33,credit,2024-06-04 01:37:12.583258,EUR
4250,1226,1619.98,credit,2024-06-04 02:29:46.498649,USD
4251,1312,498.16,debit,2024-06-04 03:22:20.414041,USD
4252,1628,1234.3,debit,2024-06-04 04:14:54.329432,USD
4253,1948,891.93,credit,2024-06-04 05:07:28.244824,USD
4254,1301,1269.07,credit,2024-06-04 06:00:02.160216,USD
4255,1653,1727.13,credit,2024-06-04 06:52:36.075607,EUR
4256,1995,,credit,2024-06-04 07:45:09.990999,USD
4257,1459,1558.19,credit,2024-06-04 08:37:43.906390,USD
4258,1400,991.13,credit,2024-06-04 09:30:17.821782,USD
4259,1550,1132.61,credit,2024-06-04 10:22:51.737173,EUR
4260,1392,1311.32,credit,2024-06-04 11:15:25.652565,EUR
4261,1866,1846.02,debit,2024-06-04 12:07:59.567956,GBP
4262,1763,122.87,credit,2024-06-04 13:00:33.483348,USD
4263,1844,68.66,debit,2024-06-04 13:53:07.398739,GBP
4264,1206,364.74,credit,2024-06-04 14:45:41.314131,EUR
4265,1209,1973.03,debit,2024-06-04 15:38:15.229522,EUR
4266,1114,1433.0,credit,2024-06-04 16:30:49.144914,USD
4267,1736,1233.14,debit,2024-06-04 17:23:23.060306,EUR
4268,1645,103.61,credit,2024-06-04 18:15:56.975697,USD
4269,1250,1759.43,debit,2024-06-04 19:08:30.891089,USD
4270,1218,1627.39,debit,2024-06-04 20:01:04.806480,USD
4271,1406,1332.95,credit,2024-06-04 20:53:38.721872,EUR
4272,1442,684.87,credit,2024-06-04 21:46:12.637263,GBP
4273,1602,150.3,debit,2024-06-04 22:38:46.552655,EUR
4274,1353,1164.28,debit,2024-06-04 23:31:20.468046,USD
4275,1887,,debit,2024-06-05 00:23:54.383438,USD
4276,1557,197.54,debit,2024-06-05 01:16:28.298829,USD
4277,1549,1271.2,debit,2024-06-05 02:09:02.214221,USD
4278,1141,579.87,credit,2024-06-05 03:01:36.129612,USD
4279,1611,1530.85,credit,2024-06-05 03:54:10.045004,EUR
4280,1500,1083.84,credit,2024-06-05 04:46:43.960396,USD
4281,1839,266.78,debit,2024-06-05 05:39:17.875787,EUR
4282,1701,1057.77,credit,2024-06-05 06:31:51.791179,EUR
4283,1546,797.52,credit,2024-06-05 07:24:25.706570,USD
4284,1658,368.91,credit,2024-06-05 08:16:59.621962,GBP
4285,1541,1684.62,debit,2024-06-05 09:09:33.537353,USD
4286,1845,31.95,credit,2024-06-05 10:02:07.452745,USD
4287,1506,631.14,credit,2024-06-05 10:54:41.368136,USD
4288,1595,35.06,credit,2024-06-05 11:47:15.283528,GBP
4289,1880,201.05,credit,2024-06-05 12:39:49.198919,GBP
4290,1280,601.22,debit,2024-06-05 13:32:23.114311,USD
4291,1423,118.0,credit,2024-06-05 14:24:57.029702,USD
4292,1855,1197.29,debit,2024-06-05 15:17:30.945094,USD
4293,1269,182.86,credit,2024-06-05 16:10:04.860486,USD
4294,1153,,credit,2024-06-05 17:02:38.775877,USD
4295,1613,114.76,credit,2024-06-05 17:55:12.691269,USD
4296,1726,128.02,credit,2024-06-05 18:47:46.606660,EUR
4297,1661,,credit,2024-06-05 19:40:20.522052,EUR
4298,1943,1794.18,credit,2024-06-05 20:32:54.437443,USD
4299,1082,1286.37,debit,2024-06-05 21:25:28.352835,USD
4300,1621,1542.56,debit,2024-06-05 22:18:02.268226,EUR
4301,1946,291.69,debit,2024-06-05 23:10:36.183618,USD
4302,1898,1669.91,debit,2024-06-06 00:03:10.099009,USD
4303,1425,26.21,credit,2024-06-06 00:55:44.014401,USD
4304,1274,433.98,credit,2024-06-06 01:48:17.929792,EUR
4305,1712,1236.02,credit,2024-06-06 02:40:51.845184,USD
4306,1283,756.74,credit,2024-06-06 03:33:25.760576,USD
4307,1979,1968.54,debit,2024-06-06 04:25:59.675967,USD
4308,1172,70.38,debit,2024-06-06 05:18:33.591359,USD
4309,1326,1997.21,debit,2024-06-06 06:11:07.506750,USD
4310,1717,1251.02,debit,2024-06-06 07:03:41.422142,USD
4311,1062,1121.83,credit,2024-06-06 07:56:15.337533,USD
4312,1072,128.43,credit,2024-06-06 08:48:49.252925,USD
4313,1762,553.92,credit,2024-06-06 09:41:23.168316,USD
4314,1635,1850.08,debit,2024-06-06 10:33:57.083708,EUR
4315,1374,714.95,debit,2024-06-06 11:26:30.999099,USD
4316,1632,1326.69,credit,2024-06-06 12:19:04.914491,EUR
4317,1507,1999.0,credit,2024-06-06 13:11:38.829882,USD
4318,1786,533.51,credit,2024-06-06 14:04:12.745274,USD
4319,1942,,credit,2024-06-06 14:56:46.660666,USD
4320,1397,1395.91,debit,2024-06-06 15:49:20.576057,USD
4321,1119,337.61,credit,2024-06-06 16:41:54.491449,USD
4322,1933,305.86,credit,2024-06-06 17:34:28.406840,USD
4323,1436,918.05,credit,2024-06-06 18:27:02.322232,USD
4324,1828,777.77,debit,2024-06-06 19:19:36.237623,USD
4325,1675,1431.29,credit,2024-06-06 20:12:10.153015,EUR
4326,1935,148.32,debit,2024-06-06 21:04:44.068406,USD
4327,1464,1944.61,credit,2024-06-06 21:57:17.983798,USD
4328,1285,38.41,credit,2024-06-06 22:49:51.899189,USD
4329,1264,1206.62,credit,2024-06-06 23:42:25.814581,USD
4330,1319,1129.64,debit,2024-06-07 00:34:59.729972,EUR
4331,1672,278.08,debit,2024-06-07 01:27:33.645364,USD
4332,1375,310.32,credit,2024-06-07 02:20:07.560756,USD
4333,1819,1587.43,credit,2024-06-07 03:12:41.476147,EUR
4334,1088,1776.25,debit,2024-06-07 04:05:15.391539,USD
4335,1653,573.2,debit,2024-06-07 04:57:49.306930,USD
4336,1202,881.55,credit,2024-06-07 05:50:23.222322,EUR
4337,1820,716.44,credit,2024-06-07 06:42:57.137713,USD
4338,1738,154.37,debit,2024-06-07 07:35:31.053105,USD
4339,1954,1349.68,credit,2024-06-07 08:28:04.968496,USD
4340,1333,1652.13,debit,2024-06-07 09:20:38.883888,EUR
4341,1221,616.71,debit,2024-06-07 10:13:12.799279,EUR
4342,1040,1980.45,credit,2024-06-07 11:05:46.714671,USD
4343,1707,160.94,debit,2024-06-07 11:58:20.630063,USD
4344,1067,1326.96,credit,2024-06-07 12:50:54.545454,USD
4345,1987,901.97,debit,2024-06-07 13:43:28.460846,USD
4346,1775,898.74,debit,2024-06-07 14:36:02.376237,USD
4347,1513,920.71,credit,2024-06-07 15:28:36.291629,USD
4348,1872,524.78,debit,2024-06-07 16:21:10.207020,EUR
4349,1636,1433.97,debit,2024-06-07 17:13:44.122412,USD
4350,1621,1445.94,debit,2024-06-07 18:06:18.037803,USD
4351,1597,571.97,credit,2024-06-07 18:58:51.953195,EUR
4352,1936,1672.26,credit,2024-06-07 19:51:25.868586,USD
4353,1631,640.52,debit,2024-06-07 20:43:59.783978,USD
4354,1126,1452.94,debit,2024-06-07 21:36:33.699369,USD
4355,1254,250.79,credit,2024-06-07 22:29:07.614761,USD
4356,1694,345.72,credit,2024-06-07 23:21:41.530153,USD
4357,1015,638.43,credit,2024-06-08 00:14:15.445544,USD
4358,1476,1191.81,credit,2024-06-08 01:06:49.360936,USD
4359,1061,1294.57,debit,2024-06-08 01:59:23.276327,USD
4360,1880,798.75,debit,2024-06-08 02:51:57.191719,EUR
4361,1431,164.9,debit,2024-06-08 03:44:31.107110,USD
4362,1669,753.53,debit,2024-06-08 04:37:05.022502,USD
4363,1267,1380.65,credit,2024-06-08 05:29:38.937893,USD
4364,1034,1345.28,debit,2024-06-08 06:22:12.853285,USD
4365,1778,328.79,debit,2024-06-08 07:14:46.768676,GBP
4366,1575,25.49,debit,2024-06-08 08:07:20.684068,GBP
4367,1493,1508.43,credit,2024-06-08 08:59:54.599459,USD
4368,1561,221.67,credit,2024-06-08 09:52:28.514851,USD
4369,1468,173.87,credit,2024-06-08 10:45:02.430243,USD
4370,1766,15.38,credit,2024-06-08 11:37:36.345634,GBP
4371,1660,870.88,credit,2024-06-08 12:30:10.261026,USD
4372,1324,1011.5,debit,2024-06-08 13:22:44.176417,USD
4373,1303,1278.95,debit,2024-06-08 14:15:18.091809,USD
4374,1275,599.17,credit,2024-06-08 15:07:52.007200,USD
4375,1868,1423.75,credit,2024-06-08 16:00:25.922592,USD
4376,1962,346.97,debit,2024-06-08 16:52:59.837983,USD
4377,1683,1665.66,credit,2024-06-08 17:45:33.753375,USD
4378,1928,1147.98,credit,2024-06-08 18:38:07.668766,USD
4379,1200,1171.94,credit,2024-06-08 19:30:41.584158,USD
4380,1444,427.45,credit,2024-06-08 20:23:15.499549,USD
4381,1904,157.48,credit,2024-06-08 21:15:49.414941,EUR
4382,1323,934.8,debit,2024-06-08 22:08:23.330333,EUR
4383,1034,1235.07,debit,2024-06-08 23:00:57.245724,EUR
4384,1976,199.14,debit,2024-06-08 23:53:31.161116,USD
4385,1481,1901.56,credit,2024-06-09 00:46:05.076507,EUR
4386,1727,1961.02,credit,2024-06-09 01:38:38.991899,USD
4387,1479,1095.46,debit,2024-06-09 02:31:12.907290,USD
4388,1064,1900.64,debit,2024-06-09 03:23:46.822682,USD
4389,1007,367.1,credit,2024-06-09 04:16:20.738073,USD
4390,1300,60.59,credit,2024-06-09 05:08:54.653465,USD
4391,1342,88.42,debit,2024-06-09 06:01:28.568856,USD
4392,1430,1179.15,credit,2024-06-09 06:54:02.484248,USD
4393,1423,132.67,credit,2024-06-09 07:46:36.399639,USD
4394,1331,1917.51,credit,2024-06-09 08:39:10.315031,USD
4395,1437,292.45,credit,2024-06-09 09:31:44.230423,USD
4396,1587,616.4,credit,2024-06-09 10:24:18.145814,EUR
4397,1173,1646.81,credit,2024-06-09 11:16:52.061206,USD
4398,1558,445.29,credit,2024-06-09 12:09:25.976597,USD
4399,1526,493.51,debit,2024-06-09 13:01:59.891989,GBP
4400,1872,1288.19,debit,2024-06-09 13:54:33.807380,USD
4401,1658,559.41,credit,2024-06-09 14:47:07.722772,EUR
4402,1025,442.72,debit,2024-06-09 15:39:41.638163,USD
4403,1819,515.81,credit,2024-06-09 16:32:15.553555,USD
4404,1604,986.39,credit,2024-06-09 17:24:49.468946,USD
4405,1405,1932.54,credit,2024-06-09 18:17:23.384338,EUR
4406,1231,1666.15,debit,2024-06-09 19:09:57.299729,USD
4407,1532,576.37,credit,2024-06-09 20:02:31.215121,USD
4408,1818,733.11,credit,2024-06-09 20:55:05.130513,USD
4409,1549,934.38,debit,2024-06-09 21:47:39.045904,USD
4410,1787,1958.07,credit,2024-06-09 22:40:12.961296,EUR
4411,1504,353.06,debit,2024-06-09 23:32:46.876687,USD
4412,1668,721.39,debit,2024-06-10 00:25:20.792079,USD
4413,1178,1461.56,debit,2024-06-10 01:17:54.707470,USD
4414,1131,1928.25,credit,2024-06-10 02:10:28.622862,USD
4415,1822,319.79,credit,2024-06-10 03:03:02.538253,EUR
4416,1454,462.49,debit,2024-06-10 03:55:36.453645,USD
4417,1347,459.13,debit,2024-06-10 04:48:10.369036,USD
4418,1539,51.65,debit,2024-06-10 05:40:44.284428,GBP
4419,1771,1212.19,credit,2024-06-10 06:33:18.199819,USD
4420,1405,1344.7,credit,2024-06-10 07:25:52.115211,EUR
4421,1075,1209.03,credit,2024-06-10 08:18:26.030603,EUR
4422,1940,151.93,credit,2024-06-10 09:10:59.945994,USD
4423,1578,147.77,credit,2024-06-10 10:03:33.861386,EUR
4424,1853,428.67,credit,2024-06-10 10:56:07.776777,USD
4425,1491,587.69,credit,2024-06-10 11:48:41.692169,EUR
4426,1193,1575.22,credit,2024-06-10 12:41:15.607560,USD
4427,1983,327.19,credit,2024-06-10 13:33:49.522952,EUR
4428,1161,97.74,credit,2024-06-10 14:26:23.438343,USD
4429,1346,794.04,credit,2024-06-10 15:18:57.353735,EUR
4430,1950,838.62,credit,2024-06-10 16:11:31.269126,EUR
4431,1360,907.31,credit,2024-06-10 17:04:05.184518,USD
4432,1768,1655.54,credit,2024-06-10 17:56:39.099909,USD
4433,1583,205.03,debit,2024-06-10 18:49:13.015301,EUR
4434,1086,1410.84,credit,2024-06-10 19:41:46.930693,USD
4435,1933,682.51,debit,2024-06-10 20:34:20.846084,USD
4436,1261,626.86,debit,2024-06-10 21:26:54.761476,USD
4437,1213,1865.76,debit,2024-06-10 22:19:28.676867,USD
4438,1664,504.45,credit,2024-06-10 23:12:02.592259,USD
4439,1721,1288.64,credit,2024-06-11 00:04:36.507650,USD
4440,1912,557.5,debit,2024-06-11 00:57:10.423042,USD
4441,1572,1019.22,debit,2024-06-11 01:49:44.338433,USD
4442,1779,1574.72,debit,2024-06-11 02:42:18.253825,USD
4443,1261,1764.63,credit,2024-06-11 03:34:52.169216,USD
4444,1729,1679.01,debit,2024-06-11 04:27:26.084608,USD
4445,1282,1168.54,debit,2024-06-11 05:20:00.000000,USD
4446,1647,505.14,debit,2024-06-11 06:12:33.915391,USD
4447,1466,1325.85,credit,2024-06-11 07:05:07.830783,GBP
4448,1379,1422.71,credit,2024-06-11 07:57:41.746174,USD
4449,1361,31.28,credit,2024-06-11 08:50:15.661566,USD
4450,1448,884.03,credit,2024-06-11 09:42:49.576957,USD
4451,1440,,debit,2024-06-11 10:35:23.492349,EUR
4452,1092,984.28,debit,2024-06-11 11:27:57.407740,USD
4453,1620,629.64,debit,2024-06-11 12:20:31.323132,GBP
4454,1752,1744.88,credit,2024-06-11 13:13:05.238523,USD
4455,1866,320.2,debit,2024-06-11 14:05:39.153915,USD
4456,1423,420.83,credit,2024-06-11 14:58:13.069306,GBP
4457,1141,1377.87,debit,2024-06-11 15:50:46.984698,USD
4458,1290,711.35,debit,2024-06-11 16:43:20.900090,GBP
4459,1431,1428.9,credit,2024-06-11 17:35:54.815481,GBP
4460,1748,323.83,credit,2024-06-11 18:28:28.730873,GBP
4461,1851,512.02,credit,2024-06-11 19:21:02.646264,EUR
4462,1823,321.73,credit,2024-06-11 20:13:36.561656,USD
4463,1688,1906.29,debit,2024-06-11 21:06:10.477047,USD
4464,1652,816.75,credit,2024-06-11 21:58:44.392439,USD
4465,1700,681.07,credit,2024-06-11 22:51:18.307830,GBP
4466,1997,38.26,credit,2024-06-11 23:43:52.223222,USD
4467,1048,315.3,debit,2024-06-12 00:36:26.138613,USD
4468,1301,848.06,credit,2024-06-12 01:29:00.054005,EUR
4469,1880,146.32,credit,2024-06-12 02:21:33.969396,USD
4470,1189,1026.37,debit,2024-06-12 03:14:07.884788,USD
4471,1135,915.48,credit,2024-06-12 04:06:41.800180,GBP
4472,1554,1536.66,credit,2024-06-12 04:59:15.715571,USD
4473,1403,1323.01,debit,2024-06-12 05:51:49.630963,USD
4474,1891,897.44,credit,2024-06-12 06:44:23.546354,USD
4475,1864,457.07,debit,2024-06-12 07:36:57.461746,USD
4476,1601,1456.46,credit,2024-06-12 08:29:31.377137,USD
4477,1806,1418.65,credit,2024-06-12 09:22:05.292529,USD
4478,1340,315.06,credit,2024-06-12 10:14:39.207920,USD
4479,1756,1830.36,debit,2024-06-12 11:07:13.123312,USD
4480,1944,138.17,credit,2024-06-12 11:59:47.038703,USD
4481,1703,119.53,credit,2024-06-12 12:52:20.954095,USD
4482,1317,382.83,credit,2024-06-12 13:44:54.869486,USD
4483,1617,1819.83,credit,2024-06-12 14:37:28.784878,USD
4484,1362,1044.8,debit,2024-06-12 15:30:02.700270,USD
4485,1821,1578.0,debit,2024-06-12 16:22:36.615661,USD
4486,1381,463.41,debit,2024-06-12 17:15:10.531053,EUR
4487,1232,985.54,credit,2024-06-12 18:07:44.446444,EUR
4488,1776,723.0,credit,2024-06-12 19:00:18.361836,USD
4489,1343,1657.38,debit,2024-06-12 19:52:52.277227,EUR
4490,1548,54.98,debit,2024-06-12 20:45:26.192619,USD
4491,1816,495.25,credit,2024-06-12 21:38:00.108010,EUR
4492,1552,313.62,credit,2024-06-12 22:30:34.023402,USD
4493,1528,1719.79,credit,2024-06-12 23:23:07.938793,GBP
4494,1855,940.41,credit,2024-06-13 00:15:41.854185,USD
4495,1788,814.4,credit,2024-06-13 01:08:15.769576,USD
4496,1818,904.47,debit,2024-06-13 02:00:49.684968,USD
4497,1570,1944.13,credit,2024-06-13 02:53:23.600360,USD
4498,1934,1702.03,credit,2024-06-13 03:45:57.515751,EUR
4499,1182,1415.67,credit,2024-06-13 04:38:31.431143,USD
4500,1040,588.05,debit,2024-06-13 05:31:05.346534,USD
4501,1550,338.69,credit,2024-06-13 06:23:39.261926,USD
4502,1396,1843.65,credit,2024-06-13 07:16:13.177317,USD
4503,1703,851.92,credit,2024-06-13 08:08:47.092709,USD
4504,1778,564.72,credit,2024-06-13 09:01:21.008100,EUR
4505,1493,947.13,debit,2024-06-13 09:53:54.923492,GBP
4506,1658,1836.52,credit,2024-06-13 10:46:28.838883,USD
4507,1906,780.26,credit,2024-06-13 11:39:02.754275,EUR
4508,1332,1129.66,debit,2024-06-13 12:31:36.669666,GBP
4509,1126,1607.9,credit,2024-06-13 13:24:10.585058,USD
4510,1557,859.99,credit,2024-06-13 14:16:44.500450,GBP
4511,1556,474.75,debit,2024-06-13 15:09:18.415841,USD
4512,1000,,credit,2024-06-13 16:01:52.331233,EUR
4513,1167,1913.58,debit,2024-06-13 16:54:26.246624,USD
4514,1619,1688.52,debit,2024-06-13 17:47:00.162016,EUR
4515,1018,1379.86,debit,2024-06-13 18:39:34.077407,EUR
4516,1331,596.78,credit,2024-06-13 19:32:07.992799,USD
4517,1583,,credit,2024-06-13 20:24:41.908190,USD
4518,1455,558.36,credit,2024-06-13 21:17:15.823582,EUR
4519,1956,1603.61,credit,2024-06-13 22:09:49.738973,EUR
4520,1108,1837.33,credit,2024-06-13 23:02:23.654365,USD
4521,1267,1209.98,debit,2024-06-13 23:54:57.569756,EUR
4522,1444,1608.08,debit,2024-06-14 00:47:31.485148,USD
4523,1239,1585.47,credit,2024-06-14 01:40:05.400540,EUR
4524,1928,394.38,credit,2024-06-14 02:32:39.315931,USD
4525,1300,1339.17,credit,2024-06-14 03:25:13.231323,USD
4526,1601,196.0,debit,2024-06-14 04:17:47.146714,USD
4527,1102,1020.62,credit,2024-06-14 05:10:21.062106,USD
4528,1987,332.85,credit,2024-06-14 06:02:54.977497,EUR
4529,1249,838.54,debit,2024-06-14 06:55:28.892889,USD
4530,1452,1667.63,credit,2024-06-14 07:48:02.808280,EUR
4531,1519,1974.46,debit,2024-06-14 08:40:36.723672,GBP
4532,1152,642.74,credit,2024-06-14 09:33:10.639063,EUR
4533,1858,1068.59,debit,2024-06-14 10:25:44.554455,USD
4534,1173,1027.48,credit,2024-06-14 11:18:18.469846,USD
4535,1342,1909.26,credit,2024-06-14 12:10:52.385238,USD
4536,1669,962.38,debit,2024-06-14 13:03:26.300630,USD
4537,1430,1401.22,debit,2024-06-14 13:56:00.216021,EUR
4538,1726,1844.36,credit,2024-06-14 14:48:34.131413,USD
4539,1688,,credit,2024-06-14 15:41:08.046804,GBP
4540,1686,1805.22,credit,2024-06-14 16:33:41.962196,USD
4541,1851,1835.74,debit,2024-06-14 17:26:15.877587,USD
4542,1849,1862.02,credit,2024-06-14 18:18:49.792979,USD
4543,1657,548.19,debit,2024-06-14 19:11:23.708370,EUR
4544,1961,806.71,credit,2024-06-14 20:03:57.623762,USD
4545,1323,1742.09,credit,2024-06-14 20:56:31.539153,USD
4546,1989,724.73,debit,2024-06-14 21:49:05.454545,USD
4547,1672,1204.5,credit,2024-06-14 22:41:39.369936,GBP
4548,1638,244.93,debit,2024-06-14 23:34:13.285328,USD
4549,1419,,credit,2024-06-15 00:26:47.200720,USD
4550,1593,829.87,credit,2024-06-15 01:19:21.116111,USD
4551,1484,1162.04,credit,2024-06-15 02:11:55.031503,EUR
4552,1658,791.47,credit,2024-06-15 03:04:28.946894,USD
4553,1750,1159.69,credit,2024-06-15 03:57:02.862286,GBP
4554,1411,1035.02,credit,2024-06-15 04:49:36.777677,USD
4555,1935,1374.56,debit,2024-06-15 05:42:10.693069,USD
4556,1083,1302.57,credit,2024-06-15 06:34:44.608460,USD
4557,1112,854.25,credit,2024-06-15 07:27:18.523852,USD
4558,1736,855.74,credit,2024-06-15 08:19:52.439243,USD
4559,1331,290.15,credit,2024-06-15 09:12:26.354635,GBP
4560,1377,1031.34,credit,2024-06-15 10:05:00.270027,USD
4561,1754,1178.49,credit,2024-06-15 10:57:34.185418,USD
4562,1654,958.21,credit,2024-06-15 11:50:08.100810,USD
4563,1040,658.16,credit,2024-06-15 12:42:42.016201,USD
4564,1934,1446.08,credit,2024-06-15 13:35:15.931593,USD
4565,1769,158.58,debit,2024-06-15 14:27:49.846984,USD
4566,1958,1829.74,debit,2024-06-15 15:20:23.762376,USD
4567,1796,51.08,credit,2024-06-15 16:12:57.677767,USD
4568,1104,1925.08,debit,2024-06-15 17:05:31.593159,USD
4569,1201,930.09,credit,2024-06-15 17:58:05.508550,EUR
4570,1449,831.21,credit,2024-06-15 18:50:39.423942,USD
4571,1818,520.32,debit,2024-06-15 19:43:13.339333,USD
4572,1842,30.04,debit,2024-06-15 20:35:47.254725,USD
4573,1972,556.83,debit,2024-06-15 21:28:21.170117,USD
4574,1265,227.71,debit,2024-06-15 22:20:55.085508,USD
4575,1909,1323.04,credit,2024-06-15 23:13:29.000900,USD
4576,1209,644.96,debit,2024-06-16 00:06:02.916291,USD
4577,1562,1536.69,debit,2024-06-16 00:58:36.831683,USD
4578,1117,421.76,credit,2024-06-16 01:51:10.747074,USD
4579,1712,1801.47,debit,2024-06-16 02:43:44.662466,USD
4580,1376,1050.73,credit,2024-06-16 03:36:18.577857,USD
4581,1550,237.87,debit,2024-06-16 04:28:52.493249,EUR
4582,1539,807.68,credit,2024-06-16 05:21:26.408640,USD
4583,1770,421.45,credit,2024-06-16 06:14:00.324032,EUR
4584,1083,407.37,credit,2024-06-16 07:06:34.239423,USD
4585,1453,1017.68,credit,2024-06-16 07:59:08.154815,USD
4586,1666,1347.07,debit,2024-06-16 08:51:42.070207,USD
4587,1628,1824.12,credit,2024-06-16 09:44:15.985598,USD
4588,1513,1009.3,credit,2024-06-16 10:36:49.900990,GBP
4589,1604,1932.02,credit,2024-06-16 11:29:23.816381,USD
4590,1677,1883.85,debit,2024-06-16 12:21:57.731773,USD
4591,1386,1731.47,debit,2024-06-16 13:14:31.647164,GBP
4592,1911,1004.95,debit,2024-06-16 14:07:05.562556,USD
4593,1349,290.4,debit,2024-06-16 14:59:39.477947,USD
4594,1295,443.63,credit,2024-06-16 15:52:13.393339,USD
4595,1257,1298.86,credit,2024-06-16 16:44:47.308730,GBP
4596,1080,849.29,credit,2024-06-16 17:37:21.224122,EUR
4597,1936,302.14,debit,2024-06-16 18:29:55.139513,USD
4598,1267,963.2,debit,2024-06-16 19:22:29.054905,EUR
4599,1418,44.69,credit,2024-06-16 20:15:02.970297,USD
4600,1234,1470.45,credit,2024-06-16 21:07:36.885688,EUR
4601,1832,156.43,credit,2024-06-16 22:00:10.801080,USD
4602,1310,1261.94,debit,2024-06-16 22:52:44.716471,USD
4603,1812,1588.09,credit,2024-06-16 23:45:18.631863,USD
4604,1974,273.96,debit,2024-06-17 00:37:52.547254,EUR
4605,1985,1042.09,credit,2024-06-17 01:30:26.462646,EUR
4606,1356,1560.34,credit,2024-06-17 02:23:00.378037,USD
4607,1212,528.66,debit,2024-06-17 03:15:34.293429,USD
4608,1573,334.2,credit,2024-06-17 04:08:08.208820,USD
4609,1048,680.27,debit,2024-06-17 05:00:42.124212,EUR
4610,1126,1113.85,credit,2024-06-17 05:53:16.039603,USD
4611,1222,1154.81,credit,2024-06-17 06:45:49.954995,EUR
4612,1920,270.44,credit,2024-06-17 07:38:23.870387,USD
4613,1278,920.56,debit,2024-06-17 08:30:57.785778,USD
4614,1407,543.88,debit,2024-06-17 09:23:31.701170,USD
4615,1504,1685.63,credit,2024-06-17 10:16:05.616561,EUR
4616,1293,634.01,credit,2024-06-17 11:08:39.531953,USD
4617,1795,1679.02,credit,2024-06-17 12:01:13.447344,USD
4618,1276,862.84,credit,2024-06-17 12:53:47.362736,USD
4619,1437,1455.91,credit,2024-06-17 13:46:21.278127,GBP
4620,1106,1025.02,credit,2024-06-17 14:38:55.193519,USD
4621,1657,1247.71,credit,2024-06-17 15:31:29.108910,USD
4622,1419,796.76,credit,2024-06-17 16:24:03.024302,USD
4623,1610,1538.73,credit,2024-06-17 17:16:36.939693,USD
4624,1428,856.13,credit,2024-06-17 18:09:10.855085,EUR
4625,1374,920.35,credit,2024-06-17 19:01:44.770477,USD
4626,1072,1040.18,credit,2024-06-17 19:54:18.685868,USD
4627,1948,1665.33,debit,2024-06-17 20:46:52.601260,GBP
4628,1997,1322.16,credit,2024-06-17 21:39:26.516651,GBP
4629,1633,704.83,credit,2024-06-17 22:32:00.432043,USD
4630,1029,1343.94,credit,2024-06-17 23:24:34.347434,USD
4631,1187,1288.43,debit,2024-06-18 00:17:08.262826,USD
4632,1363,1862.73,credit,2024-06-18 01:09:42.178217,USD
4633,1865,1684.42,debit,2024-06-18 02:02:16.093609,USD
4634,1799,1298.42,credit,2024-06-18 02:54:50.009000,USD
4635,1450,689.6,credit,2024-06-18 03:47:23.924392,EUR
4636,1194,1561.36,credit,2024-06-18 04:39:57.839783,USD
4637,1155,1154.66,credit,2024-06-18 05:32:31.755175,USD
4638,1171,1970.69,credit,2024-06-18 06:25:05.670567,USD
4639,1846,502.54,credit,2024-06-18 07:17:39.585958,USD
4640,1040,168.52,credit,2024-06-18 08:10:13.501350,USD
4641,1062,149.08,credit,2024-06-18 09:02:47.416741,USD
4642,1022,1283.66,credit,2024-06-18 09:55:21.332133,EUR
4643,1359,1879.13,credit,2024-06-18 10:47:55.247524,EUR
4644,1074,13.84,credit,2024-06-18 11:40:29.162916,USD
4645,1559,1454.28,debit,2024-06-18 12:33:03.078307,USD
4646,1671,1317.56,credit,2024-06-18 13:25:36.993699,EUR
4647,1824,1467.29,credit,2024-06-18 14:18:10.909090,USD
4648,1117,717.26,credit,2024-06-18 15:10:44.824482,GBP
4649,1611,,credit,2024-06-18 16:03:18.739873,USD
4650,1379,98.97,credit,2024-06-18 16:55:52.655265,USD
4651,1928,1513.31,credit,2024-06-18 17:48:26.570657,USD
4652,1919,541.47,credit,2024-06-18 18:41:00.486048,USD
4653,1678,958.91,debit,2024-06-18 19:33:34.401440,USD
4654,1289,1647.05,credit,2024-06-18 20:26:08.316831,EUR
4655,1439,550.0,credit,2024-06-18 21:18:42.232223,USD
4656,1667,378.56,debit,2024-06-18 22:11:16.147614,USD
4657,1932,1365.81,credit,2024-06-18 23:03:50.063006,EUR
4658,1006,1071.46,debit,2024-06-18 23:56:23.978397,USD
4659,1195,1033.66,credit,2024-06-19 00:48:57.893789,USD
4660,1420,520.97,credit,2024-06-19 01:41:31.809180,USD
4661,1567,79.41,debit,2024-06-19 02:34:05.724572,USD
4662,1832,826.44,debit,2024-06-19 03:26:39.639963,USD
4663,1192,222.05,debit,2024-06-19 04:19:13.555355,USD
4664,1558,1812.92,credit,2024-06-19 05:11:47.470747,EUR
4665,1147,92.09,credit,2024-06-19 06:04:21.386138,USD
4666,1786,868.99,credit,2024-06-19 06:56:55.301530,USD
4667,1668,113.97,debit,2024-06-19 07:49:29.216921,USD
4668,1201,200.13,credit,2024-06-19 08:42:03.132313,USD
4669,1443,1321.14,credit,2024-06-19 09:34:37.047704,EUR
4670,1913,1297.75,debit,2024-06-19 10:27:10.963096,USD
4671,1987,75.77,debit,2024-06-19 11:19:44.878487,USD
4672,1418,12.25,credit,2024-06-19 12:12:18.793879,USD
4673,1426,166.85,debit,2024-06-19 13:04:52.709270,USD
4674,1478,1528.37,credit,2024-06-19 13:57:26.624662,EUR
4675,1474,1173.31,credit,2024-06-19 14:50:00.540054,USD
4676,1125,85.86,credit,2024-06-19 15:42:34.455445,USD
4677,1394,981.31,credit,2024-06-19 16:35:08.370837,GBP
4678,1816,1426.94,debit,2024-06-19 17:27:42.286228,USD
4679,1880,,debit,2024-06-19 18:20:16.201620,USD
4680,1805,1868.73,credit,2024-06-19 19:12:50.117011,EUR
4681,1575,661.61,debit,2024-06-19 20:05:24.032403,USD
4682,1324,280.31,credit,2024-06-19 20:57:57.947794,GBP
4683,1391,481.48,credit,2024-06-19 21:50:31.863186,EUR
4684,1929,1554.58,credit,2024-06-19 22:43:05.778577,GBP
4685,1687,1943.25,debit,2024-06-19 23:35:39.693969,USD
4686,1627,938.12,credit,2024-06-20 00:28:13.609360,USD
4687,1439,617.65,credit,2024-06-20 01:20:47.524752,EUR
4688,1203,864.09,credit,2024-06-20 02:13:21.440144,GBP
4689,1485,616.58,credit,2024-06-20 03:05:55.355535,GBP
4690,1832,520.41,debit,2024-06-20 03:58:29.270927,EUR
4691,1030,1191.56,credit,2024-06-20 04:51:03.186318,EUR
4692,1387,41.31,credit,2024-06-20 05:43:37.101710,USD
4693,1624,526.51,debit,2024-06-20 06:36:11.017101,USD
4694,1876,1326.15,credit,2024-06-20 07:28:44.932493,USD
4695,1433,73.8,debit,2024-06-20 08:21:18.847884,USD
4696,1836,175.57,credit,2024-06-20 09:13:52.763276,USD
4697,1925,593.86,credit,2024-06-20 10:06:26.678667,USD
4698,1375,1756.83,debit,2024-06-20 10:59:00.594059,USD
4699,1343,1532.12,credit,2024-06-20 11:51:34.509450,GBP
4700,1442,54.09,debit,2024-06-20 12:44:08.424842,USD
4701,1578,1008.41,credit,2024-06-20 13:36:42.340234,USD
4702,1074,556.63,credit,2024-06-20 14:29:16.255625,EUR
4703,1556,1300.8,debit,2024-06-20 15:21:50.171017,EUR
4704,1771,1445.89,credit,2024-06-20 16:14:24.086408,USD
4705,1665,1727.1,credit,2024-06-20 17:06:58.001800,USD
4706,1154,956.08,debit,2024-06-20 17:59:31.917191,USD
4707,1429,1988.96,debit,2024-06-20 18:52:05.832583,USD
4708,1362,1960.17,credit,2024-06-20 19:44:39.747974,USD
4709,1447,1765.51,debit,2024-06-20 20:37:13.663366,USD
4710,1986,1153.99,debit,2024-06-20 21:29:47.578757,EUR
4711,1233,802.03,credit,2024-06-20 22:22:21.494149,USD
4712,1562,735.13,credit,2024-06-20 23:14:55.409540,USD
4713,1817,34.13,credit,2024-06-21 00:07:29.324932,USD
4714,1261,505.86,debit,2024-06-21 01:00:03.240324,USD
4715,1826,1440.43,debit,2024-06-21 01:52:37.155715,USD
4716,1124,1211.23,debit,2024-06-21 02:45:11.071107,USD
4717,1910,,debit,2024-06-21 03:37:44.986498,GBP
4718,1244,109.54,credit,2024-06-21 04:30:18.901890,USD
4719,1541,319.0,credit,2024-06-21 05:22:52.817281,GBP
4720,1937,1580.6,credit,2024-06-21 06:15:26.732673,GBP
4721,1484,723.43,credit,2024-06-21 07:08:00.648064,USD
4722,1121,245.51,debit,2024-06-21 08:00:34.563456,USD
4723,1124,1992.94,debit,2024-06-21 08:53:08.478847,USD
4724,1548,1576.63,credit,2024-06-21 09:45:42.394239,USD
4725,1169,823.39,credit,2024-06-21 10:38:16.309630,USD
4726,1123,1648.46,debit,2024-06-21 11:30:50.225022,USD
4727,1868,1364.4,credit,2024-06-21 12:23:24.140414,GBP
4728,1034,1582.05,credit,2024-06-21 13:15:58.055805,USD
4729,1086,1632.26,credit,2024-06-21 14:08:31.971197,USD
4730,1645,178.61,credit,2024-06-21 15:01:05.886588,EUR
4731,1707,1249.72,debit,2024-06-21 15:53:39.801980,EUR
4732,1785,23.5,credit,2024-06-21 16:46:13.717371,USD
4733,1200,96.48,debit,2024-06-21 17:38:47.632763,USD
4734,1368,1808.92,credit,2024-06-21 18:31:21.548154,EUR
4735,1796,1059.85,credit,2024-06-21 19:23:55.463546,EUR
4736,1076,1474.44,credit,2024-06-21 20:16:29.378937,GBP
4737,1058,1678.62,credit,2024-06-21 21:09:03.294329,USD
4738,1430,1899.68,credit,2024-06-21 22:01:37.209720,EUR
4739,1637,1740.01,credit,2024-06-21 22:54:11.125112,USD
4740,1499,971.79,credit,2024-06-21 23:46:45.040504,GBP
4741,1912,678.58,debit,2024-06-22 00:39:18.955895,USD
4742,1108,317.44,credit,2024-06-22 01:31:52.871287,USD
4743,1735,806.64,credit,2024-06-22 02:24:26.786678,USD
4744,1277,739.32,debit,2024-06-22 03:17:00.702070,USD
4745,1067,1123.55,credit,2024-06-22 04:09:34.617461,USD
4746,1068,1334.36,debit,2024-06-22 05:02:08.532853,USD
4747,1164,1956.87,debit,2024-06-22 05:54:42.448244,USD
4748,1488,1459.49,debit,2024-06-22 06:47:16.363636,USD
4749,1304,1291.06,debit,2024-06-22 07:39:50.279027,EUR
4750,1908,,credit,2024-06-22 08:32:24.194419,USD
4751,1673,,credit,2024-06-22 09:24:58.109810,EUR
4752,1364,583.37,debit,2024-06-22 10:17:32.025202,EUR
4753,1853,1539.21,credit,2024-06-22 11:10:05.940594,USD
4754,1820,418.49,credit,2024-06-22 12:02:39.855985,USD
4755,1378,1427.25,debit,2024-06-22 12:55:13.771377,EUR
4756,1342,1163.76,debit,2024-06-22 13:47:47.686768,USD
4757,1946,352.0,credit,2024-06-22 14:40:21.602160,USD
4758,1898,530.63,credit,2024-06-22 15:32:55.517551,USD
4759,1553,997.64,credit,2024-06-22 16:25:29.432943,USD
4760,1353,842.57,debit,2024-06-22 17:18:03.348334,USD
4761,1415,1559.34,credit,2024-06-22 18:10:37.263726,GBP
4762,1108,1471.47,debit,2024-06-22 19:03:11.179117,EUR
4763,1562,1153.4,debit,2024-06-22 19:55:45.094509,EUR
4764,1761,1646.33,credit,2024-06-22 20:48:19.009900,USD
4765,1496,1129.71,credit,2024-06-22 21:40:52.925292,GBP
4766,1340,,credit,2024-06-22 22:33:26.840684,USD
4767,1941,442.28,debit,2024-06-22 23:26:00.756075,EUR
4768,1382,1431.12,credit,2024-06-23 00:18:34.671467,USD
4769,1532,746.19,debit,2024-06-23 01:11:08.586858,USD
4770,1299,565.14,credit,2024-06-23 02:03:42.502250,EUR
4771,1138,368.97,credit,2024-06-23 02:56:16.417641,USD
4772,1358,1109.48,debit,2024-06-23 03:48:50.333033,GBP
4773,1835,438.78,credit,2024-06-23 04:41:24.248424,USD
4774,1498,408.7,debit,2024-06-23 05:33:58.163816,GBP
4775,1384,1981.16,credit,2024-06-23 06:26:32.079207,USD
4776,1603,1605.48,debit,2024-06-23 07:19:05.994599,USD
4777,1958,1499.07,debit,2024-06-23 08:11:39.909991,USD
4778,1279,1590.18,debit,2024-06-23 09:04:13.825382,USD
4779,1636,1938.16,credit,2024-06-23 09:56:47.740774,EUR
4780,1482,1150.82,credit,2024-06-23 10:49:21.656165,USD
4781,1908,448.29,credit,2024-06-23 11:41:55.571557,USD
4782,1110,1725.8,credit,2024-06-23 12:34:29.486948,USD
4783,1865,1488.03,debit,2024-06-23 13:27:03.402340,USD
4784,1138,834.47,credit,2024-06-23 14:19:37.317731,USD
4785,1995,952.4,credit,2024-06-23 15:12:11.233123,USD
4786,1434,828.39,debit,2024-06-23 16:04:45.148514,USD
4787,1508,1860.58,debit,2024-06-23 16:57:19.063906,GBP
4788,1272,693.63,debit,2024-06-23 17:49:52.979297,USD
4789,1098,1927.33,credit,2024-06-23 18:42:26.894689,USD
4790,1763,1821.44,credit,2024-06-23 19:35:00.810081,USD
4791,1849,1264.74,credit,2024-06-23 20:27:34.725472,USD
4792,1103,1163.85,credit,2024-06-23 21:20:08.640864,USD
4793,1213,746.48,credit,2024-06-23 22:12:42.556255,USD
4794,1760,46.49,debit,2024-06-23 23:05:16.471647,USD
4795,1663,263.97,credit,2024-06-23 23:57:50.387038,EUR
4796,1761,1510.92,credit,2024-06-24 00:50:24.302430,EUR
4797,1786,948.36,credit,2024-06-24 01:42:58.217821,EUR
4798,1164,,credit,2024-06-24 02:35:32.133213,USD
4799,1998,535.28,credit,2024-06-24 03:28:06.048604,USD
4800,1852,1896.2,credit,2024-06-24 04:20:39.963996,USD
4801,1519,740.59,credit,2024-06-24 05:13:13.879387,EUR
4802,1283,1816.29,credit,2024-06-24 06:05:47.794779,USD
4803,1516,616.23,credit,2024-06-24 06:58:21.710171,USD
4804,1656,,debit,2024-06-24 07:50:55.625562,USD
4805,1612,,credit,2024-06-24 08:43:29.540954,USD
4806,1163,1048.53,credit,2024-06-24 09:36:03.456345,USD
4807,1885,1277.51,debit,2024-06-24 10:28:37.371737,USD
4808,1658,476.27,credit,2024-06-24 11:21:11.287128,USD
4809,1063,1162.08,credit,2024-06-24 12:13:45.202520,USD
4810,1090,1297.86,debit,2024-06-24 13:06:19.117911,USD
4811,1116,1376.9,credit,2024-06-24 13:58:53.033303,EUR
4812,1865,1555.04,debit,2024-06-24 14:51:26.948694,USD
4813,1266,629.57,debit,2024-06-24 15:44:00.864086,USD
4814,1821,1139.88,credit,2024-06-24 16:36:34.779477,USD
4815,1684,1963.34,debit,2024-06-24 17:29:08.694869,USD
4816,1558,1797.31,credit,2024-06-24 18:21:42.610261,USD
4817,1139,1905.8,credit,2024-06-24 19:14:16.525652,USD
4818,1245,778.41,debit,2024-06-24 20:06:50.441044,USD
4819,1660,1575.99,debit,2024-06-24 20:59:24.356435,USD
4820,1757,1243.6,debit,2024-06-24 21:51:58.271827,EUR
4821,1394,174.64,credit,2024-06-24 22:44:32.187218,USD
4822,1486,1649.72,credit,2024-06-24 23:37:06.102610,EUR
4823,1475,1357.43,credit,2024-06-25 00:29:40.018001,USD
4824,1516,405.85,credit,2024-06-25 01:22:13.933393,USD
4825,1976,168.68,debit,2024-06-25 02:14:47.848784,USD
4826,1183,1675.67,credit,2024-06-25 03:07:21.764176,USD
4827,1019,167.01,credit,2024-06-25 03:59:55.679567,USD
4828,1936,191.79,credit,2024-06-25 04:52:29.594959,USD
4829,1557,,credit,2024-06-25 05:45:03.510351,USD
4830,1523,278.25,debit,2024-06-25 06:37:37.425742,USD
4831,1581,1828.2,credit,2024-06-25 07:30:11.341134,EUR
4832,1528,945.87,debit,2024-06-25 08:22:45.256525,GBP
4833,1882,1142.61,credit,2024-06-25 09:15:19.171917,USD
4834,1146,1856.93,credit,2024-06-25 10:07:53.087308,USD
4835,1665,1065.22,debit,2024-06-25 11:00:27.002700,GBP
4836,1303,713.65,credit,2024-06-25 11:53:00.918091,USD
4837,1619,1596.34,credit,2024-06-25 12:45:34.833483,USD
4838,1747,891.27,debit,2024-06-25 13:38:08.748874,USD
4839,1819,643.75,credit,2024-06-25 14:30:42.664266,USD
4840,1863,1449.23,credit,2024-06-25 15:23:16.579657,USD
4841,1581,1605.2,debit,2024-06-25 16:15:50.495049,USD
4842,1694,1585.52,debit,2024-06-25 17:08:24.410441,USD
4843,1761,1955.57,credit,2024-06-25 18:00:58.325832,USD
4844,1227,1575.47,debit,2024-06-25 18:53:32.241224,USD
4845,1101,1542.17,credit,2024-06-25 19:46:06.156615,EUR
4846,1586,1716.4,credit,2024-06-25 20:38:40.072007,GBP
4847,1416,10.37,credit,2024-06-25 21:31:13.987398,USD
4848,1957,731.24,debit,2024-06-25 22:23:47.902790,USD
4849,1215,1477.83,credit,2024-06-25 23:16:21.818181,USD
4850,1406,1203.44,credit,2024-06-26 00:08:55.733573,USD
4851,1398,363.37,credit,2024-06-26 01:01:29.648964,GBP
4852,1922,614.43,debit,2024-06-26 01:54:03.564356,EUR
4853,1714,680.22,credit,2024-06-26 02:46:37.479747,USD
4854,1703,1139.98,credit,2024-06-26 03:39:11.395139,EUR
4855,1760,1664.88,debit,2024-06-26 04:31:45.310531,USD
4856,1498,1865.66,debit,2024-06-26 05:24:19.225922,USD
4857,1753,1502.68,credit,2024-06-26 06:16:53.141314,EUR
4858,1464,1687.47,credit,2024-06-26 07:09:27.056705,USD
4859,1690,,debit,2024-06-26 08:02:00.972097,GBP
4860,1948,785.65,debit,2024-06-26 08:54:34.887488,USD
4861,1973,791.49,credit,2024-06-26 09:47:08.802880,EUR
4862,1730,1235.92,credit,2024-06-26 10:39:42.718271,USD
4863,1081,257.23,credit,2024-06-26 11:32:16.633663,EUR
4864,1603,1163.19,credit,2024-06-26 12:24:50.549054,USD
4865,1946,1333.61,debit,2024-06-26 13:17:24.464446,USD
4866,1686,883.43,credit,2024-06-26 14:09:58.379837,EUR
4867,1750,1906.8,debit,2024-06-26 15:02:32.295229,USD
4868,1771,1220.34,debit,2024-06-26 15:55:06.210621,USD
4869,1902,447.8,debit,2024-06-26 16:47:40.126012,USD
4870,1364,963.64,debit,2024-06-26 17:40:14.041404,GBP
4871,1162,1354.05,credit,2024-06-26 18:32:47.956795,EUR
4872,1047,654.02,credit,2024-06-26 19:25:21.872187,USD
4873,1510,168.49,debit,2024-06-26 20:17:55.787578,EUR
4874,1328,1171.04,debit,2024-06-26 21:10:29.702970,USD
4875,1839,1896.26,credit,2024-06-26 22:03:03.618361,GBP
4876,1115,975.29,debit,2024-06-26 22:55:37.533753,USD
4877,1940,1813.16,credit,2024-06-26 23:48:11.449144,USD
4878,1848,1671.7,credit,2024-06-27 00:40:45.364536,USD
4879,1336,303.35,credit,2024-06-27 01:33:19.279927,USD
4880,1880,1419.26,debit,2024-06-27 02:25:53.195319,USD
4881,1736,876.58,credit,2024-06-27 03:18:27.110711,EUR
4882,1863,507.99,credit,2024-06-27 04:11:01.026102,EUR
4883,1839,1377.01,debit,2024-06-27 05:03:34.941494,GBP
4884,1146,1487.89,debit,2024-06-27 05:56:08.856885,USD
4885,1574,367.99,debit,2024-06-27 06:48:42.772277,USD
4886,1805,1829.74,credit,2024-06-27 07:41:16.687668,USD
4887,1322,1504.78,credit,2024-06-27 08:33:50.603060,USD
4888,1442,1867.42,credit,2024-06-27 09:26:24.518451,USD
4889,1836,640.98,debit,2024-06-27 10:18:58.433843,USD
4890,1012,1879.28,debit,2024-06-27 11:11:32.349234,USD
4891,1942,743.35,debit,2024-06-27 12:04:06.264626,USD
4892,1493,,debit,2024-06-27 12:56:40.180018,EUR
4893,1700,1528.31,credit,2024-06-27 13:49:14.095409,USD
4894,1286,1409.98,debit,2024-06-27 14:41:48.010801,EUR
4895,1719,1199.84,credit,2024-06-27 15:34:21.926192,USD
4896,1113,984.89,credit,2024-06-27 16:26:55.841584,USD
4897,1479,74.01,credit,2024-06-27 17:19:29.756975,USD
4898,1021,1252.95,debit,2024-06-27 18:12:03.672367,USD
4899,1348,839.5,debit,2024-06-27 19:04:37.587758,USD
4900,1725,1124.82,credit,2024-06-27 19:57:11.503150,GBP
4901,1682,864.35,credit,2024-06-27 20:49:45.418541,USD
4902,1834,1932.45,credit,2024-06-27 21:42:19.333933,USD
4903,1565,1212.18,debit,2024-06-27 22:34:53.249324,USD
4904,1905,1500.98,debit,2024-06-27 23:27:27.164716,USD
4905,1809,1873.33,debit,2024-06-28 00:20:01.080108,USD
4906,1319,1187.28,debit,2024-06-28 01:12:34.995499,USD
4907,1125,34.0,credit,2024-06-28 02:05:08.910891,USD
4908,1276,78.24,credit,2024-06-28 02:57:42.826282,USD
4909,1975,1407.65,credit,2024-06-28 03:50:16.741674,USD
4910,1203,565.38,credit,2024-06-28 04:42:50.657065,EUR
4911,1193,1162.97,credit,2024-06-28 05:35:24.572457,USD
4912,1680,412.53,credit,2024-06-28 06:27:58.487848,USD
4913,1663,547.8,debit,2024-06-28 07:20:32.403240,USD
4914,1546,1014.24,credit,2024-06-28 08:13:06.318631,USD
4915,1695,1951.38,credit,2024-06-28 09:05:40.234023,USD
4916,1285,,credit,2024-06-28 09:58:14.149414,USD
4917,1056,1872.93,credit,2024-06-28 10:50:48.064806,USD
4918,1733,1919.17,debit,2024-06-28 11:43:21.980198,EUR
4919,1302,424.14,debit,2024-06-28 12:35:55.895589,USD
4920,1162,629.28,credit,2024-06-28 13:28:29.810981,USD
4921,1018,1542.28,debit,2024-06-28 14:21:03.726372,USD
4922,1369,1734.86,credit,2024-06-28 15:13:37.641764,EUR
4923,1263,1043.26,credit,2024-06-28 16:06:11.557155,USD
4924,1793,1986.52,credit,2024-06-28 16:58:45.472547,GBP
4925,1112,33.03,debit,2024-06-28 17:51:19.387938,EUR
4926,1487,606.19,credit,2024-06-28 18:43:53.303330,EUR
4927,1326,1250.09,credit,2024-06-28 19:36:27.218721,USD
4928,1541,943.89,debit,2024-06-28 20:29:01.134113,EUR
4929,1646,242.04,credit,2024-06-28 21:21:35.049504,USD
4930,1578,741.9,credit,2024-06-28 22:14:08.964896,EUR
4931,1064,60.64,debit,2024-06-28 23:06:42.880288,EUR
4932,1291,1289.06,credit,2024-06-28 23:59:16.795679,USD
4933,1024,1786.56,debit,2024-06-29 00:51:50.711071,USD
4934,1548,1770.9,debit,2024-06-29 01:44:24.626462,USD
4935,1000,1402.09,debit,2024-06-29 02:36:58.541854,USD
4936,1910,936.88,debit,2024-06-29 03:29:32.457245,USD
4937,1548,1028.94,debit,2024-06-29 04:22:06.372637,GBP
4938,1140,282.47,debit,2024-06-29 05:14:40.288028,USD
4939,1743,688.62,debit,2024-06-29 06:07:14.203420,USD
4940,1647,383.58,debit,2024-06-29 06:59:48.118811,USD
4941,1900,1644.19,debit,2024-06-29 07:52:22.034203,EUR
4942,1187,1830.36,debit,2024-06-29 08:44:55.949594,EUR
4943,1127,1078.48,credit,2024-06-29 09:37:29.864986,USD
4944,1200,1458.25,debit,2024-06-29 10:30:03.780378,USD
4945,1126,251.71,credit,2024-06-29 11:22:37.695769,USD
4946,1256,1220.98,credit,2024-06-29 12:15:11.611161,USD
4947,1675,1408.55,credit,2024-06-29 13:07:45.526552,USD
4948,1546,911.01,debit,2024-06-29 14:00:19.441944,EUR
4949,1193,494.11,credit,2024-06-29 14:52:53.357335,USD
4950,1702,1755.98,debit,2024-06-29 15:45:27.272727,USD
4951,1103,1488.39,credit,2024-06-29 16:38:01.188118,EUR
4952,1534,,credit,2024-06-29 17:30:35.103510,USD
4953,1264,1638.62,credit,2024-06-29 18:23:09.018901,USD
4954,1801,1980.85,debit,2024-06-29 19:15:42.934293,USD
4955,1941,392.42,debit,2024-06-29 20:08:16.849684,USD
4956,1973,182.63,credit,2024-06-29 21:00:50.765076,USD
4957,1383,680.64,credit,2024-06-29 21:53:24.680468,EUR
4958,1259,266.72,debit,2024-06-29 22:45:58.595859,GBP
4959,1413,1051.03,credit,2024-06-29 23:38:32.511251,USD
4960,1990,1269.73,credit,2024-06-30 00:31:06.426642,USD
4961,1357,1160.79,credit,2024-06-30 01:23:40.342034,USD
4962,1074,525.89,debit,2024-06-30 02:16:14.257425,USD
4963,1354,1818.56,credit,2024-06-30 03:08:48.172817,USD
4964,1583,52.13,credit,2024-06-30 04:01:22.088208,USD
4965,1770,702.55,debit,2024-06-30 04:53:56.003600,USD
4966,1909,1440.8,debit,2024-06-30 05:46:29.918991,EUR
4967,1187,1536.19,credit,2024-06-30 06:39:03.834383,GBP
4968,1972,838.08,credit,2024-06-30 07:31:37.749774,EUR
4969,1684,43.65,credit,2024-06-30 08:24:11.665166,USD
4970,1991,1239.91,credit,2024-06-30 09:16:45.580558,USD
4971,1289,135.56,credit,2024-06-30 10:09:19.495949,USD
4972,1044,224.63,credit,2024-06-30 11:01:53.411341,GBP
4973,1572,1304.0,credit,2024-06-30 11:54:27.326732,GBP
4974,1082,631.85,debit,2024-06-30 12:47:01.242124,GBP
4975,1122,702.58,debit,2024-06-30 13:39:35.157515,EUR
4976,1357,978.75,credit,2024-06-30 14:32:09.072907,USD
4977,1527,1957.37,debit,2024-06-30 15:24:42.988298,EUR
4978,1065,1931.23,credit,2024-06-30 16:17:16.903690,GBP
4979,1935,,debit,2024-06-30 17:09:50.819081,USD
4980,1656,538.34,credit,2024-06-30 18:02:24.734473,EUR
4981,1374,612.16,debit,2024-06-30 18:54:58.649864,GBP
4982,1161,544.87,debit,2024-06-30 19:47:32.565256,USD
4983,1745,1069.17,credit,2024-06-30 20:40:06.480648,USD
4984,1379,1217.65,debit,2024-06-30 21:32:40.396039,USD
4985,1655,,debit,2024-06-30 22:25:14.311431,USD
4986,1357,821.91,credit,2024-06-30 23:17:48.226822,USD
4987,1187,430.46,debit,2024-07-01 00:10:22.142214,USD
4988,1321,970.19,debit,2024-07-01 01:02:56.057605,USD
4989,1449,688.79,debit,2024-07-01 01:55:29.972997,USD
4990,1473,1087.77,debit,2024-07-01 02:48:03.888388,GBP
4991,1012,1353.63,credit,2024-07-01 03:40:37.803780,USD
4992,1183,1270.29,debit,2024-07-01 04:33:11.719171,EUR
4993,1110,930.36,debit,2024-07-01 05:25:45.634563,USD
4994,1926,1116.54,credit,2024-07-01 06:18:19.549954,USD
4995,1507,576.86,credit,2024-07-01 07:10:53.465346,USD
4996,1289,58.24,debit,2024-07-01 08:03:27.380738,EUR
4997,1294,1253.79,debit,2024-07-01 08:56:01.296129,USD
4998,1450,512.61,credit,2024-07-01 09:48:35.211521,USD
4999,1903,1341.22,credit,2024-07-01 10:41:09.126912,USD
5000,1214,1496.55,credit,2024-07-01 11:33:43.042304,USD
5001,1973,1832.7,debit,2024-07-01 12:26:16.957695,USD
5002,1631,1916.66,debit,2024-07-01 13:18:50.873087,USD
5003,1893,30.95,credit,2024-07-01 14:11:24.788478,USD
5004,1566,1980.84,credit,2024-07-01 15:03:58.703870,EUR
5005,1026,1369.21,debit,2024-07-01 15:56:32.619261,GBP
5006,1629,1290.61,credit,2024-07-01 16:49:06.534653,USD
5007,1732,40.27,debit,2024-07-01 17:41:40.450045,USD
5008,1230,1723.85,credit,2024-07-01 18:34:14.365436,EUR
5009,1564,299.53,credit,2024-07-01 19:26:48.280828,USD
5010,1806,1676.29,credit,2024-07-01 20:19:22.196219,USD
5011,1320,40.97,debit,2024-07-01 21:11:56.111611,USD
5012,1912,1295.47,debit,2024-07-01 22:04:30.027002,USD
5013,1232,875.26,debit,2024-07-01 22:57:03.942394,EUR
5014,1669,409.53,debit,2024-07-01 23:49:37.857785,GBP
5015,1436,224.05,credit,2024-07-02 00:42:11.773177,GBP
5016,1780,885.85,credit,2024-07-02 01:34:45.688568,EUR
5017,1532,255.38,credit,2024-07-02 02:27:19.603960,EUR
5018,1402,,debit,2024-07-02 03:19:53.519351,USD
5019,1052,1254.18,credit,2024-07-02 04:12:27.434743,EUR
5020,1786,1656.49,debit,2024-07-02 05:05:01.350135,USD
5021,1312,1360.51,debit,2024-07-02 05:57:35.265526,EUR
5022,1280,139.75,credit,2024-07-02 06:50:09.180918,USD
5023,1725,621.79,debit,2024-07-02 07:42:43.096309,USD
5024,1030,583.08,debit,2024-07-02 08:35:17.011701,USD
5025,1336,1830.91,debit,2024-07-02 09:27:50.927092,USD
5026,1182,1736.89,debit,2024-07-02 10:20:24.842484,USD
5027,1022,746.59,debit,2024-07-02 11:12:58.757875,USD
5028,1543,151.6,credit,2024-07-02 12:05:32.673267,EUR
5029,1445,1789.27,debit,2024-07-02 12:58:06.588658,EUR
5030,1073,1777.5,credit,2024-07-02 13:50:40.504050,EUR
5031,1009,1710.94,credit,2024-07-02 14:43:14.419441,EUR
5032,1483,1691.71,debit,2024-07-02 15:35:48.334833,EUR
5033,1455,965.71,debit,2024-07-02 16:28:22.250225,GBP
5034,1565,363.09,credit,2024-07-02 17:20:56.165616,USD
5035,1563,960.2,credit,2024-07-02 18:13:30.081008,USD
5036,1659,994.25,debit,2024-07-02 19:06:03.996399,EUR
5037,1159,984.96,debit,2024-07-02 19:58:37.911791,USD
5038,1881,,credit,2024-07-02 20:51:11.827182,USD
5039,1013,522.74,debit,2024-07-02 21:43:45.742574,EUR
5040,1177,738.82,credit,2024-07-02 22:36:19.657965,USD
5041,1411,874.03,debit,2024-07-02 23:28:53.573357,USD
5042,1877,270.93,debit,2024-07-03 00:21:27.488748,USD
5043,1052,916.17,debit,2024-07-03 01:14:01.404140,EUR
5044,1407,1622.83,debit,2024-07-03 02:06:35.319531,GBP
5045,1846,1657.84,credit,2024-07-03 02:59:09.234923,USD
5046,1021,829.01,debit,2024-07-03 03:51:43.150315,USD
5047,1029,1042.43,credit,2024-07-03 04:44:17.065706,USD
5048,1702,76.96,credit,2024-07-03 05:36:50.981098,USD
5049,1259,1352.12,credit,2024-07-03 06:29:24.896489,USD
5050,1204,815.17,credit,2024-07-03 07:21:58.811881,USD
5051,1058,896.5,credit,2024-07-03 08:14:32.727272,USD
5052,1470,1748.61,credit,2024-07-03 09:07:06.642664,USD
5053,1775,929.05,debit,2024-07-03 09:59:40.558055,USD
5054,1465,52.17,debit,2024-07-03 10:52:14.473447,USD
5055,1011,462.71,credit,2024-07-03 11:44:48.388838,USD
5056,1630,956.49,debit,2024-07-03 12:37:22.304230,USD
5057,1926,854.55,credit,2024-07-03 13:29:56.219621,USD
5058,1973,1722.14,credit,2024-07-03 14:22:30.135013,USD
5059,1289,1088.85,credit,2024-07-03 15:15:04.050405,USD
5060,1849,1382.38,credit,2024-07-03 16:07:37.965796,USD
5061,1759,943.95,credit,2024-07-03 17:00:11.881188,USD
5062,1353,884.91,debit,2024-07-03 17:52:45.796579,EUR
5063,1638,898.11,credit,2024-07-03 18:45:19.711971,USD
5064,1074,827.73,credit,2024-07-03 19:37:53.627362,USD
5065,1872,,credit,2024-07-03 20:30:27.542754,USD
5066,1715,508.38,debit,2024-07-03 21:23:01.458145,USD
5067,1560,1783.2,credit,2024-07-03 22:15:35.373537,USD
5068,1590,672.84,debit,2024-07-03 23:08:09.288928,USD
5069,1440,303.57,credit,2024-07-04 00:00:43.204320,USD
5070,1990,202.14,credit,2024-07-04 00:53:17.119711,USD
5071,1240,36.71,credit,2024-07-04 01:45:51.035103,EUR
5072,1860,851.48,debit,2024-07-04 02:38:24.950495,USD
5073,1153,383.35,debit,2024-07-04 03:30:58.865886,USD
5074,1785,53.08,credit,2024-07-04 04:23:32.781278,EUR
5075,1095,1044.84,credit,2024-07-04 05:16:06.696669,USD
5076,1725,1363.16,credit,2024-07-04 06:08:40.612061,EUR
5077,1293,180.64,credit,2024-07-04 07:01:14.527452,GBP
5078,1208,927.23,credit,2024-07-04 07:53:48.442844,EUR
5079,1342,1489.82,debit,2024-07-04 08:46:22.358235,USD
5080,1087,1971.76,debit,2024-07-04 09:38:56.273627,USD
5081,1817,1337.71,credit,2024-07-04 10:31:30.189018,EUR
5082,1775,497.23,debit,2024-07-04 11:24:04.104410,USD
5083,1936,1435.94,debit,2024-07-04 12:16:38.019801,EUR
5084,1389,1199.88,credit,2024-07-04 13:09:11.935193,USD
5085,1324,431.48,credit,2024-07-04 14:01:45.850585,EUR
5086,1939,1703.71,debit,2024-07-04 14:54:19.765976,USD
5087,1888,860.53,debit,2024-07-04 15:46:53.681368,USD
5088,1831,1924.34,credit,2024-07-04 16:39:27.596759,USD
5089,1156,1448.57,debit,2024-07-04 17:32:01.512151,USD
5090,1667,1292.68,credit,2024-07-04 18:24:35.427542,USD
5091,1650,1459.42,debit,2024-07-04 19:17:09.342934,USD
5092,1632,961.41,credit,2024-07-04 20:09:43.258325,USD
5093,1576,1015.4,debit,2024-07-04 21:02:17.173717,USD
5094,1618,1703.9,credit,2024-07-04 21:54:51.089108,USD
5095,1658,1365.05,credit,2024-07-04 22:47:25.004500,USD
5096,1136,1795.51,credit,2024-07-04 23:39:58.919891,USD
5097,1922,1782.75,credit,2024-07-05 00:32:32.835283,USD
5098,1673,1953.22,debit,2024-07-05 01:25:06.750675,USD
5099,1427,1403.43,credit,2024-07-05 02:17:40.666066,USD
5100,1451,1009.58,credit,2024-07-05 03:10:14.581458,EUR
5101,1611,340.96,credit,2024-07-05 04:02:48.496849,USD
5102,1849,1413.71,debit,2024-07-05 04:55:22.412241,USD
5103,1910,590.24,credit,2024-07-05 05:47:56.327632,USD
5104,1818,573.07,credit,2024-07-05 06:40:30.243024,USD
5105,1140,484.19,debit,2024-07-05 07:33:04.158415,USD
5106,1082,1751.49,credit,2024-07-05 08:25:38.073807,USD
5107,1176,1737.25,debit,2024-07-05 09:18:11.989198,USD
5108,1197,1265.63,credit,2024-07-05 10:10:45.904590,USD
5109,1623,951.23,debit,2024-07-05 11:03:19.819981,USD
5110,1567,1347.51,credit,2024-07-05 11:55:53.735373,USD
5111,1971,1218.39,debit,2024-07-05 12:48:27.650765,USD
5112,1690,837.31,credit,2024-07-05 13:41:01.566156,GBP
5113,1420,765.47,credit,2024-07-05 14:33:35.481548,EUR
5114,1400,771.76,credit,2024-07-05 15:26:09.396939,USD
5115,1697,1182.38,debit,2024-07-05 16:18:43.312331,USD
5116,1470,1298.86,debit,2024-07-05 17:11:17.227722,USD
5117,1217,908.97,credit,2024-07-05 18:03:51.143114,USD
5118,1924,1937.7,credit,2024-07-05 18:56:25.058505,USD
5119,1928,176.85,debit,2024-07-05 19:48:58.973897,USD
5120,1827,700.62,debit,2024-07-05 20:41:32.889288,USD
5121,1986,,debit,2024-07-05 21:34:06.804680,USD
5122,1728,43.67,debit,2024-07-05 22:26:40.720072,USD
5123,1631,736.26,credit,2024-07-05 23:19:14.635463,USD
5124,1950,554.68,credit,2024-07-06 00:11:48.550855,USD
5125,1905,1017.01,credit,2024-07-06 01:04:22.466246,USD
5126,1174,679.46,debit,2024-07-06 01:56:56.381638,USD
5127,1022,1455.1,credit,2024-07-06 02:49:30.297029,GBP
5128,1724,1024.77,credit,2024-07-06 03:42:04.212421,GBP
5129,1916,268.23,credit,2024-07-06 04:34:38.127812,USD
5130,1234,1502.62,credit,2024-07-06 05:27:12.043204,EUR
5131,1012,207.47,credit,2024-07-06 06:19:45.958595,USD
5132,1100,1679.71,credit,2024-07-06 07:12:19.873987,USD
5133,1928,1863.53,debit,2024-07-06 08:04:53.789378,USD
5134,1535,651.67,credit,2024-07-06 08:57:27.704770,USD
5135,1875,1853.02,credit,2024-07-06 09:50:01.620162,USD
5136,1522,1588.09,debit,2024-07-06 10:42:35.535553,USD
5137,1784,1845.65,debit,2024-07-06 11:35:09.450945,USD
5138,1451,1335.88,debit,2024-07-06 12:27:43.366336,USD
5139,1430,478.93,credit,2024-07-06 13:20:17.281728,GBP
5140,1792,1790.1,debit,2024-07-06 14:12:51.197119,USD
5141,1605,376.69,credit,2024-07-06 15:05:25.112511,GBP
5142,1712,433.99,credit,2024-07-06 15:57:59.027902,USD
5143,1532,549.42,debit,2024-07-06 16:50:32.943294,GBP
5144,1851,615.45,debit,2024-07-06 17:43:06.858685,EUR
5145,1978,1033.81,credit,2024-07-06 18:35:40.774077,USD
5146,1722,1429.78,debit,2024-07-06 19:28:14.689468,USD
5147,1651,1853.15,debit,2024-07-06 20:20:48.604860,USD
5148,1292,185.99,debit,2024-07-06 21:13:22.520252,GBP
5149,1809,1909.2,credit,2024-07-06 22:05:56.435643,USD
5150,1912,1843.43,credit,2024-07-06 22:58:30.351035,USD
5151,1100,117.46,credit,2024-07-06 23:51:04.266426,USD
5152,1501,727.04,credit,2024-07-07 00:43:38.181818,GBP
5153,1303,1628.16,credit,2024-07-07 01:36:12.097209,USD
5154,1870,1227.04,debit,2024-07-07 02:28:46.012601,USD
5155,1539,1560.4,debit,2024-07-07 03:21:19.927992,USD
5156,1552,1440.88,credit,2024-07-07 04:13:53.843384,USD
5157,1354,998.57,credit,2024-07-07 05:06:27.758775,USD
5158,1302,92.02,credit,2024-07-07 05:59:01.674167,USD
5159,1495,1172.69,debit,2024-07-07 06:51:35.589558,USD
5160,1657,106.65,credit,2024-07-07 07:44:09.504950,USD
5161,1767,1211.42,debit,2024-07-07 08:36:43.420342,USD
5162,1973,1602.82,debit,2024-07-07 09:29:17.335733,USD
5163,1226,1174.13,credit,2024-07-07 10:21:51.251125,USD
5164,1235,1994.07,credit,2024-07-07 11:14:25.166516,EUR
5165,1872,917.17,credit,2024-07-07 12:06:59.081908,USD
5166,1891,1500.17,debit,2024-07-07 12:59:32.997299,USD
5167,1454,1337.75,debit,2024-07-07 13:52:06.912691,USD
5168,1012,1982.95,debit,2024-07-07 14:44:40.828082,USD
5169,1209,1429.31,debit,2024-07-07 15:37:14.743474,USD
5170,1740,336.42,credit,2024-07-07 16:29:48.658865,USD
5171,1396,1911.48,credit,2024-07-07 17:22:22.574257,USD
5172,1099,1338.88,debit,2024-07-07 18:14:56.489648,EUR
5173,1030,128.08,debit,2024-07-07 19:07:30.405040,USD
5174,1897,1318.56,debit,2024-07-07 20:00:04.320432,USD
5175,1527,1767.41,debit,2024-07-07 20:52:38.235823,EUR
5176,1648,1158.31,credit,2024-07-07 21:45:12.151215,USD
5177,1328,714.5,credit,2024-07-07 22:37:46.066606,USD
5178,1165,1643.61,debit,2024-07-07 23:30:19.981998,GBP
5179,1458,1567.2,debit,2024-07-08 00:22:53.897389,USD
5180,1821,1092.92,credit,2024-07-08 01:15:27.812781,USD
5181,1951,317.18,credit,2024-07-08 02:08:01.728172,USD
5182,1981,509.46,credit,2024-07-08 03:00:35.643564,USD
5183,1992,1479.58,credit,2024-07-08 03:53:09.558955,USD
5184,1099,1614.1,credit,2024-07-08 04:45:43.474347,EUR
5185,1620,565.74,debit,2024-07-08 05:38:17.389738,USD
5186,1854,742.29,debit,2024-07-08 06:30:51.305130,USD
5187,1172,164.49,debit,2024-07-08 07:23:25.220522,USD
5188,1748,1429.79,debit,2024-07-08 08:15:59.135913,GBP
5189,1161,17.12,credit,2024-07-08 09:08:33.051305,USD
5190,1904,102.62,debit,2024-07-08 10:01:06.966696,USD
5191,1727,18.64,credit,2024-07-08 10:53:40.882088,USD
5192,1775,1294.19,debit,2024-07-08 11:46:14.797479,USD
5193,1262,840.6,debit,2024-07-08 12:38:48.712871,USD
5194,1803,602.12,credit,2024-07-08 13:31:22.628262,GBP
5195,1273,1826.28,credit,2024-07-08 14:23:56.543654,USD
5196,1002,393.68,credit,2024-07-08 15:16:30.459045,USD
5197,1027,784.84,credit,2024-07-08 16:09:04.374437,USD
5198,1325,1881.22,credit,2024-07-08 17:01:38.289828,USD
5199,1939,859.94,debit,2024-07-08 17:54:12.205220,USD
5200,1148,,debit,2024-07-08 18:46:46.120612,EUR
5201,1539,169.87,credit,2024-07-08 19:39:20.036003,GBP
5202,1487,1582.43,credit,2024-07-08 20:31:53.951395,USD
5203,1821,851.29,debit,2024-07-08 21:24:27.866786,GBP
5204,1437,1603.03,credit,2024-07-08 22:17:01.782178,USD
5205,1064,515.06,credit,2024-07-08 23:09:35.697569,USD
5206,1355,850.73,debit,2024-07-09 00:02:09.612961,EUR
5207,1532,1575.23,credit,2024-07-09 00:54:43.528352,USD
5208,1251,1948.02,credit,2024-07-09 01:47:17.443744,EUR
5209,1234,128.65,credit,2024-07-09 02:39:51.359135,USD
5210,1226,1626.79,credit,2024-07-09 03:32:25.274527,GBP
5211,1524,608.37,credit,2024-07-09 04:24:59.189918,EUR
5212,1312,1105.98,credit,2024-07-09 05:17:33.105310,USD
5213,1048,587.28,credit,2024-07-09 06:10:07.020702,GBP
5214,1117,1230.76,debit,2024-07-09 07:02:40.936093,GBP
5215,1053,714.07,debit,2024-07-09 07:55:14.851485,USD
5216,1649,673.89,debit,2024-07-09 08:47:48.766876,USD
5217,1564,85.5,credit,2024-07-09 09:40:22.682268,EUR
5218,1043,302.45,credit,2024-07-09 10:32:56.597659,EUR
5219,1814,1834.99,credit,2024-07-09 11:25:30.513051,USD
5220,1052,1996.57,debit,2024-07-09 12:18:04.428442,USD
5221,1585,1563.24,credit,2024-07-09 13:10:38.343834,GBP
5222,1557,580.76,credit,2024-07-09 14:03:12.259225,USD
5223,1524,810.87,credit,2024-07-09 14:55:46.174617,EUR
5224,1676,1481.61,debit,2024-07-09 15:48:20.090009,USD
5225,1101,1937.34,debit,2024-07-09 16:40:54.005400,USD
5226,1791,916.39,credit,2024-07-09 17:33:27.920792,USD
5227,1769,1660.75,debit,2024-07-09 18:26:01.836183,EUR
5228,1981,1950.39,credit,2024-07-09 19:18:35.751575,USD
5229,1848,1748.21,credit,2024-07-09 20:11:09.666966,USD
5230,1867,462.03,credit,2024-07-09 21:03:43.582358,USD
5231,1397,25.98,credit,2024-07-09 21:56:17.497749,USD
5232,1137,989.24,credit,2024-07-09 22:48:51.413141,USD
5233,1674,1067.41,debit,2024-07-09 23:41:25.328532,USD
5234,1920,410.49,debit,2024-07-10 00:33:59.243924,USD
5235,1386,576.5,credit,2024-07-10 01:26:33.159315,USD
5236,1110,1532.65,credit,2024-07-10 02:19:07.074707,USD
5237,1613,945.99,credit,2024-07-10 03:11:40.990099,USD
5238,1016,641.53,credit,2024-07-10 04:04:14.905490,USD
5239,1779,1249.03,debit,2024-07-10 04:56:48.820882,EUR
5240,1181,1308.99,credit,2024-07-10 05:49:22.736273,USD
5241,1883,1541.1,debit,2024-07-10 06:41:56.651665,USD
5242,1535,321.85,credit,2024-07-10 07:34:30.567056,USD
5243,1540,1485.62,credit,2024-07-10 08:27:04.482448,USD
5244,1170,1202.86,credit,2024-07-10 09:19:38.397839,USD
5245,1408,124.57,debit,2024-07-10 10:12:12.313231,USD
5246,1739,1557.12,debit,2024-07-10 11:04:46.228622,USD
5247,1377,772.33,credit,2024-07-10 11:57:20.144014,USD
5248,1187,667.46,debit,2024-07-10 12:49:54.059405,USD
5249,1857,901.67,debit,2024-07-10 13:42:27.974797,EUR
5250,1229,698.89,credit,2024-07-10 14:35:01.890189,USD
5251,1832,683.19,credit,2024-07-10 15:27:35.805580,EUR
5252,1851,1618.07,credit,2024-07-10 16:20:09.720972,USD
5253,1118,257.77,credit,2024-07-10 17:12:43.636363,USD
5254,1155,1941.49,debit,2024-07-10 18:05:17.551755,EUR
5255,1783,1114.31,credit,2024-07-10 18:57:51.467146,USD
5256,1686,374.02,credit,2024-07-10 19:50:25.382538,USD
5257,1464,271.12,credit,2024-07-10 20:42:59.297929,USD
5258,1103,1187.1,credit,2024-07-10 21:35:33.213321,EUR
5259,1603,,credit,2024-07-10 22:28:07.128712,USD
5260,1697,115.52,debit,2024-07-10 23:20:41.044104,USD
5261,1971,493.57,credit,2024-07-11 00:13:14.959495,USD
5262,1794,1592.97,credit,2024-07-11 01:05:48.874887,USD
5263,1501,108.75,credit,2024-07-11 01:58:22.790279,USD
5264,1692,1711.63,debit,2024-07-11 02:50:56.705670,GBP
5265,1681,1319.74,credit,2024-07-11 03:43:30.621062,USD
5266,1698,874.5,credit,2024-07-11 04:36:04.536453,USD
5267,1174,699.4,credit,2024-07-11 05:28:38.451845,USD
5268,1733,48.31,credit,2024-07-11 06:21:12.367236,USD
5269,1744,1652.18,credit,2024-07-11 07:13:46.282628,USD
5270,1673,294.02,debit,2024-07-11 08:06:20.198019,EUR
5271,1420,625.99,debit,2024-07-11 08:58:54.113411,EUR
5272,1133,1142.52,credit,2024-07-11 09:51:28.028802,GBP
5273,1390,499.53,credit,2024-07-11 10:44:01.944194,EUR
5274,1991,999.31,debit,2024-07-11 11:36:35.859585,USD
5275,1735,1620.59,credit,2024-07-11 12:29:09.774977,GBP
5276,1500,946.37,credit,2024-07-11 13:21:43.690369,GBP
5277,1664,1898.46,credit,2024-07-11 14:14:17.605760,EUR
5278,1032,1696.53,debit,2024-07-11 15:06:51.521152,EUR
5279,1054,672.75,debit,2024-07-11 15:59:25.436543,USD
5280,1953,805.92,credit,2024-07-11 16:51:59.351935,USD
5281,1518,852.42,credit,2024-07-11 17:44:33.267326,USD
5282,1755,1256.1,debit,2024-07-11 18:37:07.182718,USD
5283,1824,580.72,credit,2024-07-11 19:29:41.098109,USD
5284,1637,1938.81,debit,2024-07-11 20:22:15.013501,EUR
5285,1011,,credit,2024-07-11 21:14:48.928892,EUR
5286,1527,804.81,debit,2024-07-11 22:07:22.844284,USD
5287,1719,1293.57,debit,2024-07-11 22:59:56.759675,USD
5288,1554,796.86,credit,2024-07-11 23:52:30.675067,USD
5289,1372,1637.41,credit,2024-07-12 00:45:04.590459,USD
5290,1483,1140.0,credit,2024-07-12 01:37:38.505850,USD
5291,1972,93.52,credit,2024-07-12 02:30:12.421242,USD
5292,1646,361.75,debit,2024-07-12 03:22:46.336633,USD
5293,1227,1731.34,credit,2024-07-12 04:15:20.252025,USD
5294,1622,1130.17,debit,2024-07-12 05:07:54.167416,USD
5295,1306,1901.18,credit,2024-07-12 06:00:28.082808,EUR
5296,1456,154.12,debit,2024-07-12 06:53:01.998199,USD
5297,1159,597.57,credit,2024-07-12 07:45:35.913591,EUR
5298,1330,395.15,debit,2024-07-12 08:38:09.828982,USD
5299,1775,1112.14,credit,2024-07-12 09:30:43.744374,USD
5300,1224,771.76,credit,2024-07-12 10:23:17.659765,USD
5301,1982,322.97,credit,2024-07-12 11:15:51.575157,GBP
5302,1728,1289.08,credit,2024-07-12 12:08:25.490549,USD
5303,1503,1077.23,credit,2024-07-12 13:00:59.405940,USD
5304,1455,556.73,credit,2024-07-12 13:53:33.321332,EUR
5305,1044,964.75,debit,2024-07-12 14:46:07.236723,EUR
5306,1213,1494.02,credit,2024-07-12 15:38:41.152115,USD
5307,1058,418.49,debit,2024-07-12 16:31:15.067506,EUR
5308,1643,592.88,credit,2024-07-12 17:23:48.982898,GBP
5309,1615,698.76,credit,2024-07-12 18:16:22.898289,EUR
5310,1194,1495.99,debit,2024-07-12 19:08:56.813681,EUR
5311,1924,1695.38,debit,2024-07-12 20:01:30.729072,USD
5312,1488,759.01,credit,2024-07-12 20:54:04.644464,USD
5313,1156,600.28,debit,2024-07-12 21:46:38.559855,USD
5314,1609,1780.0,credit,2024-07-12 22:39:12.475247,USD
5315,1225,1998.74,debit,2024-07-12 23:31:46.390639,EUR
5316,1411,1344.0,credit,2024-07-13 00:24:20.306030,GBP
5317,1204,1980.06,credit,2024-07-13 01:16:54.221422,EUR
5318,1078,1323.33,credit,2024-07-13 02:09:28.136813,GBP
5319,1123,1469.59,credit,2024-07-13 03:02:02.052205,USD
5320,1470,783.43,credit,2024-07-13 03:54:35.967596,EUR
5321,1939,871.61,credit,2024-07-13 04:47:09.882988,USD
5322,1217,296.83,debit,2024-07-13 05:39:43.798379,USD
5323,1515,1647.27,credit,2024-07-13 06:32:17.713771,USD
5324,1601,1862.81,credit,2024-07-13 07:24:51.629162,USD
5325,1103,1250.64,credit,2024-07-13 08:17:25.544554,GBP
5326,1392,693.86,debit,2024-07-13 09:09:59.459945,USD
5327,1630,316.49,debit,2024-07-13 10:02:33.375337,GBP
5328,1644,537.66,credit,2024-07-13 10:55:07.290729,USD
5329,1823,518.27,credit,2024-07-13 11:47:41.206120,EUR
5330,1607,1230.92,credit,2024-07-13 12:40:15.121512,EUR
5331,1979,1890.62,debit,2024-07-13 13:32:49.036903,EUR
5332,1433,106.06,debit,2024-07-13 14:25:22.952295,USD
5333,1330,12.03,credit,2024-07-13 15:17:56.867686,EUR
5334,1142,1204.36,debit,2024-07-13 16:10:30.783078,USD
5335,1799,575.28,credit,2024-07-13 17:03:04.698469,EUR
5336,1539,1762.29,credit,2024-07-13 17:55:38.613861,USD
5337,1277,661.23,debit,2024-07-13 18:48:12.529252,USD
5338,1232,586.58,debit,2024-07-13 19:40:46.444644,USD
5339,1528,546.33,debit,2024-07-13 20:33:20.360036,USD
5340,1570,,credit,2024-07-13 21:25:54.275427,GBP
5341,1089,1167.25,credit,2024-07-13 22:18:28.190819,USD
5342,1491,344.75,debit,2024-07-13 23:11:02.106210,EUR
5343,1198,855.02,debit,2024-07-14 00:03:36.021602,USD
5344,1361,927.33,credit,2024-07-14 00:56:09.936993,GBP
5345,1440,50.78,credit,2024-07-14 01:48:43.852385,USD
5346,1025,43.45,debit,2024-07-14 02:41:17.767776,USD
5347,1024,1045.22,debit,2024-07-14 03:33:51.683168,EUR
5348,1393,1395.11,debit,2024-07-14 04:26:25.598559,EUR
5349,1506,1884.86,debit,2024-07-14 05:18:59.513951,USD
5350,1300,366.45,credit,2024-07-14 06:11:33.429342,USD
5351,1338,215.49,debit,2024-07-14 07:04:07.344734,USD
5352,1266,113.65,debit,2024-07-14 07:56:41.260126,USD
5353,1460,877.72,credit,2024-07-14 08:49:15.175517,USD
5354,1692,1250.06,debit,2024-07-14 09:41:49.090909,USD
5355,1455,1682.7,debit,2024-07-14 10:34:23.006300,USD
5356,1359,1368.46,credit,2024-07-14 11:26:56.921692,USD
5357,1067,424.64,debit,2024-07-14 12:19:30.837083,USD
5358,1862,928.92,debit,2024-07-14 13:12:04.752475,USD
5359,1411,1821.59,credit,2024-07-14 14:04:38.667866,EUR
5360,1970,660.21,debit,2024-07-14 14:57:12.583258,USD
5361,1490,1002.47,credit,2024-07-14 15:49:46.498649,USD
5362,1832,1917.55,debit,2024-07-14 16:42:20.414041,USD
5363,1048,1472.07,credit,2024-07-14 17:34:54.329432,GBP
5364,1686,1498.0,debit,2024-07-14 18:27:28.244824,USD
5365,1563,512.14,credit,2024-07-14 19:20:02.160216,USD
5366,1101,835.25,credit,2024-07-14 20:12:36.075607,USD
5367,1215,173.86,credit,2024-07-14 21:05:09.990999,GBP
5368,1437,1216.99,credit,2024-07-14 21:57:43.906390,USD
5369,1699,216.42,credit,2024-07-14 22:50:17.821782,USD
5370,1568,,credit,2024-07-14 23:42:51.737173,USD
5371,1558,1630.96,debit,2024-07-15 00:35:25.652565,EUR
5372,1158,1071.87,debit,2024-07-15 01:27:59.567956,USD
5373,1488,290.92,debit,2024-07-15 02:20:33.483348,USD
5374,1685,60.9,debit,2024-07-15 03:13:07.398739,GBP
5375,1241,1595.45,debit,2024-07-15 04:05:41.314131,GBP
5376,1793,,credit,2024-07-15 04:58:15.229522,GBP
5377,1752,1424.75,debit,2024-07-15 05:50:49.144914,USD
5378,1881,,debit,2024-07-15 06:43:23.060306,USD
5379,1004,1023.87,credit,2024-07-15 07:35:56.975697,USD
5380,1595,1496.88,debit,2024-07-15 08:28:30.891089,EUR
5381,1819,930.5,credit,2024-07-15 09:21:04.806480,EUR
5382,1360,1206.75,debit,2024-07-15 10:13:38.721872,EUR
5383,1458,1581.56,debit,2024-07-15 11:06:12.637263,GBP
5384,1247,438.29,debit,2024-07-15 11:58:46.552655,EUR
5385,1565,141.2,credit,2024-07-15 12:51:20.468046,USD
5386,1672,1068.33,credit,2024-07-15 13:43:54.383438,USD
5387,1945,133.63,debit,2024-07-15 14:36:28.298829,USD
5388,1421,1535.45,credit,2024-07-15 15:29:02.214221,USD
5389,1922,1441.23,credit,2024-07-15 16:21:36.129612,USD
5390,1737,1764.61,debit,2024-07-15 17:14:10.045004,EUR
5391,1014,1282.73,debit,2024-07-15 18:06:43.960396,USD
5392,1735,143.72,credit,2024-07-15 18:59:17.875787,EUR
5393,1572,513.77,credit,2024-07-15 19:51:51.791179,EUR
5394,1121,1617.78,credit,2024-07-15 20:44:25.706570,USD
5395,1276,342.59,credit,2024-07-15 21:36:59.621962,USD
5396,1557,1399.98,credit,2024-07-15 22:29:33.537353,USD
5397,1452,1562.72,debit,2024-07-15 23:22:07.452745,USD
5398,1389,666.92,debit,2024-07-16 00:14:41.368136,USD
5399,1293,651.37,debit,2024-07-16 01:07:15.283528,USD
5400,1573,1120.03,credit,2024-07-16 01:59:49.198919,USD
5401,1597,1723.96,debit,2024-07-16 02:52:23.114311,USD
5402,1445,455.57,debit,2024-07-16 03:44:57.029702,USD
5403,1209,1883.1,debit,2024-07-16 04:37:30.945094,USD
5404,1589,1202.25,credit,2024-07-16 05:30:04.860486,USD
5405,1713,1984.33,debit,2024-07-16 06:22:38.775877,USD
5406,1301,188.33,credit,2024-07-16 07:15:12.691269,EUR
5407,1908,261.86,debit,2024-07-16 08:07:46.606660,USD
5408,1222,1655.02,credit,2024-07-16 09:00:20.522052,EUR
5409,1733,1730.86,debit,2024-07-16 09:52:54.437443,USD
5410,1002,896.46,debit,2024-07-16 10:45:28.352835,USD
5411,1989,1431.0,credit,2024-07-16 11:38:02.268226,USD
5412,1517,1736.44,credit,2024-07-16 12:30:36.183618,EUR
5413,1092,95.82,credit,2024-07-16 13:23:10.099009,EUR
5414,1519,1152.16,credit,2024-07-16 14:15:44.014401,USD
5415,1427,1708.43,credit,2024-07-16 15:08:17.929792,GBP
5416,1492,802.33,debit,2024-07-16 16:00:51.845184,USD
5417,1234,611.74,credit,2024-07-16 16:53:25.760576,USD
5418,1619,1593.46,credit,2024-07-16 17:45:59.675967,USD
5419,1160,678.22,credit,2024-07-16 18:38:33.591359,USD
5420,1720,16.32,credit,2024-07-16 19:31:07.506750,USD
5421,1751,1919.55,debit,2024-07-16 20:23:41.422142,USD
5422,1330,1188.33,debit,2024-07-16 21:16:15.337533,GBP
5423,1332,1640.84,debit,2024-07-16 22:08:49.252925,EUR
5424,1049,1652.35,credit,2024-07-16 23:01:23.168316,EUR
5425,1522,142.16,credit,2024-07-16 23:53:57.083708,USD
5426,1862,350.01,credit,2024-07-17 00:46:30.999099,USD
5427,1667,629.13,credit,2024-07-17 01:39:04.914491,USD
5428,1491,648.19,credit,2024-07-17 02:31:38.829882,USD
5429,1581,1320.98,debit,2024-07-17 03:24:12.745274,GBP
5430,1680,1250.03,credit,2024-07-17 04:16:46.660666,USD
5431,1271,994.23,credit,2024-07-17 05:09:20.576057,USD
5432,1579,430.41,debit,2024-07-17 06:01:54.491449,USD
5433,1866,770.15,debit,2024-07-17 06:54:28.406840,GBP
5434,1251,1091.75,credit,2024-07-17 07:47:02.322232,USD
5435,1559,941.29,debit,2024-07-17 08:39:36.237623,EUR
5436,1695,263.31,debit,2024-07-17 09:32:10.153015,USD
5437,1831,1302.53,credit,2024-07-17 10:24:44.068406,USD
5438,1698,155.37,credit,2024-07-17 11:17:17.983798,EUR
5439,1089,762.61,credit,2024-07-17 12:09:51.899189,USD
5440,1445,1422.96,debit,2024-07-17 13:02:25.814581,USD
5441,1331,49.85,credit,2024-07-17 13:54:59.729972,USD
5442,1138,1144.27,debit,2024-07-17 14:47:33.645364,USD
5443,1356,675.7,debit,2024-07-17 15:40:07.560756,USD
5444,1600,27.58,credit,2024-07-17 16:32:41.476147,USD
5445,1273,388.86,credit,2024-07-17 17:25:15.391539,EUR
5446,1018,1882.48,credit,2024-07-17 18:17:49.306930,USD
5447,1982,1047.09,credit,2024-07-17 19:10:23.222322,USD
5448,1310,1994.48,debit,2024-07-17 20:02:57.137713,USD
5449,1869,1054.39,credit,2024-07-17 20:55:31.053105,USD
5450,1885,1092.43,credit,2024-07-17 21:48:04.968496,USD
5451,1977,789.77,credit,2024-07-17 22:40:38.883888,GBP
5452,1153,626.98,credit,2024-07-17 23:33:12.799279,EUR
5453,1389,510.58,credit,2024-07-18 00:25:46.714671,USD
5454,1259,693.41,credit,2024-07-18 01:18:20.630063,USD
5455,1619,925.1,debit,2024-07-18 02:10:54.545454,USD
5456,1882,392.06,credit,2024-07-18 03:03:28.460846,USD
5457,1796,457.5,credit,2024-07-18 03:56:02.376237,GBP
5458,1570,550.37,debit,2024-07-18 04:48:36.291629,USD
5459,1124,904.03,credit,2024-07-18 05:41:10.207020,EUR
5460,1353,1309.1,credit,2024-07-18 06:33:44.122412,USD
5461,1272,1713.73,credit,2024-07-18 07:26:18.037803,USD
5462,1618,581.39,credit,2024-07-18 08:18:51.953195,USD
5463,1810,375.62,debit,2024-07-18 09:11:25.868586,USD
5464,1244,763.91,credit,2024-07-18 10:03:59.783978,EUR
5465,1847,1789.82,debit,2024-07-18 10:56:33.699369,USD
5466,1449,29.62,credit,2024-07-18 11:49:07.614761,USD
5467,1929,1358.96,credit,2024-07-18 12:41:41.530153,USD
5468,1246,959.55,debit,2024-07-18 13:34:15.445544,EUR
5469,1519,330.48,credit,2024-07-18 14:26:49.360936,EUR
5470,1140,648.83,debit,2024-07-18 15:19:23.276327,USD
5471,1361,457.65,credit,2024-07-18 16:11:57.191719,EUR
5472,1007,1756.89,credit,2024-07-18 17:04:31.107110,USD
5473,1477,968.93,debit,2024-07-18 17:57:05.022502,EUR
5474,1351,1130.56,credit,2024-07-18 18:49:38.937893,EUR
5475,1995,1191.44,debit,2024-07-18 19:42:12.853285,USD
5476,1494,1282.84,credit,2024-07-18 20:34:46.768676,USD
5477,1605,996.16,debit,2024-07-18 21:27:20.684068,GBP
5478,1832,45.57,credit,2024-07-18 22:19:54.599459,USD
5479,1426,676.1,debit,2024-07-18 23:12:28.514851,EUR
5480,1038,375.91,debit,2024-07-19 00:05:02.430243,USD
5481,1592,1363.48,credit,2024-07-19 00:57:36.345634,USD
5482,1186,122.84,credit,2024-07-19 01:50:10.261026,EUR
5483,1595,1131.97,debit,2024-07-19 02:42:44.176417,USD
5484,1599,429.16,credit,2024-07-19 03:35:18.091809,USD
5485,1753,1898.2,debit,2024-07-19 04:27:52.007200,USD
5486,1853,677.73,debit,2024-07-19 05:20:25.922592,USD
5487,1092,657.19,debit,2024-07-19 06:12:59.837983,USD
5488,1085,1847.54,credit,2024-07-19 07:05:33.753375,EUR
5489,1043,840.52,credit,2024-07-19 07:58:07.668766,GBP
5490,1136,1926.1,credit,2024-07-19 08:50:41.584158,USD
5491,1420,58.1,credit,2024-07-19 09:43:15.499549,EUR
5492,1073,619.63,credit,2024-07-19 10:35:49.414941,EUR
5493,1547,1335.72,debit,2024-07-19 11:28:23.330333,EUR
5494,1612,1782.81,credit,2024-07-19 12:20:57.245724,EUR
5495,1987,520.25,debit,2024-07-19 13:13:31.161116,USD
5496,1511,1861.65,debit,2024-07-19 14:06:05.076507,USD
5497,1155,1192.3,debit,2024-07-19 14:58:38.991899,USD
5498,1937,1604.01,credit,2024-07-19 15:51:12.907290,EUR
5499,1254,800.44,credit,2024-07-19 16:43:46.822682,USD
5500,1170,432.24,credit,2024-07-19 17:36:20.738073,USD
5501,1980,1823.36,credit,2024-07-19 18:28:54.653465,USD
5502,1727,1866.94,debit,2024-07-19 19:21:28.568856,GBP
5503,1169,1000.17,debit,2024-07-19 20:14:02.484248,EUR
5504,1763,22.93,credit,2024-07-19 21:06:36.399639,USD
5505,1871,228.47,credit,2024-07-19 21:59:10.315031,EUR
5506,1321,1150.33,credit,2024-07-19 22:51:44.230423,GBP
5507,1566,57.32,debit,2024-07-19 23:44:18.145814,USD
5508,1455,799.85,debit,2024-07-20 00:36:52.061206,USD
5509,1943,613.71,credit,2024-07-20 01:29:25.976597,USD
5510,1602,1431.55,credit,2024-07-20 02:21:59.891989,USD
5511,1789,120.6,debit,2024-07-20 03:14:33.807380,GBP
5512,1612,982.58,credit,2024-07-20 04:07:07.722772,EUR
5513,1154,1162.44,debit,2024-07-20 04:59:41.638163,EUR
5514,1888,1238.41,credit,2024-07-20 05:52:15.553555,USD
5515,1348,816.26,credit,2024-07-20 06:44:49.468946,GBP
5516,1450,615.69,credit,2024-07-20 07:37:23.384338,USD
5517,1875,1368.16,debit,2024-07-20 08:29:57.299729,USD
5518,1652,1696.66,credit,2024-07-20 09:22:31.215121,USD
5519,1172,1390.3,credit,2024-07-20 10:15:05.130513,EUR
5520,1009,1864.88,credit,2024-07-20 11:07:39.045904,EUR
5521,1739,1437.35,credit,2024-07-20 12:00:12.961296,USD
5522,1264,1531.59,debit,2024-07-20 12:52:46.876687,USD
5523,1437,344.13,debit,2024-07-20 13:45:20.792079,USD
5524,1759,844.88,credit,2024-07-20 14:37:54.707470,USD
5525,1246,975.26,debit,2024-07-20 15:30:28.622862,USD
5526,1666,520.02,credit,2024-07-20 16:23:02.538253,USD
5527,1545,1061.79,credit,2024-07-20 17:15:36.453645,EUR
5528,1498,588.68,debit,2024-07-20 18:08:10.369036,EUR
5529,1128,1378.13,credit,2024-07-20 19:00:44.284428,USD
5530,1671,945.87,credit,2024-07-20 19:53:18.199819,USD
5531,1600,923.03,credit,2024-07-20 20:45:52.115211,EUR
5532,1604,1967.45,debit,2024-07-20 21:38:26.030603,USD
5533,1326,790.97,credit,2024-07-20 22:30:59.945994,USD
5534,1752,730.97,credit,2024-07-20 23:23:33.861386,USD
5535,1834,644.02,debit,2024-07-21 00:16:07.776777,USD
5536,1979,1790.55,debit,2024-07-21 01:08:41.692169,USD
5537,1403,998.48,debit,2024-07-21 02:01:15.607560,USD
5538,1628,1204.03,credit,2024-07-21 02:53:49.522952,USD
5539,1605,369.83,credit,2024-07-21 03:46:23.438343,USD
5540,1674,1086.48,credit,2024-07-21 04:38:57.353735,USD
5541,1610,556.55,debit,2024-07-21 05:31:31.269126,EUR
5542,1624,1463.97,debit,2024-07-21 06:24:05.184518,EUR
5543,1358,1666.73,debit,2024-07-21 07:16:39.099909,USD
5544,1602,1432.47,credit,2024-07-21 08:09:13.015301,USD
5545,1857,1463.19,credit,2024-07-21 09:01:46.930693,USD
5546,1717,1029.82,credit,2024-07-21 09:54:20.846084,USD
5547,1016,1427.11,credit,2024-07-21 10:46:54.761476,EUR
5548,1273,851.15,credit,2024-07-21 11:39:28.676867,USD
5549,1684,1306.46,debit,2024-07-21 12:32:02.592259,USD
5550,1115,525.49,credit,2024-07-21 13:24:36.507650,USD
5551,1860,148.82,credit,2024-07-21 14:17:10.423042,USD
5552,1979,832.81,debit,2024-07-21 15:09:44.338433,USD
5553,1692,928.94,credit,2024-07-21 16:02:18.253825,GBP
5554,1090,520.25,debit,2024-07-21 16:54:52.169216,USD
5555,1081,1458.14,debit,2024-07-21 17:47:26.084608,USD
5556,1323,156.37,credit,2024-07-21 18:40:00.000000,EUR
5557,1960,453.27,debit,2024-07-21 19:32:33.915391,USD
5558,1113,1499.64,credit,2024-07-21 20:25:07.830783,USD
5559,1768,879.88,credit,2024-07-21 21:17:41.746174,GBP
5560,1057,1413.51,credit,2024-07-21 22:10:15.661566,USD
5561,1153,1139.3,credit,2024-07-21 23:02:49.576957,GBP
5562,1876,1901.92,credit,2024-07-21 23:55:23.492349,USD
5563,1403,1199.61,credit,2024-07-22 00:47:57.407740,GBP
5564,1627,39.59,credit,2024-07-22 01:40:31.323132,EUR
5565,1854,712.23,credit,2024-07-22 02:33:05.238523,USD
5566,1265,294.69,debit,2024-07-22 03:25:39.153915,EUR
5567,1314,1850.02,debit,2024-07-22 04:18:13.069306,USD
5568,1714,216.98,debit,2024-07-22 05:10:46.984698,USD
5569,1040,781.54,credit,2024-07-22 06:03:20.900090,USD
5570,1104,459.94,debit,2024-07-22 06:55:54.815481,EUR
5571,1900,1694.98,debit,2024-07-22 07:48:28.730873,EUR
5572,1889,624.05,credit,2024-07-22 08:41:02.646264,EUR
5573,1192,1983.87,credit,2024-07-22 09:33:36.561656,EUR
5574,1400,86.85,debit,2024-07-22 10:26:10.477047,EUR
5575,1277,265.27,debit,2024-07-22 11:18:44.392439,USD
5576,1353,457.03,debit,2024-07-22 12:11:18.307830,EUR
5577,1748,1624.1,debit,2024-07-22 13:03:52.223222,EUR
5578,1936,1758.25,debit,2024-07-22 13:56:26.138613,EUR
5579,1732,152.19,credit,2024-07-22 14:49:00.054005,GBP
5580,1579,74.6,credit,2024-07-22 15:41:33.969396,USD
5581,1708,1491.67,debit,2024-07-22 16:34:07.884788,USD
5582,1255,275.37,credit,2024-07-22 17:26:41.800180,EUR
5583,1650,274.67,credit,2024-07-22 18:19:15.715571,USD
5584,1823,,credit,2024-07-22 19:11:49.630963,USD
5585,1946,109.12,debit,2024-07-22 20:04:23.546354,EUR
5586,1660,534.71,credit,2024-07-22 20:56:57.461746,USD
5587,1098,139.36,debit,2024-07-22 21:49:31.377137,GBP
5588,1587,744.07,credit,2024-07-22 22:42:05.292529,GBP
5589,1281,1667.22,credit,2024-07-22 23:34:39.207920,USD
5590,1882,659.38,debit,2024-07-23 00:27:13.123312,EUR
5591,1402,1458.39,credit,2024-07-23 01:19:47.038703,USD
5592,1108,196.88,credit,2024-07-23 02:12:20.954095,EUR
5593,1699,1322.16,credit,2024-07-23 03:04:54.869486,USD
5594,1198,640.33,credit,2024-07-23 03:57:28.784878,EUR
5595,1302,1502.01,credit,2024-07-23 04:50:02.700270,USD
5596,1326,,credit,2024-07-23 05:42:36.615661,USD
5597,1153,1796.79,debit,2024-07-23 06:35:10.531053,EUR
5598,1551,492.73,credit,2024-07-23 07:27:44.446444,USD
5599,1644,712.74,credit,2024-07-23 08:20:18.361836,EUR
5600,1404,1900.86,credit,2024-07-23 09:12:52.277227,GBP
5601,1461,1161.18,credit,2024-07-23 10:05:26.192619,USD
5602,1131,737.89,credit,2024-07-23 10:58:00.108010,EUR
5603,1790,1899.71,debit,2024-07-23 11:50:34.023402,USD
5604,1873,664.86,debit,2024-07-23 12:43:07.938793,USD
5605,1083,198.79,credit,2024-07-23 13:35:41.854185,USD
5606,1398,1993.73,debit,2024-07-23 14:28:15.769576,USD
5607,1753,543.01,credit,2024-07-23 15:20:49.684968,USD
5608,1627,1704.0,debit,2024-07-23 16:13:23.600360,USD
5609,1108,339.43,credit,2024-07-23 17:05:57.515751,USD
5610,1220,1465.39,credit,2024-07-23 17:58:31.431143,USD
5611,1903,1053.65,credit,2024-07-23 18:51:05.346534,EUR
5612,1552,1962.0,credit,2024-07-23 19:43:39.261926,USD
5613,1367,1110.13,debit,2024-07-23 20:36:13.177317,USD
5614,1146,59.78,credit,2024-07-23 21:28:47.092709,USD
5615,1111,1211.72,credit,2024-07-23 22:21:21.008100,USD
5616,1614,299.18,debit,2024-07-23 23:13:54.923492,GBP
5617,1557,1599.1,credit,2024-07-24 00:06:28.838883,EUR
5618,1923,1714.57,debit,2024-07-24 00:59:02.754275,USD
5619,1493,969.37,credit,2024-07-24 01:51:36.669666,USD
5620,1504,1568.61,credit,2024-07-24 02:44:10.585058,GBP
5621,1474,298.77,credit,2024-07-24 03:36:44.500450,EUR
5622,1835,989.24,credit,2024-07-24 04:29:18.415841,USD
5623,1889,793.95,credit,2024-07-24 05:21:52.331233,EUR
5624,1270,1226.52,debit,2024-07-24 06:14:26.246624,USD
5625,1994,98.51,debit,2024-07-24 07:07:00.162016,USD
5626,1420,1506.72,debit,2024-07-24 07:59:34.077407,USD
5627,1896,167.47,debit,2024-07-24 08:52:07.992799,GBP
5628,1706,1316.38,debit,2024-07-24 09:44:41.908190,EUR
5629,1366,46.73,credit,2024-07-24 10:37:15.823582,USD
5630,1279,1665.46,debit,2024-07-24 11:29:49.738973,USD
5631,1282,357.65,credit,2024-07-24 12:22:23.654365,USD
5632,1039,1035.84,debit,2024-07-24 13:14:57.569756,USD
5633,1958,530.37,debit,2024-07-24 14:07:31.485148,USD
5634,1188,1448.07,credit,2024-07-24 15:00:05.400540,USD
5635,1163,649.49,credit,2024-07-24 15:52:39.315931,USD
5636,1993,1451.97,debit,2024-07-24 16:45:13.231323,USD
5637,1988,576.89,credit,2024-07-24 17:37:47.146714,USD
5638,1535,1507.42,credit,2024-07-24 18:30:21.062106,USD
5639,1535,70.9,credit,2024-07-24 19:22:54.977497,USD
5640,1003,573.79,credit,2024-07-24 20:15:28.892889,USD
5641,1834,1002.28,credit,2024-07-24 21:08:02.808280,USD
5642,1289,99.67,credit,2024-07-24 22:00:36.723672,USD
5643,1952,380.21,credit,2024-07-24 22:53:10.639063,USD
5644,1432,1869.73,debit,2024-07-24 23:45:44.554455,GBP
5645,1470,1953.9,credit,2024-07-25 00:38:18.469846,USD
5646,1180,1482.1,credit,2024-07-25 01:30:52.385238,USD
5647,1247,511.88,credit,2024-07-25 02:23:26.300630,USD
5648,1627,528.43,credit,2024-07-25 03:16:00.216021,USD
5649,1278,1295.12,debit,2024-07-25 04:08:34.131413,USD
5650,1876,244.02,debit,2024-07-25 05:01:08.046804,EUR
5651,1580,1897.14,credit,2024-07-25 05:53:41.962196,EUR
5652,1862,457.38,credit,2024-07-25 06:46:15.877587,EUR
5653,1253,1999.27,debit,2024-07-25 07:38:49.792979,USD
5654,1180,996.51,credit,2024-07-25 08:31:23.708370,USD
5655,1829,1545.15,credit,2024-07-25 09:23:57.623762,EUR
5656,1680,14.35,credit,2024-07-25 10:16:31.539153,USD
5657,1824,1778.61,debit,2024-07-25 11:09:05.454545,GBP
5658,1508,547.3,credit,2024-07-25 12:01:39.369936,USD
5659,1760,1339.19,credit,2024-07-25 12:54:13.285328,EUR
5660,1699,1614.65,credit,2024-07-25 13:46:47.200720,USD
5661,1565,336.65,credit,2024-07-25 14:39:21.116111,USD
5662,1325,890.59,credit,2024-07-25 15:31:55.031503,USD
5663,1356,992.73,credit,2024-07-25 16:24:28.946894,USD
5664,1824,631.12,debit,2024-07-25 17:17:02.862286,GBP
5665,1649,968.69,credit,2024-07-25 18:09:36.777677,USD
5666,1679,641.92,credit,2024-07-25 19:02:10.693069,USD
5667,1390,727.89,credit,2024-07-25 19:54:44.608460,EUR
5668,1614,1341.97,debit,2024-07-25 20:47:18.523852,USD
5669,1933,1268.86,credit,2024-07-25 21:39:52.439243,USD
5670,1084,472.21,credit,2024-07-25 22:32:26.354635,EUR
5671,1316,1795.99,debit,2024-07-25 23:25:00.270027,EUR
5672,1211,,credit,2024-07-26 00:17:34.185418,GBP
5673,1514,1023.08,debit,2024-07-26 01:10:08.100810,EUR
5674,1383,872.17,credit,2024-07-26 02:02:42.016201,EUR
5675,1690,759.94,credit,2024-07-26 02:55:15.931593,GBP
5676,1341,1417.46,credit,2024-07-26 03:47:49.846984,USD
5677,1814,1346.62,credit,2024-07-26 04:40:23.762376,USD
5678,1963,400.4,debit,2024-07-26 05:32:57.677767,EUR
5679,1987,1346.2,credit,2024-07-26 06:25:31.593159,USD
5680,1843,512.34,credit,2024-07-26 07:18:05.508550,USD
5681,1037,46.93,debit,2024-07-26 08:10:39.423942,EUR
5682,1510,1401.43,debit,2024-07-26 09:03:13.339333,GBP
5683,1419,1293.14,credit,2024-07-26 09:55:47.254725,USD
5684,1750,827.51,credit,2024-07-26 10:48:21.170117,USD
5685,1168,1056.12,credit,2024-07-26 11:40:55.085508,USD
5686,1964,1894.87,debit,2024-07-26 12:33:29.000900,USD
5687,1908,1194.45,debit,2024-07-26 13:26:02.916291,USD
5688,1342,1319.19,credit,2024-07-26 14:18:36.831683,USD
5689,1825,137.18,credit,2024-07-26 15:11:10.747074,USD
5690,1305,340.33,credit,2024-07-26 16:03:44.662466,USD
5691,1541,608.9,credit,2024-07-26 16:56:18.577857,EUR
5692,1701,1083.36,debit,2024-07-26 17:48:52.493249,EUR
5693,1868,1555.42,credit,2024-07-26 18:41:26.408640,USD
5694,1536,649.27,credit,2024-07-26 19:34:00.324032,USD
5695,1111,719.2,credit,2024-07-26 20:26:34.239423,USD
5696,1410,519.74,credit,2024-07-26 21:19:08.154815,GBP
5697,1946,516.67,credit,2024-07-26 22:11:42.070207,USD
5698,1205,1898.24,debit,2024-07-26 23:04:15.985598,GBP
5699,1184,1274.56,debit,2024-07-26 23:56:49.900990,EUR
5700,1381,320.24,credit,2024-07-27 00:49:23.816381,USD
5701,1495,1447.27,debit,2024-07-27 01:41:57.731773,USD
5702,1378,1446.82,debit,2024-07-27 02:34:31.647164,EUR
5703,1046,1336.28,credit,2024-07-27 03:27:05.562556,USD
5704,1885,278.09,credit,2024-07-27 04:19:39.477947,USD
5705,1739,821.9,credit,2024-07-27 05:12:13.393339,USD
5706,1550,222.45,credit,2024-07-27 06:04:47.308730,USD
5707,1527,1635.07,debit,2024-07-27 06:57:21.224122,USD
5708,1503,1313.79,credit,2024-07-27 07:49:55.139513,GBP
5709,1021,1019.34,debit,2024-07-27 08:42:29.054905,USD
5710,1212,692.6,debit,2024-07-27 09:35:02.970297,EUR
5711,1309,376.66,credit,2024-07-27 10:27:36.885688,USD
5712,1660,221.83,debit,2024-07-27 11:20:10.801080,USD
5713,1967,1938.79,credit,2024-07-27 12:12:44.716471,USD
5714,1752,407.3,credit,2024-07-27 13:05:18.631863,GBP
5715,1271,129.15,debit,2024-07-27 13:57:52.547254,USD
5716,1570,1923.72,credit,2024-07-27 14:50:26.462646,EUR
5717,1798,1102.41,credit,2024-07-27 15:43:00.378037,USD
5718,1937,1595.35,debit,2024-07-27 16:35:34.293429,EUR
5719,1201,,debit,2024-07-27 17:28:08.208820,USD
5720,1031,1138.22,credit,2024-07-27 18:20:42.124212,USD
5721,1442,802.44,credit,2024-07-27 19:13:16.039603,USD
5722,1161,1546.21,credit,2024-07-27 20:05:49.954995,USD
5723,1766,86.47,debit,2024-07-27 20:58:23.870387,USD
5724,1253,809.36,credit,2024-07-27 21:50:57.785778,USD
5725,1520,1600.16,debit,2024-07-27 22:43:31.701170,EUR
5726,1976,1050.17,debit,2024-07-27 23:36:05.616561,USD
5727,1650,1104.58,debit,2024-07-28 00:28:39.531953,USD
5728,1479,203.36,debit,2024-07-28 01:21:13.447344,EUR
5729,1009,273.34,debit,2024-07-28 02:13:47.362736,USD
5730,1725,1357.23,credit,2024-07-28 03:06:21.278127,USD
5731,1504,1353.34,credit,2024-07-28 03:58:55.193519,USD
5732,1784,,debit,2024-07-28 04:51:29.108910,GBP
5733,1835,1426.79,debit,2024-07-28 05:44:03.024302,USD
5734,1559,991.55,debit,2024-07-28 06:36:36.939693,USD
5735,1435,1716.08,credit,2024-07-28 07:29:10.855085,USD
5736,1110,217.9,debit,2024-07-28 08:21:44.770477,USD
5737,1152,904.1,credit,2024-07-28 09:14:18.685868,USD
5738,1634,581.35,debit,2024-07-28 10:06:52.601260,USD
5739,1916,218.23,credit,2024-07-28 10:59:26.516651,USD
5740,1868,1529.37,debit,2024-07-28 11:52:00.432043,USD
5741,1101,1026.48,credit,2024-07-28 12:44:34.347434,USD
5742,1752,1117.97,debit,2024-07-28 13:37:08.262826,USD
5743,1832,828.4,credit,2024-07-28 14:29:42.178217,USD
5744,1190,926.07,debit,2024-07-28 15:22:16.093609,USD
5745,1728,240.87,debit,2024-07-28 16:14:50.009000,USD
5746,1562,1349.11,debit,2024-07-28 17:07:23.924392,USD
5747,1803,870.57,debit,2024-07-28 17:59:57.839783,USD
5748,1080,1635.37,credit,2024-07-28 18:52:31.755175,USD
5749,1488,400.61,credit,2024-07-28 19:45:05.670567,USD
5750,1894,418.06,debit,2024-07-28 20:37:39.585958,EUR
5751,1087,1295.06,credit,2024-07-28 21:30:13.501350,GBP
5752,1193,1693.55,debit,2024-07-28 22:22:47.416741,USD
5753,1103,949.67,debit,2024-07-28 23:15:21.332133,USD
5754,1782,1456.64,credit,2024-07-29 00:07:55.247524,USD
5755,1095,1998.67,credit,2024-07-29 01:00:29.162916,USD
5756,1422,1980.63,credit,2024-07-29 01:53:03.078307,EUR
5757,1890,1491.23,credit,2024-07-29 02:45:36.993699,USD
5758,1197,1481.78,debit,2024-07-29 03:38:10.909090,USD
5759,1000,502.76,debit,2024-07-29 04:30:44.824482,USD
5760,1406,1668.74,credit,2024-07-29 05:23:18.739873,USD
5761,1377,816.15,credit,2024-07-29 06:15:52.655265,USD
5762,1166,1924.37,debit,2024-07-29 07:08:26.570657,USD
5763,1508,172.04,credit,2024-07-29 08:01:00.486048,USD
5764,1637,877.32,credit,2024-07-29 08:53:34.401440,USD
5765,1312,1116.12,credit,2024-07-29 09:46:08.316831,USD
5766,1592,816.26,debit,2024-07-29 10:38:42.232223,EUR
5767,1417,,credit,2024-07-29 11:31:16.147614,USD
5768,1762,1190.05,credit,2024-07-29 12:23:50.063006,USD
5769,1680,1514.28,debit,2024-07-29 13:16:23.978397,USD
5770,1476,1293.23,credit,2024-07-29 14:08:57.893789,EUR
5771,1072,476.55,debit,2024-07-29 15:01:31.809180,USD
5772,1140,1465.9,credit,2024-07-29 15:54:05.724572,USD
5773,1581,521.23,credit,2024-07-29 16:46:39.639963,USD
5774,1261,358.65,credit,2024-07-29 17:39:13.555355,GBP
5775,1339,1384.43,credit,2024-07-29 18:31:47.470747,EUR
5776,1307,1687.15,credit,2024-07-29 19:24:21.386138,USD
5777,1244,968.26,credit,2024-07-29 20:16:55.301530,USD
5778,1514,1067.47,credit,2024-07-29 21:09:29.216921,USD
5779,1336,612.47,credit,2024-07-29 22:02:03.132313,USD
5780,1574,994.29,debit,2024-07-29 22:54:37.047704,EUR
5781,1560,272.65,debit,2024-07-29 23:47:10.963096,EUR
5782,1075,1912.1,debit,2024-07-30 00:39:44.878487,USD
5783,1879,1602.72,credit,2024-07-30 01:32:18.793879,EUR
5784,1174,1339.27,debit,2024-07-30 02:24:52.709270,USD
5785,1108,1081.01,credit,2024-07-30 03:17:26.624662,USD
5786,1182,1586.42,credit,2024-07-30 04:10:00.540054,USD
5787,1191,994.57,credit,2024-07-30 05:02:34.455445,USD
5788,1064,606.95,debit,2024-07-30 05:55:08.370837,USD
5789,1848,329.14,debit,2024-07-30 06:47:42.286228,USD
5790,1962,1298.7,debit,2024-07-30 07:40:16.201620,USD
5791,1473,1859.56,credit,2024-07-30 08:32:50.117011,USD
5792,1782,315.7,debit,2024-07-30 09:25:24.032403,EUR
5793,1099,368.24,credit,2024-07-30 10:17:57.947794,GBP
5794,1543,872.88,credit,2024-07-30 11:10:31.863186,USD
5795,1863,1615.73,credit,2024-07-30 12:03:05.778577,USD
5796,1127,594.91,credit,2024-07-30 12:55:39.693969,EUR
5797,1451,515.29,credit,2024-07-30 13:48:13.609360,USD
5798,1913,1243.73,debit,2024-07-30 14:40:47.524752,USD
5799,1368,1075.87,credit,2024-07-30 15:33:21.440144,USD
5800,1850,129.84,credit,2024-07-30 16:25:55.355535,USD
5801,1042,,credit,2024-07-30 17:18:29.270927,USD
5802,1883,1289.6,debit,2024-07-30 18:11:03.186318,USD
5803,1418,935.6,credit,2024-07-30 19:03:37.101710,EUR
5804,1487,1942.24,credit,2024-07-30 19:56:11.017101,USD
5805,1077,1360.28,credit,2024-07-30 20:48:44.932493,USD
5806,1825,30.05,debit,2024-07-30 21:41:18.847884,USD
5807,1800,967.23,credit,2024-07-30 22:33:52.763276,USD
5808,1269,834.75,credit,2024-07-30 23:26:26.678667,EUR
5809,1673,,credit,2024-07-31 00:19:00.594059,USD
5810,1700,1847.19,credit,2024-07-31 01:11:34.509450,EUR
5811,1758,1611.97,credit,2024-07-31 02:04:08.424842,USD
5812,1899,467.87,debit,2024-07-31 02:56:42.340234,USD
5813,1727,519.4,debit,2024-07-31 03:49:16.255625,USD
5814,1314,73.72,debit,2024-07-31 04:41:50.171017,USD
5815,1924,600.47,debit,2024-07-31 05:34:24.086408,USD
5816,1850,1173.4,credit,2024-07-31 06:26:58.001800,USD
5817,1901,847.48,debit,2024-07-31 07:19:31.917191,GBP
5818,1888,1938.82,debit,2024-07-31 08:12:05.832583,EUR
5819,1992,121.6,debit,2024-07-31 09:04:39.747974,USD
5820,1944,1186.95,credit,2024-07-31 09:57:13.663366,USD
5821,1167,1718.04,credit,2024-07-31 10:49:47.578757,USD
5822,1338,966.67,debit,2024-07-31 11:42:21.494149,USD
5823,1192,15.9,debit,2024-07-31 12:34:55.409540,USD
5824,1452,,credit,2024-07-31 13:27:29.324932,USD
5825,1282,654.3,debit,2024-07-31 14:20:03.240324,USD
5826,1335,1932.33,debit,2024-07-31 15:12:37.155715,USD
5827,1389,1824.43,credit,2024-07-31 16:05:11.071107,USD
5828,1999,1898.85,credit,2024-07-31 16:57:44.986498,GBP
5829,1524,1653.26,credit,2024-07-31 17:50:18.901890,USD
5830,1239,709.78,credit,2024-07-31 18:42:52.817281,USD
5831,1831,,debit,2024-07-31 19:35:26.732673,USD
5832,1957,1963.55,credit,2024-07-31 20:28:00.648064,USD
5833,1482,706.64,debit,2024-07-31 21:20:34.563456,GBP
5834,1658,528.51,debit,2024-07-31 22:13:08.478847,USD
5835,1715,1098.36,credit,2024-07-31 23:05:42.394239,GBP
5836,1591,382.43,credit,2024-07-31 23:58:16.309630,USD
5837,1890,74.92,debit,2024-08-01 00:50:50.225022,EUR
5838,1554,1892.2,credit,2024-08-01 01:43:24.140414,USD
5839,1457,1852.22,debit,2024-08-01 02:35:58.055805,GBP
5840,1088,333.68,credit,2024-08-01 03:28:31.971197,USD
5841,1659,821.4,credit,2024-08-01 04:21:05.886588,USD
5842,1094,1663.76,credit,2024-08-01 05:13:39.801980,USD
5843,1451,1325.39,credit,2024-08-01 06:06:13.717371,EUR
5844,1427,795.63,credit,2024-08-01 06:58:47.632763,EUR
5845,1150,1490.9,debit,2024-08-01 07:51:21.548154,USD
5846,1513,1795.12,credit,2024-08-01 08:43:55.463546,USD
5847,1375,1853.06,debit,2024-08-01 09:36:29.378937,USD
5848,1021,763.91,debit,2024-08-01 10:29:03.294329,USD
5849,1882,355.39,debit,2024-08-01 11:21:37.209720,EUR
5850,1312,1826.55,credit,2024-08-01 12:14:11.125112,USD
5851,1996,194.19,debit,2024-08-01 13:06:45.040504,USD
5852,1839,1446.16,credit,2024-08-01 13:59:18.955895,USD
5853,1518,289.59,credit,2024-08-01 14:51:52.871287,EUR
5854,1205,784.88,debit,2024-08-01 15:44:26.786678,USD
5855,1951,829.0,credit,2024-08-01 16:37:00.702070,USD
5856,1374,325.93,debit,2024-08-01 17:29:34.617461,GBP
5857,1450,1846.14,debit,2024-08-01 18:22:08.532853,USD
5858,1625,15.31,credit,2024-08-01 19:14:42.448244,EUR
5859,1783,1788.68,credit,2024-08-01 20:07:16.363636,USD
5860,1594,1768.82,debit,2024-08-01 20:59:50.279027,USD
5861,1178,640.76,credit,2024-08-01 21:52:24.194419,EUR
5862,1209,1411.53,debit,2024-08-01 22:44:58.109810,EUR
5863,1499,513.09,credit,2024-08-01 23:37:32.025202,USD
5864,1463,1519.96,credit,2024-08-02 00:30:05.940594,USD
5865,1839,1126.63,credit,2024-08-02 01:22:39.855985,USD
5866,1123,607.45,credit,2024-08-02 02:15:13.771377,USD
5867,1992,806.47,credit,2024-08-02 03:07:47.686768,EUR
5868,1112,1382.88,credit,2024-08-02 04:00:21.602160,EUR
5869,1011,1813.13,credit,2024-08-02 04:52:55.517551,EUR
5870,1125,270.15,debit,2024-08-02 05:45:29.432943,USD
5871,1564,1147.01,debit,2024-08-02 06:38:03.348334,USD
5872,1330,514.92,credit,2024-08-02 07:30:37.263726,USD
5873,1900,1604.73,debit,2024-08-02 08:23:11.179117,USD
5874,1282,149.77,debit,2024-08-02 09:15:45.094509,USD
5875,1139,1381.02,credit,2024-08-02 10:08:19.009900,GBP
5876,1400,358.14,credit,2024-08-02 11:00:52.925292,USD
5877,1901,1196.81,credit,2024-08-02 11:53:26.840684,USD
5878,1096,1673.03,credit,2024-08-02 12:46:00.756075,USD
5879,1516,1512.61,credit,2024-08-02 13:38:34.671467,USD
5880,1568,1508.36,credit,2024-08-02 14:31:08.586858,EUR
5881,1923,1040.51,credit,2024-08-02 15:23:42.502250,USD
5882,1845,1782.58,debit,2024-08-02 16:16:16.417641,EUR
5883,1068,1180.33,credit,2024-08-02 17:08:50.333033,USD
5884,1117,1835.86,debit,2024-08-02 18:01:24.248424,USD
5885,1887,1097.58,debit,2024-08-02 18:53:58.163816,EUR
5886,1058,1016.87,credit,2024-08-02 19:46:32.079207,USD
5887,1032,452.48,debit,2024-08-02 20:39:05.994599,USD
5888,1317,1094.13,credit,2024-08-02 21:31:39.909991,USD
5889,1049,289.76,debit,2024-08-02 22:24:13.825382,USD
5890,1879,1740.68,credit,2024-08-02 23:16:47.740774,USD
5891,1488,1355.02,credit,2024-08-03 00:09:21.656165,USD
5892,1018,1987.33,debit,2024-08-03 01:01:55.571557,USD
5893,1725,193.27,debit,2024-08-03 01:54:29.486948,USD
5894,1196,488.94,credit,2024-08-03 02:47:03.402340,USD
5895,1890,1755.55,debit,2024-08-03 03:39:37.317731,USD
5896,1449,796.56,debit,2024-08-03 04:32:11.233123,USD
5897,1989,937.94,credit,2024-08-03 05:24:45.148514,USD
5898,1558,1722.7,credit,2024-08-03 06:17:19.063906,USD
5899,1678,1048.43,credit,2024-08-03 07:09:52.979297,USD
5900,1451,395.02,credit,2024-08-03 08:02:26.894689,USD
5901,1288,1785.14,debit,2024-08-03 08:55:00.810081,USD
5902,1140,71.81,debit,2024-08-03 09:47:34.725472,USD
5903,1083,1791.84,debit,2024-08-03 10:40:08.640864,USD
5904,1693,110.54,debit,2024-08-03 11:32:42.556255,USD
5905,1390,,credit,2024-08-03 12:25:16.471647,GBP
5906,1590,152.64,credit,2024-08-03 13:17:50.387038,USD
5907,1214,1415.36,debit,2024-08-03 14:10:24.302430,EUR
5908,1525,77.6,debit,2024-08-03 15:02:58.217821,USD
5909,1214,1686.49,credit,2024-08-03 15:55:32.133213,USD
5910,1402,937.23,credit,2024-08-03 16:48:06.048604,USD
5911,1127,195.97,debit,2024-08-03 17:40:39.963996,USD
5912,1821,1416.57,credit,2024-08-03 18:33:13.879387,USD
5913,1476,983.69,credit,2024-08-03 19:25:47.794779,USD
5914,1759,389.99,debit,2024-08-03 20:18:21.710171,USD
5915,1403,41.19,debit,2024-08-03 21:10:55.625562,USD
5916,1028,841.82,debit,2024-08-03 22:03:29.540954,USD
5917,1791,180.4,debit,2024-08-03 22:56:03.456345,USD
5918,1337,197.4,credit,2024-08-03 23:48:37.371737,USD
5919,1830,541.99,debit,2024-08-04 00:41:11.287128,EUR
5920,1713,1264.61,credit,2024-08-04 01:33:45.202520,EUR
5921,1360,1064.52,debit,2024-08-04 02:26:19.117911,USD
5922,1568,147.28,credit,2024-08-04 03:18:53.033303,USD
5923,1391,1937.18,debit,2024-08-04 04:11:26.948694,USD
5924,1217,1775.47,debit,2024-08-04 05:04:00.864086,USD
5925,1573,525.86,credit,2024-08-04 05:56:34.779477,GBP
5926,1668,253.45,debit,2024-08-04 06:49:08.694869,USD
5927,1201,1885.38,credit,2024-08-04 07:41:42.610261,GBP
5928,1016,927.67,credit,2024-08-04 08:34:16.525652,GBP
5929,1321,629.22,credit,2024-08-04 09:26:50.441044,USD
5930,1517,985.81,debit,2024-08-04 10:19:24.356435,USD
5931,1569,1547.76,debit,2024-08-04 11:11:58.271827,EUR
5932,1324,345.09,credit,2024-08-04 12:04:32.187218,USD
5933,1411,1537.32,credit,2024-08-04 12:57:06.102610,USD
5934,1317,1501.4,debit,2024-08-04 13:49:40.018001,USD
5935,1680,1083.3,credit,2024-08-04 14:42:13.933393,USD
5936,1964,1733.03,debit,2024-08-04 15:34:47.848784,USD
5937,1081,272.97,debit,2024-08-04 16:27:21.764176,USD
5938,1473,1195.0,debit,2024-08-04 17:19:55.679567,USD
5939,1467,904.19,credit,2024-08-04 18:12:29.594959,GBP
5940,1424,850.36,credit,2024-08-04 19:05:03.510351,USD
5941,1944,512.6,debit,2024-08-04 19:57:37.425742,USD
5942,1730,750.84,credit,2024-08-04 20:50:11.341134,USD
5943,1688,225.22,credit,2024-08-04 21:42:45.256525,USD
5944,1203,510.68,credit,2024-08-04 22:35:19.171917,USD
5945,1582,551.21,debit,2024-08-04 23:27:53.087308,EUR
5946,1386,1444.13,debit,2024-08-05 00:20:27.002700,USD
5947,1777,106.62,credit,2024-08-05 01:13:00.918091,EUR
5948,1097,1305.87,debit,2024-08-05 02:05:34.833483,EUR
5949,1344,450.61,credit,2024-08-05 02:58:08.748874,USD
5950,1802,172.9,debit,2024-08-05 03:50:42.664266,USD
5951,1207,608.6,credit,2024-08-05 04:43:16.579657,USD
5952,1513,456.7,debit,2024-08-05 05:35:50.495049,USD
5953,1635,1108.54,debit,2024-08-05 06:28:24.410441,USD
5954,1791,721.18,credit,2024-08-05 07:20:58.325832,USD
5955,1585,1932.33,debit,2024-08-05 08:13:32.241224,EUR
5956,1165,1927.46,credit,2024-08-05 09:06:06.156615,USD
5957,1021,892.99,debit,2024-08-05 09:58:40.072007,EUR
5958,1153,1592.22,debit,2024-08-05 10:51:13.987398,USD
5959,1938,36.4,debit,2024-08-05 11:43:47.902790,EUR
5960,1438,1100.15,credit,2024-08-05 12:36:21.818181,USD
5961,1294,1489.17,debit,2024-08-05 13:28:55.733573,EUR
5962,1218,441.72,credit,2024-08-05 14:21:29.648964,USD
5963,1668,131.73,debit,2024-08-05 15:14:03.564356,USD
5964,1494,320.28,debit,2024-08-05 16:06:37.479747,USD
5965,1229,889.28,debit,2024-08-05 16:59:11.395139,EUR
5966,1019,1017.68,debit,2024-08-05 17:51:45.310531,USD
5967,1986,767.96,credit,2024-08-05 18:44:19.225922,GBP
5968,1552,885.55,debit,2024-08-05 19:36:53.141314,USD
5969,1949,945.77,credit,2024-08-05 20:29:27.056705,USD
5970,1147,1541.18,credit,2024-08-05 21:22:00.972097,USD
5971,1107,219.43,debit,2024-08-05 22:14:34.887488,USD
5972,1402,1540.21,credit,2024-08-05 23:07:08.802880,EUR
5973,1595,1380.37,credit,2024-08-05 23:59:42.718271,USD
5974,1482,1485.91,credit,2024-08-06 00:52:16.633663,USD
5975,1366,1471.59,credit,2024-08-06 01:44:50.549054,USD
5976,1833,946.48,credit,2024-08-06 02:37:24.464446,USD
5977,1413,430.69,credit,2024-08-06 03:29:58.379837,USD
5978,1308,1077.89,debit,2024-08-06 04:22:32.295229,USD
5979,1801,1916.38,debit,2024-08-06 05:15:06.210621,USD
5980,1917,1181.17,debit,2024-08-06 06:07:40.126012,USD
5981,1834,,credit,2024-08-06 07:00:14.041404,EUR
5982,1133,128.82,debit,2024-08-06 07:52:47.956795,USD
5983,1718,1985.8,credit,2024-08-06 08:45:21.872187,USD
5984,1282,153.17,credit,2024-08-06 09:37:55.787578,USD
5985,1777,101.63,debit,2024-08-06 10:30:29.702970,USD
5986,1072,712.52,credit,2024-08-06 11:23:03.618361,USD
5987,1480,1938.94,debit,2024-08-06 12:15:37.533753,USD
5988,1351,644.16,debit,2024-08-06 13:08:11.449144,EUR
5989,1559,825.67,credit,2024-08-06 14:00:45.364536,USD
5990,1325,1271.81,credit,2024-08-06 14:53:19.279927,USD
5991,1744,57.98,credit,2024-08-06 15:45:53.195319,USD
5992,1442,1796.55,credit,2024-08-06 16:38:27.110711,USD
5993,1099,1043.69,debit,2024-08-06 17:31:01.026102,EUR
5994,1058,938.95,debit,2024-08-06 18:23:34.941494,USD
5995,1507,,credit,2024-08-06 19:16:08.856885,EUR
5996,1257,1906.62,credit,2024-08-06 20:08:42.772277,USD
5997,1412,852.62,debit,2024-08-06 21:01:16.687668,EUR
5998,1451,353.16,credit,2024-08-06 21:53:50.603060,USD
5999,1064,1633.26,credit,2024-08-06 22:46:24.518451,USD
6000,1594,812.49,credit,2024-08-06 23:38:58.433843,USD
6001,1153,1871.74,debit,2024-08-07 00:31:32.349234,EUR
6002,1984,1900.3,credit,2024-08-07 01:24:06.264626,EUR
6003,1265,238.51,credit,2024-08-07 02:16:40.180018,USD
6004,1820,1913.54,debit,2024-08-07 03:09:14.095409,EUR
6005,1078,742.86,debit,2024-08-07 04:01:48.010801,EUR
6006,1314,1296.04,credit,2024-08-07 04:54:21.926192,USD
6007,1661,79.15,credit,2024-08-07 05:46:55.841584,USD
6008,1946,1778.88,credit,2024-08-07 06:39:29.756975,USD
6009,1559,1286.78,credit,2024-08-07 07:32:03.672367,EUR
6010,1916,1290.67,credit,2024-08-07 08:24:37.587758,USD
6011,1890,1805.33,credit,2024-08-07 09:17:11.503150,USD
6012,1247,1021.61,credit,2024-08-07 10:09:45.418541,EUR
6013,1789,826.93,credit,2024-08-07 11:02:19.333933,USD
6014,1867,1733.6,debit,2024-08-07 11:54:53.249324,EUR
6015,1609,1487.42,credit,2024-08-07 12:47:27.164716,USD
6016,1413,1898.46,credit,2024-08-07 13:40:01.080108,EUR
6017,1024,1880.84,credit,2024-08-07 14:32:34.995499,USD
6018,1283,770.83,credit,2024-08-07 15:25:08.910891,USD
6019,1448,899.5,debit,2024-08-07 16:17:42.826282,USD
6020,1880,519.41,credit,2024-08-07 17:10:16.741674,EUR
6021,1300,1324.69,debit,2024-08-07 18:02:50.657065,USD
6022,1067,735.44,credit,2024-08-07 18:55:24.572457,USD
6023,1006,1574.34,debit,2024-08-07 19:47:58.487848,USD
6024,1816,251.89,credit,2024-08-07 20:40:32.403240,EUR
6025,1136,241.64,credit,2024-08-07 21:33:06.318631,USD
6026,1163,416.87,credit,2024-08-07 22:25:40.234023,USD
6027,1082,177.74,credit,2024-08-07 23:18:14.149414,EUR
6028,1896,1243.86,credit,2024-08-08 00:10:48.064806,EUR
6029,1649,303.23,credit,2024-08-08 01:03:21.980198,USD
6030,1419,,debit,2024-08-08 01:55:55.895589,USD
6031,1072,38.31,credit,2024-08-08 02:48:29.810981,USD
6032,1236,1566.36,credit,2024-08-08 03:41:03.726372,EUR
6033,1045,1626.47,credit,2024-08-08 04:33:37.641764,EUR
6034,1617,332.42,debit,2024-08-08 05:26:11.557155,EUR
6035,1927,1481.65,credit,2024-08-08 06:18:45.472547,EUR
6036,1799,872.75,credit,2024-08-08 07:11:19.387938,USD
6037,1261,486.79,credit,2024-08-08 08:03:53.303330,USD
6038,1175,1246.56,debit,2024-08-08 08:56:27.218721,USD
6039,1165,365.18,debit,2024-08-08 09:49:01.134113,USD
6040,1656,1516.2,credit,2024-08-08 10:41:35.049504,GBP
6041,1841,104.75,credit,2024-08-08 11:34:08.964896,USD
6042,1369,1918.67,credit,2024-08-08 12:26:42.880288,GBP
6043,1794,153.03,credit,2024-08-08 13:19:16.795679,EUR
6044,1053,1163.1,credit,2024-08-08 14:11:50.711071,EUR
6045,1689,1805.37,credit,2024-08-08 15:04:24.626462,USD
6046,1418,33.69,credit,2024-08-08 15:56:58.541854,USD
6047,1755,1002.04,credit,2024-08-08 16:49:32.457245,USD
6048,1506,,credit,2024-08-08 17:42:06.372637,USD
6049,1340,1164.86,credit,2024-08-08 18:34:40.288028,USD
6050,1126,458.66,credit,2024-08-08 19:27:14.203420,USD
6051,1408,139.15,credit,2024-08-08 20:19:48.118811,USD
6052,1923,1255.61,debit,2024-08-08 21:12:22.034203,EUR
6053,1366,839.53,debit,2024-08-08 22:04:55.949594,EUR
6054,1270,1248.75,credit,2024-08-08 22:57:29.864986,USD
6055,1643,428.97,credit,2024-08-08 23:50:03.780378,GBP
6056,1604,684.1,credit,2024-08-09 00:42:37.695769,USD
6057,1378,1127.75,credit,2024-08-09 01:35:11.611161,EUR
6058,1072,1190.29,debit,2024-08-09 02:27:45.526552,USD
6059,1922,750.91,credit,2024-08-09 03:20:19.441944,EUR
6060,1921,567.31,debit,2024-08-09 04:12:53.357335,EUR
6061,1914,554.66,credit,2024-08-09 05:05:27.272727,USD
6062,1247,357.65,debit,2024-08-09 05:58:01.188118,USD
6063,1859,657.56,debit,2024-08-09 06:50:35.103510,EUR
6064,1784,406.89,debit,2024-08-09 07:43:09.018901,GBP
6065,1042,1271.29,credit,2024-08-09 08:35:42.934293,EUR
6066,1376,1142.44,debit,2024-08-09 09:28:16.849684,USD
6067,1040,771.35,credit,2024-08-09 10:20:50.765076,USD
6068,1169,658.4,debit,2024-08-09 11:13:24.680468,USD
6069,1945,482.85,debit,2024-08-09 12:05:58.595859,EUR
6070,1211,1075.56,credit,2024-08-09 12:58:32.511251,EUR
6071,1492,1838.62,debit,2024-08-09 13:51:06.426642,USD
6072,1679,1374.55,debit,2024-08-09 14:43:40.342034,GBP
6073,1038,1491.39,debit,2024-08-09 15:36:14.257425,USD
6074,1368,1670.41,credit,2024-08-09 16:28:48.172817,USD
6075,1756,709.75,debit,2024-08-09 17:21:22.088208,USD
6076,1150,135.12,debit,2024-08-09 18:13:56.003600,USD
6077,1110,1248.89,debit,2024-08-09 19:06:29.918991,USD
6078,1479,,debit,2024-08-09 19:59:03.834383,USD
6079,1435,1142.4,credit,2024-08-09 20:51:37.749774,USD
6080,1046,1481.63,credit,2024-08-09 21:44:11.665166,EUR
6081,1574,1569.44,credit,2024-08-09 22:36:45.580558,USD
6082,1736,610.66,credit,2024-08-09 23:29:19.495949,USD
6083,1365,1029.74,debit,2024-08-10 00:21:53.411341,USD
6084,1068,1245.72,credit,2024-08-10 01:14:27.326732,USD
6085,1298,1640.77,credit,2024-08-10 02:07:01.242124,GBP
6086,1943,1525.16,credit,2024-08-10 02:59:35.157515,USD
6087,1801,1976.07,credit,2024-08-10 03:52:09.072907,USD
6088,1295,26.09,credit,2024-08-10 04:44:42.988298,USD
6089,1202,880.6,credit,2024-08-10 05:37:16.903690,EUR
6090,1060,519.53,credit,2024-08-10 06:29:50.819081,USD
6091,1945,248.59,debit,2024-08-10 07:22:24.734473,USD
6092,1962,1823.92,debit,2024-08-10 08:14:58.649864,EUR
6093,1829,1995.94,credit,2024-08-10 09:07:32.565256,USD
6094,1313,369.39,credit,2024-08-10 10:00:06.480648,USD
6095,1160,86.48,credit,2024-08-10 10:52:40.396039,USD
6096,1330,557.36,credit,2024-08-10 11:45:14.311431,EUR
6097,1527,,debit,2024-08-10 12:37:48.226822,EUR
6098,1337,594.84,credit,2024-08-10 13:30:22.142214,USD
6099,1605,123.23,credit,2024-08-10 14:22:56.057605,USD
6100,1303,114.46,credit,2024-08-10 15:15:29.972997,USD
6101,1502,860.57,debit,2024-08-10 16:08:03.888388,EUR
6102,1649,1864.33,credit,2024-08-10 17:00:37.803780,USD
6103,1337,578.98,credit,2024-08-10 17:53:11.719171,USD
6104,1549,860.04,credit,2024-08-10 18:45:45.634563,USD
6105,1638,212.85,credit,2024-08-10 19:38:19.549954,EUR
6106,1274,992.21,debit,2024-08-10 20:30:53.465346,USD
6107,1163,1396.13,credit,2024-08-10 21:23:27.380738,USD
6108,1442,549.59,debit,2024-08-10 22:16:01.296129,USD
6109,1318,600.46,credit,2024-08-10 23:08:35.211521,EUR
6110,1588,1685.53,credit,2024-08-11 00:01:09.126912,GBP
6111,1503,30.62,credit,2024-08-11 00:53:43.042304,USD
6112,1685,1276.58,debit,2024-08-11 01:46:16.957695,USD
6113,1386,793.83,credit,2024-08-11 02:38:50.873087,USD
6114,1969,603.78,credit,2024-08-11 03:31:24.788478,USD
6115,1869,1318.61,credit,2024-08-11 04:23:58.703870,USD
6116,1832,1670.99,debit,2024-08-11 05:16:32.619261,USD
6117,1887,1121.2,debit,2024-08-11 06:09:06.534653,EUR
6118,1602,71.88,debit,2024-08-11 07:01:40.450045,USD
6119,1749,928.19,credit,2024-08-11 07:54:14.365436,EUR
6120,1775,930.89,credit,2024-08-11 08:46:48.280828,EUR
6121,1690,1092.16,credit,2024-08-11 09:39:22.196219,USD
6122,1493,1345.21,credit,2024-08-11 10:31:56.111611,USD
6123,1489,48.44,debit,2024-08-11 11:24:30.027002,EUR
6124,1720,1009.01,debit,2024-08-11 12:17:03.942394,EUR
6125,1072,1180.73,debit,2024-08-11 13:09:37.857785,USD
6126,1508,693.27,credit,2024-08-11 14:02:11.773177,USD
6127,1389,1340.05,debit,2024-08-11 14:54:45.688568,EUR
6128,1618,464.07,debit,2024-08-11 15:47:19.603960,USD
6129,1856,641.57,credit,2024-08-11 16:39:53.519351,USD
6130,1294,1925.88,credit,2024-08-11 17:32:27.434743,GBP
6131,1368,702.66,credit,2024-08-11 18:25:01.350135,EUR
6132,1955,699.54,credit,2024-08-11 19:17:35.265526,USD
6133,1795,1195.4,debit,2024-08-11 20:10:09.180918,USD
6134,1864,1942.24,credit,2024-08-11 21:02:43.096309,USD
6135,1693,,credit,2024-08-11 21:55:17.011701,USD
6136,1548,1163.52,credit,2024-08-11 22:47:50.927092,EUR
6137,1648,12.16,credit,2024-08-11 23:40:24.842484,USD
6138,1849,1802.31,credit,2024-08-12 00:32:58.757875,GBP
6139,1567,1144.77,debit,2024-08-12 01:25:32.673267,USD
6140,1186,738.33,credit,2024-08-12 02:18:06.588658,USD
6141,1852,1660.1,debit,2024-08-12 03:10:40.504050,USD
6142,1769,805.67,debit,2024-08-12 04:03:14.419441,USD
6143,1444,77.75,credit,2024-08-12 04:55:48.334833,EUR
6144,1569,1643.93,debit,2024-08-12 05:48:22.250225,EUR
6145,1362,1096.26,credit,2024-08-12 06:40:56.165616,USD
6146,1122,682.91,debit,2024-08-12 07:33:30.081008,EUR
6147,1187,509.28,debit,2024-08-12 08:26:03.996399,USD
6148,1741,1191.66,credit,2024-08-12 09:18:37.911791,USD
6149,1679,424.02,credit,2024-08-12 10:11:11.827182,USD
6150,1419,654.46,debit,2024-08-12 11:03:45.742574,USD
6151,1625,1276.7,credit,2024-08-12 11:56:19.657965,USD
6152,1251,1764.27,credit,2024-08-12 12:48:53.573357,USD
6153,1618,1070.45,debit,2024-08-12 13:41:27.488748,USD
6154,1548,1520.62,debit,2024-08-12 14:34:01.404140,USD
6155,1334,1528.49,credit,2024-08-12 15:26:35.319531,USD
6156,1091,1332.06,credit,2024-08-12 16:19:09.234923,USD
6157,1529,499.22,credit,2024-08-12 17:11:43.150315,USD
6158,1865,1734.91,credit,2024-08-12 18:04:17.065706,EUR
6159,1062,878.19,credit,2024-08-12 18:56:50.981098,USD
6160,1661,97.98,debit,2024-08-12 19:49:24.896489,USD
6161,1511,496.78,credit,2024-08-12 20:41:58.811881,USD
6162,1138,1533.44,credit,2024-08-12 21:34:32.727272,EUR
6163,1697,147.58,debit,2024-08-12 22:27:06.642664,EUR
6164,1184,303.26,credit,2024-08-12 23:19:40.558055,USD
6165,1204,1391.51,credit,2024-08-13 00:12:14.473447,USD
6166,1771,1786.28,debit,2024-08-13 01:04:48.388838,USD
6167,1213,1271.13,debit,2024-08-13 01:57:22.304230,EUR
6168,1255,452.36,debit,2024-08-13 02:49:56.219621,USD
6169,1134,116.29,debit,2024-08-13 03:42:30.135013,USD
6170,1572,1234.1,credit,2024-08-13 04:35:04.050405,EUR
6171,1874,104.32,debit,2024-08-13 05:27:37.965796,EUR
6172,1821,1229.32,credit,2024-08-13 06:20:11.881188,USD
6173,1087,458.9,credit,2024-08-13 07:12:45.796579,USD
6174,1835,1810.27,credit,2024-08-13 08:05:19.711971,USD
6175,1987,955.43,credit,2024-08-13 08:57:53.627362,USD
6176,1206,455.64,credit,2024-08-13 09:50:27.542754,USD
6177,1128,1707.76,credit,2024-08-13 10:43:01.458145,GBP
6178,1822,515.53,credit,2024-08-13 11:35:35.373537,USD
6179,1002,620.13,credit,2024-08-13 12:28:09.288928,USD
6180,1973,1670.21,debit,2024-08-13 13:20:43.204320,USD
6181,1933,624.5,debit,2024-08-13 14:13:17.119711,USD
6182,1753,826.23,credit,2024-08-13 15:05:51.035103,USD
6183,1120,701.85,credit,2024-08-13 15:58:24.950495,USD
6184,1384,241.64,credit,2024-08-13 16:50:58.865886,EUR
6185,1613,87.4,credit,2024-08-13 17:43:32.781278,USD
6186,1037,1451.84,debit,2024-08-13 18:36:06.696669,USD
6187,1340,1293.82,credit,2024-08-13 19:28:40.612061,EUR
6188,1924,571.91,credit,2024-08-13 20:21:14.527452,EUR
6189,1644,598.24,credit,2024-08-13 21:13:48.442844,USD
6190,1713,1890.56,debit,2024-08-13 22:06:22.358235,USD
6191,1859,1975.47,credit,2024-08-13 22:58:56.273627,EUR
6192,1020,952.14,debit,2024-08-13 23:51:30.189018,USD
6193,1241,1606.88,credit,2024-08-14 00:44:04.104410,USD
6194,1454,1476.0,debit,2024-08-14 01:36:38.019801,EUR
6195,1962,601.66,debit,2024-08-14 02:29:11.935193,USD
6196,1620,126.54,credit,2024-08-14 03:21:45.850585,USD
6197,1302,293.69,debit,2024-08-14 04:14:19.765976,USD
6198,1595,1678.21,debit,2024-08-14 05:06:53.681368,USD
6199,1594,1465.12,debit,2024-08-14 05:59:27.596759,USD
6200,1802,1332.03,debit,2024-08-14 06:52:01.512151,USD
6201,1963,269.99,credit,2024-08-14 07:44:35.427542,EUR
6202,1068,1283.46,credit,2024-08-14 08:37:09.342934,USD
6203,1128,1546.58,debit,2024-08-14 09:29:43.258325,USD
6204,1195,1722.6,credit,2024-08-14 10:22:17.173717,USD
6205,1139,36.33,debit,2024-08-14 11:14:51.089108,EUR
6206,1443,1372.11,credit,2024-08-14 12:07:25.004500,USD
6207,1282,48.0,credit,2024-08-14 12:59:58.919891,USD
6208,1311,1416.68,debit,2024-08-14 13:52:32.835283,USD
6209,1745,1274.89,debit,2024-08-14 14:45:06.750675,USD
6210,1534,,credit,2024-08-14 15:37:40.666066,USD
6211,1664,1534.58,credit,2024-08-14 16:30:14.581458,EUR
6212,1276,146.01,debit,2024-08-14 17:22:48.496849,GBP
6213,1060,1654.53,debit,2024-08-14 18:15:22.412241,USD
6214,1318,531.24,debit,2024-08-14 19:07:56.327632,USD
6215,1889,1380.82,credit,2024-08-14 20:00:30.243024,EUR
6216,1051,1848.14,credit,2024-08-14 20:53:04.158415,USD
6217,1855,686.26,debit,2024-08-14 21:45:38.073807,EUR
6218,1152,1010.76,credit,2024-08-14 22:38:11.989198,USD
6219,1748,931.6,credit,2024-08-14 23:30:45.904590,USD
6220,1310,,credit,2024-08-15 00:23:19.819982,GBP
6221,1813,1184.72,credit,2024-08-15 01:15:53.735373,USD
6222,1543,1488.57,credit,2024-08-15 02:08:27.650765,USD
6223,1566,1834.58,credit,2024-08-15 03:01:01.566156,USD
6224,1863,1703.1,debit,2024-08-15 03:53:35.481548,GBP
6225,1388,1024.94,credit,2024-08-15 04:46:09.396939,USD
6226,1547,1440.84,credit,2024-08-15 05:38:43.312331,GBP
6227,1621,1603.56,credit,2024-08-15 06:31:17.227722,USD
6228,1176,992.04,debit,2024-08-15 07:23:51.143114,GBP
6229,1361,239.7,debit,2024-08-15 08:16:25.058505,EUR
6230,1313,881.48,credit,2024-08-15 09:08:58.973897,USD
6231,1806,1686.53,credit,2024-08-15 10:01:32.889288,EUR
6232,1847,1197.32,credit,2024-08-15 10:54:06.804680,USD
6233,1096,1451.67,debit,2024-08-15 11:46:40.720072,GBP
6234,1880,378.68,credit,2024-08-15 12:39:14.635463,USD
6235,1212,1929.03,credit,2024-08-15 13:31:48.550855,USD
6236,1828,814.12,debit,2024-08-15 14:24:22.466246,USD
6237,1136,1310.73,debit,2024-08-15 15:16:56.381638,USD
6238,1005,47.56,credit,2024-08-15 16:09:30.297029,EUR
6239,1108,263.37,credit,2024-08-15 17:02:04.212421,EUR
6240,1546,1566.25,credit,2024-08-15 17:54:38.127812,USD
6241,1038,1936.26,credit,2024-08-15 18:47:12.043204,USD
6242,1661,646.91,credit,2024-08-15 19:39:45.958595,USD
6243,1424,83.99,debit,2024-08-15 20:32:19.873987,EUR
6244,1629,728.12,credit,2024-08-15 21:24:53.789378,EUR
6245,1260,44.76,debit,2024-08-15 22:17:27.704770,USD
6246,1425,392.82,credit,2024-08-15 23:10:01.620162,GBP
6247,1086,1507.42,credit,2024-08-16 00:02:35.535553,USD
6248,1464,1874.81,debit,2024-08-16 00:55:09.450945,USD
6249,1075,184.02,debit,2024-08-16 01:47:43.366336,USD
6250,1470,1120.22,debit,2024-08-16 02:40:17.281728,USD
6251,1975,515.22,credit,2024-08-16 03:32:51.197119,USD
6252,1962,286.73,credit,2024-08-16 04:25:25.112511,USD
6253,1413,445.77,credit,2024-08-16 05:17:59.027902,EUR
6254,1824,1159.75,credit,2024-08-16 06:10:32.943294,USD
6255,1894,139.62,credit,2024-08-16 07:03:06.858685,USD
6256,1725,874.1,debit,2024-08-16 07:55:40.774077,USD
6257,1456,279.1,credit,2024-08-16 08:48:14.689468,USD
6258,1284,552.63,debit,2024-08-16 09:40:48.604860,USD
6259,1238,389.6,credit,2024-08-16 10:33:22.520252,USD
6260,1676,1767.12,debit,2024-08-16 11:25:56.435643,USD
6261,1598,1418.94,credit,2024-08-16 12:18:30.351035,USD
6262,1652,1738.24,credit,2024-08-16 13:11:04.266426,EUR
6263,1671,773.09,debit,2024-08-16 14:03:38.181818,USD
6264,1557,633.69,credit,2024-08-16 14:56:12.097209,GBP
6265,1371,767.37,debit,2024-08-16 15:48:46.012601,USD
6266,1494,46.91,credit,2024-08-16 16:41:19.927992,GBP
6267,1623,1452.16,debit,2024-08-16 17:33:53.843384,USD
6268,1918,706.05,debit,2024-08-16 18:26:27.758775,EUR
6269,1044,633.51,credit,2024-08-16 19:19:01.674167,USD
6270,1400,1200.3,credit,2024-08-16 20:11:35.589558,USD
6271,1246,878.14,credit,2024-08-16 21:04:09.504950,EUR
6272,1615,1961.88,credit,2024-08-16 21:56:43.420342,EUR
6273,1596,718.94,credit,2024-08-16 22:49:17.335733,EUR
6274,1449,1231.65,credit,2024-08-16 23:41:51.251125,USD
6275,1484,630.19,credit,2024-08-17 00:34:25.166516,EUR
6276,1645,1981.28,debit,2024-08-17 01:26:59.081908,USD
6277,1619,895.77,credit,2024-08-17 02:19:32.997299,USD
6278,1017,1271.92,debit,2024-08-17 03:12:06.912691,EUR
6279,1605,262.18,credit,2024-08-17 04:04:40.828082,USD
6280,1661,1468.72,debit,2024-08-17 04:57:14.743474,GBP
6281,1757,545.73,credit,2024-08-17 05:49:48.658865,USD
6282,1288,902.74,credit,2024-08-17 06:42:22.574257,GBP
6283,1413,1767.43,debit,2024-08-17 07:34:56.489648,USD
6284,1720,1941.4,debit,2024-08-17 08:27:30.405040,USD
6285,1637,854.9,credit,2024-08-17 09:20:04.320432,USD
6286,1234,1671.26,debit,2024-08-17 10:12:38.235823,EUR
6287,1415,116.16,debit,2024-08-17 11:05:12.151215,EUR
6288,1937,1696.67,debit,2024-08-17 11:57:46.066606,USD
6289,1498,,credit,2024-08-17 12:50:19.981998,EUR
6290,1973,982.53,debit,2024-08-17 13:42:53.897389,USD
6291,1633,1781.03,debit,2024-08-17 14:35:27.812781,EUR
6292,1649,1692.22,credit,2024-08-17 15:28:01.728172,GBP
6293,1114,600.92,credit,2024-08-17 16:20:35.643564,USD
6294,1931,1585.06,credit,2024-08-17 17:13:09.558955,USD
6295,1673,207.99,credit,2024-08-17 18:05:43.474347,USD
6296,1712,1647.3,debit,2024-08-17 18:58:17.389738,USD
6297,1233,1354.16,debit,2024-08-17 19:50:51.305130,EUR
6298,1539,184.85,debit,2024-08-17 20:43:25.220522,USD
6299,1010,1369.33,credit,2024-08-17 21:35:59.135913,USD
6300,1205,1165.23,credit,2024-08-17 22:28:33.051305,EUR
6301,1678,1193.15,credit,2024-08-17 23:21:06.966696,USD
6302,1246,588.82,debit,2024-08-18 00:13:40.882088,USD
6303,1558,540.33,credit,2024-08-18 01:06:14.797479,USD
6304,1757,1527.44,credit,2024-08-18 01:58:48.712871,USD
6305,1126,521.06,credit,2024-08-18 02:51:22.628262,USD
6306,1146,898.06,credit,2024-08-18 03:43:56.543654,EUR
6307,1117,1392.63,credit,2024-08-18 04:36:30.459045,USD
6308,1910,168.44,credit,2024-08-18 05:29:04.374437,USD
6309,1381,1193.15,debit,2024-08-18 06:21:38.289828,USD
6310,1411,1182.86,credit,2024-08-18 07:14:12.205220,USD
6311,1663,1371.62,debit,2024-08-18 08:06:46.120612,USD
6312,1583,746.16,credit,2024-08-18 08:59:20.036003,USD
6313,1362,903.47,debit,2024-08-18 09:51:53.951395,USD
6314,1508,666.64,credit,2024-08-18 10:44:27.866786,GBP
6315,1136,1618.25,debit,2024-08-18 11:37:01.782178,USD
6316,1174,269.92,debit,2024-08-18 12:29:35.697569,USD
6317,1288,1926.28,credit,2024-08-18 13:22:09.612961,USD
6318,1957,1273.32,debit,2024-08-18 14:14:43.528352,USD
6319,1480,1774.94,credit,2024-08-18 15:07:17.443744,EUR
6320,1018,858.2,debit,2024-08-18 15:59:51.359135,EUR
6321,1194,671.24,credit,2024-08-18 16:52:25.274527,USD
6322,1329,1802.44,debit,2024-08-18 17:44:59.189918,USD
6323,1935,206.76,debit,2024-08-18 18:37:33.105310,USD
6324,1174,243.04,credit,2024-08-18 19:30:07.020702,GBP
6325,1448,605.7,credit,2024-08-18 20:22:40.936093,USD
6326,1924,1919.95,debit,2024-08-18 21:15:14.851485,USD
6327,1945,1269.81,debit,2024-08-18 22:07:48.766876,USD
6328,1353,1112.85,debit,2024-08-18 23:00:22.682268,USD
6329,1498,1413.66,credit,2024-08-18 23:52:56.597659,EUR
6330,1140,840.77,credit,2024-08-19 00:45:30.513051,GBP
6331,1757,1518.57,credit,2024-08-19 01:38:04.428442,USD
6332,1896,792.53,credit,2024-08-19 02:30:38.343834,EUR
6333,1929,1654.46,credit,2024-08-19 03:23:12.259225,GBP
6334,1092,541.92,credit,2024-08-19 04:15:46.174617,GBP
6335,1943,562.32,credit,2024-08-19 05:08:20.090009,EUR
6336,1238,1049.54,credit,2024-08-19 06:00:54.005400,EUR
6337,1204,867.21,credit,2024-08-19 06:53:27.920792,USD
6338,1559,1299.75,debit,2024-08-19 07:46:01.836183,GBP
6339,1432,734.94,credit,2024-08-19 08:38:35.751575,USD
6340,1244,468.8,credit,2024-08-19 09:31:09.666966,USD
6341,1831,944.92,credit,2024-08-19 10:23:43.582358,USD
6342,1316,1126.3,credit,2024-08-19 11:16:17.497749,EUR
6343,1924,293.77,debit,2024-08-19 12:08:51.413141,USD
6344,1294,1117.87,credit,2024-08-19 13:01:25.328532,EUR
6345,1639,645.32,debit,2024-08-19 13:53:59.243924,USD
6346,1855,790.98,credit,2024-08-19 14:46:33.159315,USD
6347,1281,565.84,debit,2024-08-19 15:39:07.074707,USD
6348,1016,1863.51,credit,2024-08-19 16:31:40.990099,USD
6349,1070,1369.84,credit,2024-08-19 17:24:14.905490,USD
6350,1268,532.3,debit,2024-08-19 18:16:48.820882,USD
6351,1324,1293.61,credit,2024-08-19 19:09:22.736273,USD
6352,1793,1698.66,debit,2024-08-19 20:01:56.651665,EUR
6353,1304,809.24,credit,2024-08-19 20:54:30.567056,USD
6354,1450,1661.62,debit,2024-08-19 21:47:04.482448,USD
6355,1006,317.29,debit,2024-08-19 22:39:38.397839,USD
6356,1313,1647.33,debit,2024-08-19 23:32:12.313231,USD
6357,1816,1085.19,credit,2024-08-20 00:24:46.228622,EUR
6358,1102,453.72,credit,2024-08-20 01:17:20.144014,USD
6359,1820,820.21,debit,2024-08-20 02:09:54.059405,USD
6360,1192,1976.11,debit,2024-08-20 03:02:27.974797,USD
6361,1752,1569.28,credit,2024-08-20 03:55:01.890189,GBP
6362,1573,1154.42,credit,2024-08-20 04:47:35.805580,USD
6363,1528,239.18,credit,2024-08-20 05:40:09.720972,USD
6364,1170,841.45,debit,2024-08-20 06:32:43.636363,USD
6365,1536,533.47,credit,2024-08-20 07:25:17.551755,EUR
6366,1250,151.29,credit,2024-08-20 08:17:51.467146,EUR
6367,1764,1088.99,debit,2024-08-20 09:10:25.382538,USD
6368,1386,1779.48,debit,2024-08-20 10:02:59.297929,USD
6369,1206,1354.44,debit,2024-08-20 10:55:33.213321,USD
6370,1540,506.86,credit,2024-08-20 11:48:07.128712,USD
6371,1628,1151.43,credit,2024-08-20 12:40:41.044104,USD
6372,1415,1887.04,debit,2024-08-20 13:33:14.959495,USD
6373,1793,1448.6,debit,2024-08-20 14:25:48.874887,USD
6374,1379,1382.05,debit,2024-08-20 15:18:22.790279,EUR
6375,1143,1936.63,debit,2024-08-20 16:10:56.705670,USD
6376,1024,1599.76,credit,2024-08-20 17:03:30.621062,EUR
6377,1821,281.88,debit,2024-08-20 17:56:04.536453,USD
6378,1667,701.79,credit,2024-08-20 18:48:38.451845,GBP
6379,1072,1930.63,credit,2024-08-20 19:41:12.367236,GBP
6380,1631,984.51,debit,2024-08-20 20:33:46.282628,USD
6381,1823,232.16,credit,2024-08-20 21:26:20.198019,USD
6382,1832,922.62,credit,2024-08-20 22:18:54.113411,EUR
6383,1092,1397.02,credit,2024-08-20 23:11:28.028802,EUR
6384,1504,1995.12,credit,2024-08-21 00:04:01.944194,GBP
6385,1597,654.57,debit,2024-08-21 00:56:35.859585,USD
6386,1335,1033.03,debit,2024-08-21 01:49:09.774977,USD
6387,1424,1760.56,credit,2024-08-21 02:41:43.690369,USD
6388,1498,716.98,credit,2024-08-21 03:34:17.605760,USD
6389,1363,227.43,credit,2024-08-21 04:26:51.521152,EUR
6390,1946,1898.38,credit,2024-08-21 05:19:25.436543,GBP
6391,1629,982.0,debit,2024-08-21 06:11:59.351935,USD
6392,1744,1010.54,credit,2024-08-21 07:04:33.267326,USD
6393,1198,1246.19,debit,2024-08-21 07:57:07.182718,USD
6394,1717,17.04,credit,2024-08-21 08:49:41.098109,USD
6395,1412,1862.95,credit,2024-08-21 09:42:15.013501,EUR
6396,1338,729.29,credit,2024-08-21 10:34:48.928892,USD
6397,1658,799.89,credit,2024-08-21 11:27:22.844284,USD
6398,1961,356.48,debit,2024-08-21 12:19:56.759675,USD
6399,1936,762.52,credit,2024-08-21 13:12:30.675067,USD
6400,1428,1609.85,credit,2024-08-21 14:05:04.590459,USD
6401,1782,1601.98,debit,2024-08-21 14:57:38.505850,USD
6402,1898,1872.24,debit,2024-08-21 15:50:12.421242,USD
6403,1138,812.43,credit,2024-08-21 16:42:46.336633,USD
6404,1692,1420.36,debit,2024-08-21 17:35:20.252025,USD
6405,1941,1019.4,credit,2024-08-21 18:27:54.167416,USD
6406,1541,1610.01,debit,2024-08-21 19:20:28.082808,EUR
6407,1056,1427.96,credit,2024-08-21 20:13:01.998199,GBP
6408,1231,742.13,debit,2024-08-21 21:05:35.913591,EUR
6409,1657,679.98,credit,2024-08-21 21:58:09.828982,USD
6410,1434,512.36,credit,2024-08-21 22:50:43.744374,USD
6411,1383,1157.27,debit,2024-08-21 23:43:17.659765,USD
6412,1559,1928.05,debit,2024-08-22 00:35:51.575157,USD
6413,1193,408.13,debit,2024-08-22 01:28:25.490549,EUR
6414,1735,199.55,debit,2024-08-22 02:20:59.405940,EUR
6415,1647,247.61,credit,2024-08-22 03:13:33.321332,USD
6416,1533,1568.37,credit,2024-08-22 04:06:07.236723,USD
6417,1517,706.71,debit,2024-08-22 04:58:41.152115,USD
6418,1715,456.49,debit,2024-08-22 05:51:15.067506,GBP
6419,1750,712.16,credit,2024-08-22 06:43:48.982898,EUR
6420,1184,1294.21,credit,2024-08-22 07:36:22.898289,EUR
6421,1871,1098.11,credit,2024-08-22 08:28:56.813681,USD
6422,1291,1489.74,debit,2024-08-22 09:21:30.729072,USD
6423,1334,684.76,credit,2024-08-22 10:14:04.644464,USD
6424,1731,909.54,credit,2024-08-22 11:06:38.559855,USD
6425,1115,212.92,credit,2024-08-22 11:59:12.475247,USD
6426,1824,155.39,debit,2024-08-22 12:51:46.390639,GBP
6427,1048,929.89,debit,2024-08-22 13:44:20.306030,USD
6428,1684,610.18,debit,2024-08-22 14:36:54.221422,USD
6429,1081,1229.47,debit,2024-08-22 15:29:28.136813,USD
6430,1833,95.57,credit,2024-08-22 16:22:02.052205,USD
6431,1332,252.32,credit,2024-08-22 17:14:35.967596,GBP
6432,1556,1731.73,debit,2024-08-22 18:07:09.882988,USD
6433,1334,1136.96,credit,2024-08-22 18:59:43.798379,GBP
6434,1531,1426.99,credit,2024-08-22 19:52:17.713771,USD
6435,1959,1685.52,debit,2024-08-22 20:44:51.629162,GBP
6436,1220,,debit,2024-08-22 21:37:25.544554,USD
6437,1634,1524.51,debit,2024-08-22 22:29:59.459945,USD
6438,1745,1053.93,debit,2024-08-22 23:22:33.375337,USD
6439,1732,453.27,credit,2024-08-23 00:15:07.290729,USD
6440,1322,681.94,debit,2024-08-23 01:07:41.206120,EUR
6441,1850,985.8,credit,2024-08-23 02:00:15.121512,USD
6442,1002,640.6,debit,2024-08-23 02:52:49.036903,USD
6443,1693,677.7,credit,2024-08-23 03:45:22.952295,GBP
6444,1205,681.41,credit,2024-08-23 04:37:56.867686,USD
6445,1831,254.45,debit,2024-08-23 05:30:30.783078,GBP
6446,1039,178.44,credit,2024-08-23 06:23:04.698469,EUR
6447,1058,102.53,debit,2024-08-23 07:15:38.613861,USD
6448,1950,230.8,credit,2024-08-23 08:08:12.529252,USD
6449,1573,693.98,credit,2024-08-23 09:00:46.444644,GBP
6450,1643,1191.8,credit,2024-08-23 09:53:20.360036,USD
6451,1506,384.41,debit,2024-08-23 10:45:54.275427,USD
6452,1571,1777.14,credit,2024-08-23 11:38:28.190819,USD
6453,1883,1618.68,credit,2024-08-23 12:31:02.106210,USD
6454,1842,1045.85,debit,2024-08-23 13:23:36.021602,EUR
6455,1121,1451.18,credit,2024-08-23 14:16:09.936993,USD
6456,1478,738.99,credit,2024-08-23 15:08:43.852385,USD
6457,1618,83.19,debit,2024-08-23 16:01:17.767776,USD
6458,1095,1809.62,credit,2024-08-23 16:53:51.683168,USD
6459,1858,264.31,credit,2024-08-23 17:46:25.598559,USD
6460,1413,1896.4,debit,2024-08-23 18:38:59.513951,USD
6461,1234,1148.05,debit,2024-08-23 19:31:33.429342,EUR
6462,1897,618.07,debit,2024-08-23 20:24:07.344734,USD
6463,1061,996.09,debit,2024-08-23 21:16:41.260126,USD
6464,1255,1008.24,credit,2024-08-23 22:09:15.175517,USD
6465,1560,56.34,debit,2024-08-23 23:01:49.090909,GBP
6466,1904,717.37,debit,2024-08-23 23:54:23.006300,USD
6467,1347,1482.33,debit,2024-08-24 00:46:56.921692,USD
6468,1670,1025.04,credit,2024-08-24 01:39:30.837083,USD
6469,1123,496.02,debit,2024-08-24 02:32:04.752475,USD
6470,1481,676.87,credit,2024-08-24 03:24:38.667866,USD
6471,1316,1727.48,debit,2024-08-24 04:17:12.583258,EUR
6472,1503,1055.84,credit,2024-08-24 05:09:46.498649,EUR
6473,1718,1061.42,debit,2024-08-24 06:02:20.414041,USD
6474,1047,1923.32,debit,2024-08-24 06:54:54.329432,EUR
6475,1408,648.55,credit,2024-08-24 07:47:28.244824,USD
6476,1931,964.29,debit,2024-08-24 08:40:02.160216,USD
6477,1135,1625.31,credit,2024-08-24 09:32:36.075607,USD
6478,1200,1520.24,debit,2024-08-24 10:25:09.990999,USD
6479,1249,538.94,credit,2024-08-24 11:17:43.906390,USD
6480,1313,310.67,debit,2024-08-24 12:10:17.821782,EUR
6481,1868,1404.4,credit,2024-08-24 13:02:51.737173,EUR
6482,1367,522.74,credit,2024-08-24 13:55:25.652565,USD
6483,1428,1846.12,credit,2024-08-24 14:47:59.567956,USD
6484,1829,267.2,debit,2024-08-24 15:40:33.483348,USD
6485,1806,643.45,debit,2024-08-24 16:33:07.398739,USD
6486,1479,119.03,credit,2024-08-24 17:25:41.314131,USD
6487,1313,1409.58,credit,2024-08-24 18:18:15.229522,EUR
6488,1499,1783.61,credit,2024-08-24 19:10:49.144914,EUR
6489,1720,1275.39,debit,2024-08-24 20:03:23.060306,USD
6490,1354,1876.13,debit,2024-08-24 20:55:56.975697,EUR
6491,1484,265.72,credit,2024-08-24 21:48:30.891089,USD
6492,1210,184.59,credit,2024-08-24 22:41:04.806480,EUR
6493,1703,1678.44,credit,2024-08-24 23:33:38.721872,USD
6494,1043,1712.47,debit,2024-08-25 00:26:12.637263,USD
6495,1540,1663.77,credit,2024-08-25 01:18:46.552655,USD
6496,1570,1599.94,debit,2024-08-25 02:11:20.468046,GBP
6497,1582,730.83,credit,2024-08-25 03:03:54.383438,USD
6498,1091,442.75,credit,2024-08-25 03:56:28.298829,USD
6499,1264,1858.32,credit,2024-08-25 04:49:02.214221,USD
6500,1894,620.93,debit,2024-08-25 05:41:36.129612,USD
6501,1219,802.83,debit,2024-08-25 06:34:10.045004,USD
6502,1901,1402.12,credit,2024-08-25 07:26:43.960396,EUR
6503,1924,593.78,credit,2024-08-25 08:19:17.875787,USD
6504,1441,1640.07,credit,2024-08-25 09:11:51.791179,GBP
6505,1400,149.37,debit,2024-08-25 10:04:25.706570,USD
6506,1399,1584.45,debit,2024-08-25 10:56:59.621962,USD
6507,1726,1207.68,credit,2024-08-25 11:49:33.537353,USD
6508,1990,1150.26,credit,2024-08-25 12:42:07.452745,USD
6509,1898,922.17,debit,2024-08-25 13:34:41.368136,USD
6510,1788,561.32,debit,2024-08-25 14:27:15.283528,USD
6511,1575,933.5,credit,2024-08-25 15:19:49.198919,EUR
6512,1857,905.56,debit,2024-08-25 16:12:23.114311,EUR
6513,1803,1171.67,debit,2024-08-25 17:04:57.029702,USD
6514,1489,570.33,credit,2024-08-25 17:57:30.945094,EUR
6515,1484,164.42,credit,2024-08-25 18:50:04.860486,USD
6516,1756,298.73,credit,2024-08-25 19:42:38.775877,USD
6517,1469,1401.36,debit,2024-08-25 20:35:12.691269,EUR
6518,1573,54.76,debit,2024-08-25 21:27:46.606660,USD
6519,1937,1714.32,debit,2024-08-25 22:20:20.522052,USD
6520,1843,1391.85,credit,2024-08-25 23:12:54.437443,EUR
6521,1681,1538.49,debit,2024-08-26 00:05:28.352835,USD
6522,1444,1673.61,credit,2024-08-26 00:58:02.268226,USD
6523,1268,254.19,credit,2024-08-26 01:50:36.183618,USD
6524,1266,,debit,2024-08-26 02:43:10.099009,EUR
6525,1053,1014.24,debit,2024-08-26 03:35:44.014401,USD
6526,1527,1772.19,credit,2024-08-26 04:28:17.929792,USD
6527,1519,1774.31,debit,2024-08-26 05:20:51.845184,USD
6528,1615,58.11,credit,2024-08-26 06:13:25.760576,USD
6529,1058,771.9,credit,2024-08-26 07:05:59.675967,USD
6530,1824,1057.53,credit,2024-08-26 07:58:33.591359,USD
6531,1039,1359.94,debit,2024-08-26 08:51:07.506750,EUR
6532,1236,579.51,credit,2024-08-26 09:43:41.422142,USD
6533,1954,511.76,credit,2024-08-26 10:36:15.337533,GBP
6534,1385,768.72,credit,2024-08-26 11:28:49.252925,USD
6535,1605,1006.87,debit,2024-08-26 12:21:23.168316,GBP
6536,1733,1902.78,credit,2024-08-26 13:13:57.083708,USD
6537,1715,1526.6,credit,2024-08-26 14:06:30.999099,USD
6538,1649,864.35,debit,2024-08-26 14:59:04.914491,USD
6539,1299,118.19,debit,2024-08-26 15:51:38.829882,USD
6540,1394,345.36,credit,2024-08-26 16:44:12.745274,EUR
6541,1206,917.29,credit,2024-08-26 17:36:46.660666,EUR
6542,1335,1629.51,debit,2024-08-26 18:29:20.576057,USD
6543,1592,767.58,credit,2024-08-26 19:21:54.491449,USD
6544,1729,1081.61,debit,2024-08-26 20:14:28.406840,USD
6545,1513,1784.69,credit,2024-08-26 21:07:02.322232,USD
6546,1177,1828.45,credit,2024-08-26 21:59:36.237623,USD
6547,1395,439.39,credit,2024-08-26 22:52:10.153015,EUR
6548,1370,96.75,debit,2024-08-26 23:44:44.068406,EUR
6549,1857,617.77,debit,2024-08-27 00:37:17.983798,USD
6550,1790,1394.65,debit,2024-08-27 01:29:51.899189,EUR
6551,1657,1902.71,credit,2024-08-27 02:22:25.814581,USD
6552,1317,163.29,debit,2024-08-27 03:14:59.729973,USD
6553,1735,66.68,credit,2024-08-27 04:07:33.645364,USD
6554,1368,1769.45,debit,2024-08-27 05:00:07.560756,USD
6555,1383,,credit,2024-08-27 05:52:41.476147,USD
6556,1061,,debit,2024-08-27 06:45:15.391539,USD
6557,1805,799.62,debit,2024-08-27 07:37:49.306930,USD
6558,1504,837.94,credit,2024-08-27 08:30:23.222322,USD
6559,1238,352.9,credit,2024-08-27 09:22:57.137713,USD
6560,1194,240.54,credit,2024-08-27 10:15:31.053105,USD
6561,1677,1161.65,credit,2024-08-27 11:08:04.968496,GBP
6562,1962,734.93,credit,2024-08-27 12:00:38.883888,EUR
6563,1221,169.83,debit,2024-08-27 12:53:12.799279,GBP
6564,1060,1775.1,credit,2024-08-27 13:45:46.714671,USD
6565,1128,404.73,debit,2024-08-27 14:38:20.630063,USD
6566,1989,1499.68,credit,2024-08-27 15:30:54.545454,USD
6567,1684,571.63,credit,2024-08-27 16:23:28.460846,EUR
6568,1991,1627.68,credit,2024-08-27 17:16:02.376237,USD
6569,1155,245.61,credit,2024-08-27 18:08:36.291629,USD
6570,1916,1514.58,debit,2024-08-27 19:01:10.207020,USD
6571,1377,205.26,credit,2024-08-27 19:53:44.122412,USD
6572,1621,899.36,debit,2024-08-27 20:46:18.037803,USD
6573,1780,1470.67,credit,2024-08-27 21:38:51.953195,GBP
6574,1922,354.7,debit,2024-08-27 22:31:25.868586,USD
6575,1867,578.47,debit,2024-08-27 23:23:59.783978,EUR
6576,1902,1730.89,credit,2024-08-28 00:16:33.699369,USD
6577,1789,1771.39,credit,2024-08-28 01:09:07.614761,EUR
6578,1585,99.42,credit,2024-08-28 02:01:41.530153,USD
6579,1998,344.5,debit,2024-08-28 02:54:15.445544,USD
6580,1436,243.77,credit,2024-08-28 03:46:49.360936,USD
6581,1974,367.59,debit,2024-08-28 04:39:23.276327,USD
6582,1206,1940.67,credit,2024-08-28 05:31:57.191719,USD
6583,1387,1107.79,credit,2024-08-28 06:24:31.107110,USD
6584,1479,941.54,credit,2024-08-28 07:17:05.022502,USD
6585,1790,1969.09,credit,2024-08-28 08:09:38.937893,USD
6586,1886,1118.34,debit,2024-08-28 09:02:12.853285,USD
6587,1837,1325.62,credit,2024-08-28 09:54:46.768676,USD
6588,1983,672.21,debit,2024-08-28 10:47:20.684068,EUR
6589,1339,770.41,debit,2024-08-28 11:39:54.599459,EUR
6590,1868,1192.87,credit,2024-08-28 12:32:28.514851,USD
6591,1339,148.87,credit,2024-08-28 13:25:02.430243,USD
6592,1203,519.21,credit,2024-08-28 14:17:36.345634,USD
6593,1160,401.66,debit,2024-08-28 15:10:10.261026,USD
6594,1539,41.63,credit,2024-08-28 16:02:44.176417,EUR
6595,1391,1078.43,credit,2024-08-28 16:55:18.091809,EUR
6596,1768,1126.5,credit,2024-08-28 17:47:52.007200,EUR
6597,1676,774.04,credit,2024-08-28 18:40:25.922592,GBP
6598,1574,544.77,debit,2024-08-28 19:32:59.837983,USD
6599,1533,1307.6,debit,2024-08-28 20:25:33.753375,USD
6600,1069,277.97,credit,2024-08-28 21:18:07.668766,EUR
6601,1892,1042.04,debit,2024-08-28 22:10:41.584158,USD
6602,1404,1538.47,debit,2024-08-28 23:03:15.499549,EUR
6603,1607,336.95,credit,2024-08-28 23:55:49.414941,EUR
6604,1674,1508.99,debit,2024-08-29 00:48:23.330333,USD
6605,1590,,credit,2024-08-29 01:40:57.245724,GBP
6606,1516,129.25,debit,2024-08-29 02:33:31.161116,USD
6607,1827,47.38,debit,2024-08-29 03:26:05.076507,USD
6608,1119,1948.13,debit,2024-08-29 04:18:38.991899,EUR
6609,1813,394.83,credit,2024-08-29 05:11:12.907290,USD
6610,1689,1646.06,debit,2024-08-29 06:03:46.822682,EUR
6611,1687,1128.08,credit,2024-08-29 06:56:20.738073,GBP
6612,1901,536.3,credit,2024-08-29 07:48:54.653465,USD
6613,1216,268.64,debit,2024-08-29 08:41:28.568856,EUR
6614,1055,998.39,debit,2024-08-29 09:34:02.484248,EUR
6615,1365,820.64,credit,2024-08-29 10:26:36.399639,USD
6616,1698,1400.78,debit,2024-08-29 11:19:10.315031,USD
6617,1503,1809.3,credit,2024-08-29 12:11:44.230423,USD
6618,1743,1612.44,credit,2024-08-29 13:04:18.145814,USD
6619,1766,556.16,debit,2024-08-29 13:56:52.061206,USD
6620,1924,1759.08,credit,2024-08-29 14:49:25.976597,USD
6621,1454,1668.45,credit,2024-08-29 15:41:59.891989,EUR
6622,1103,1858.98,debit,2024-08-29 16:34:33.807380,GBP
6623,1076,922.74,credit,2024-08-29 17:27:07.722772,USD
6624,1229,1539.46,credit,2024-08-29 18:19:41.638163,USD
6625,1913,1187.4,credit,2024-08-29 19:12:15.553555,EUR
6626,1257,627.9,debit,2024-08-29 20:04:49.468946,USD
6627,1263,1988.92,debit,2024-08-29 20:57:23.384338,GBP
6628,1330,86.23,credit,2024-08-29 21:49:57.299729,EUR
6629,1992,332.92,credit,2024-08-29 22:42:31.215121,EUR
6630,1181,1786.16,debit,2024-08-29 23:35:05.130513,USD
6631,1892,130.52,debit,2024-08-30 00:27:39.045904,USD
6632,1767,1774.77,credit,2024-08-30 01:20:12.961296,USD
6633,1549,1433.29,credit,2024-08-30 02:12:46.876687,USD
6634,1687,83.0,debit,2024-08-30 03:05:20.792079,EUR
6635,1026,864.35,credit,2024-08-30 03:57:54.707470,USD
6636,1275,1511.4,credit,2024-08-30 04:50:28.622862,USD
6637,1651,1170.37,debit,2024-08-30 05:43:02.538253,EUR
6638,1298,1872.38,credit,2024-08-30 06:35:36.453645,USD
6639,1956,1736.61,credit,2024-08-30 07:28:10.369036,USD
6640,1798,671.97,debit,2024-08-30 08:20:44.284428,EUR
6641,1090,178.41,credit,2024-08-30 09:13:18.199819,USD
6642,1479,1889.07,credit,2024-08-30 10:05:52.115211,USD
6643,1572,1039.4,credit,2024-08-30 10:58:26.030603,USD
6644,1457,158.05,debit,2024-08-30 11:50:59.945994,USD
6645,1450,1634.99,debit,2024-08-30 12:43:33.861386,USD
6646,1364,1738.33,credit,2024-08-30 13:36:07.776777,USD
6647,1858,1282.46,debit,2024-08-30 14:28:41.692169,USD
6648,1674,900.54,credit,2024-08-30 15:21:15.607560,USD
6649,1350,1327.72,credit,2024-08-30 16:13:49.522952,USD
6650,1654,1416.3,debit,2024-08-30 17:06:23.438343,USD
6651,1399,1787.13,credit,2024-08-30 17:58:57.353735,USD
6652,1252,1912.16,debit,2024-08-30 18:51:31.269126,USD
6653,1780,1033.5,debit,2024-08-30 19:44:05.184518,USD
6654,1880,1599.0,credit,2024-08-30 20:36:39.099909,USD
6655,1802,1929.37,debit,2024-08-30 21:29:13.015301,EUR
6656,1458,310.97,credit,2024-08-30 22:21:46.930693,USD
6657,1698,46.35,debit,2024-08-30 23:14:20.846084,EUR
6658,1916,1739.24,credit,2024-08-31 00:06:54.761476,USD
6659,1498,398.59,credit,2024-08-31 00:59:28.676867,USD
6660,1949,94.53,debit,2024-08-31 01:52:02.592259,EUR
6661,1970,328.59,debit,2024-08-31 02:44:36.507650,GBP
6662,1925,774.39,credit,2024-08-31 03:37:10.423042,GBP
6663,1507,446.34,credit,2024-08-31 04:29:44.338433,GBP
6664,1303,617.45,credit,2024-08-31 05:22:18.253825,EUR
6665,1500,1950.84,credit,2024-08-31 06:14:52.169216,USD
6666,1802,1411.77,credit,2024-08-31 07:07:26.084608,USD
6667,1597,1427.26,debit,2024-08-31 08:00:00.000000,USD
6668,1165,198.42,credit,2024-08-31 08:52:33.915391,USD
6669,1414,1466.88,debit,2024-08-31 09:45:07.830783,USD
6670,1461,1481.3,credit,2024-08-31 10:37:41.746174,USD
6671,1919,1322.89,debit,2024-08-31 11:30:15.661566,EUR
6672,1113,464.59,credit,2024-08-31 12:22:49.576957,USD
6673,1432,851.84,debit,2024-08-31 13:15:23.492349,USD
6674,1991,1694.09,credit,2024-08-31 14:07:57.407740,USD
6675,1355,1343.7,debit,2024-08-31 15:00:31.323132,GBP
6676,1927,1468.21,credit,2024-08-31 15:53:05.238523,EUR
6677,1694,1178.88,credit,2024-08-31 16:45:39.153915,USD
6678,1206,904.68,credit,2024-08-31 17:38:13.069306,USD
6679,1767,1520.51,credit,2024-08-31 18:30:46.984698,GBP
6680,1234,145.17,debit,2024-08-31 19:23:20.900090,USD
6681,1441,1349.59,credit,2024-08-31 20:15:54.815481,USD
6682,1354,1994.44,debit,2024-08-31 21:08:28.730873,USD
6683,1514,1562.58,credit,2024-08-31 22:01:02.646264,USD
6684,1207,588.22,credit,2024-08-31 22:53:36.561656,USD
6685,1708,562.86,debit,2024-08-31 23:46:10.477047,USD
6686,1852,1337.77,debit,2024-09-01 00:38:44.392439,USD
6687,1124,1792.75,credit,2024-09-01 01:31:18.307830,USD
6688,1137,1160.12,debit,2024-09-01 02:23:52.223222,USD
6689,1338,1059.53,debit,2024-09-01 03:16:26.138613,GBP
6690,1536,329.16,debit,2024-09-01 04:09:00.054005,USD
6691,1067,1433.76,credit,2024-09-01 05:01:33.969396,USD
6692,1572,1407.57,debit,2024-09-01 05:54:07.884788,USD
6693,1540,1934.23,credit,2024-09-01 06:46:41.800180,USD
6694,1382,607.38,debit,2024-09-01 07:39:15.715571,USD
6695,1018,1515.33,credit,2024-09-01 08:31:49.630963,USD
6696,1682,873.79,debit,2024-09-01 09:24:23.546354,GBP
6697,1449,1121.36,debit,2024-09-01 10:16:57.461746,USD
6698,1073,1634.74,credit,2024-09-01 11:09:31.377137,GBP
6699,1572,451.77,credit,2024-09-01 12:02:05.292529,USD
6700,1938,692.31,debit,2024-09-01 12:54:39.207920,EUR
6701,1664,1548.88,credit,2024-09-01 13:47:13.123312,EUR
6702,1275,1145.21,credit,2024-09-01 14:39:47.038703,USD
6703,1047,193.92,credit,2024-09-01 15:32:20.954095,USD
6704,1210,866.07,debit,2024-09-01 16:24:54.869486,USD
6705,1854,1177.4,debit,2024-09-01 17:17:28.784878,USD
6706,1919,1819.94,debit,2024-09-01 18:10:02.700270,EUR
6707,1650,385.09,credit,2024-09-01 19:02:36.615661,EUR
6708,1621,1613.85,credit,2024-09-01 19:55:10.531053,USD
6709,1993,269.94,credit,2024-09-01 20:47:44.446444,USD
6710,1694,492.05,debit,2024-09-01 21:40:18.361836,GBP
6711,1539,494.25,credit,2024-09-01 22:32:52.277227,USD
6712,1708,1756.18,credit,2024-09-01 23:25:26.192619,USD
6713,1190,406.05,debit,2024-09-02 00:18:00.108010,USD
6714,1314,,debit,2024-09-02 01:10:34.023402,GBP
6715,1900,929.0,credit,2024-09-02 02:03:07.938793,EUR
6716,1562,1998.19,credit,2024-09-02 02:55:41.854185,USD
6717,1660,1679.79,credit,2024-09-02 03:48:15.769576,USD
6718,1779,1482.01,debit,2024-09-02 04:40:49.684968,USD
6719,1561,1742.75,credit,2024-09-02 05:33:23.600360,USD
6720,1899,1271.72,debit,2024-09-02 06:25:57.515751,EUR
6721,1757,1688.87,credit,2024-09-02 07:18:31.431143,USD
6722,1112,529.64,debit,2024-09-02 08:11:05.346534,USD
6723,1169,204.43,credit,2024-09-02 09:03:39.261926,USD
6724,1467,1235.7,credit,2024-09-02 09:56:13.177317,USD
6725,1677,875.03,debit,2024-09-02 10:48:47.092709,GBP
6726,1920,858.62,debit,2024-09-02 11:41:21.008100,USD
6727,1013,1058.23,debit,2024-09-02 12:33:54.923492,USD
6728,1714,729.15,debit,2024-09-02 13:26:28.838883,EUR
6729,1287,1255.86,credit,2024-09-02 14:19:02.754275,USD
6730,1906,70.83,credit,2024-09-02 15:11:36.669666,USD
6731,1188,1940.08,credit,2024-09-02 16:04:10.585058,USD
6732,1913,1850.17,debit,2024-09-02 16:56:44.500450,USD
6733,1154,1871.19,credit,2024-09-02 17:49:18.415841,GBP
6734,1566,736.36,credit,2024-09-02 18:41:52.331233,USD
6735,1693,1068.46,credit,2024-09-02 19:34:26.246624,USD
6736,1721,1908.72,debit,2024-09-02 20:27:00.162016,EUR
6737,1887,1805.67,debit,2024-09-02 21:19:34.077407,USD
6738,1470,1582.59,debit,2024-09-02 22:12:07.992799,GBP
6739,1074,820.59,credit,2024-09-02 23:04:41.908190,USD
6740,1276,1133.04,debit,2024-09-02 23:57:15.823582,USD
6741,1939,1587.9,credit,2024-09-03 00:49:49.738973,USD
6742,1644,553.29,credit,2024-09-03 01:42:23.654365,USD
6743,1342,1256.63,credit,2024-09-03 02:34:57.569756,USD
6744,1424,1657.59,credit,2024-09-03 03:27:31.485148,USD
6745,1570,1417.84,debit,2024-09-03 04:20:05.400540,USD
6746,1510,964.17,debit,2024-09-03 05:12:39.315931,USD
6747,1856,1173.37,credit,2024-09-03 06:05:13.231323,USD
6748,1181,1977.46,debit,2024-09-03 06:57:47.146714,USD
6749,1457,1207.96,credit,2024-09-03 07:50:21.062106,USD
6750,1917,1573.38,credit,2024-09-03 08:42:54.977497,USD
6751,1850,1455.94,credit,2024-09-03 09:35:28.892889,USD
6752,1832,1405.97,credit,2024-09-03 10:28:02.808280,EUR
6753,1063,1435.57,credit,2024-09-03 11:20:36.723672,USD
6754,1838,914.28,debit,2024-09-03 12:13:10.639063,USD
6755,1259,953.58,debit,2024-09-03 13:05:44.554455,USD
6756,1192,941.05,debit,2024-09-03 13:58:18.469846,USD
6757,1654,76.18,credit,2024-09-03 14:50:52.385238,EUR
6758,1615,489.72,debit,2024-09-03 15:43:26.300630,USD
6759,1971,317.58,debit,2024-09-03 16:36:00.216021,USD
6760,1405,1774.03,debit,2024-09-03 17:28:34.131413,USD
6761,1725,557.19,credit,2024-09-03 18:21:08.046804,GBP
6762,1753,285.5,debit,2024-09-03 19:13:41.962196,USD
6763,1942,248.34,debit,2024-09-03 20:06:15.877587,USD
6764,1720,1402.98,debit,2024-09-03 20:58:49.792979,USD
6765,1092,22.11,credit,2024-09-03 21:51:23.708370,USD
6766,1429,947.9,credit,2024-09-03 22:43:57.623762,USD
6767,1653,246.55,credit,2024-09-03 23:36:31.539153,USD
6768,1433,1700.83,credit,2024-09-04 00:29:05.454545,USD
6769,1403,1917.32,credit,2024-09-04 01:21:39.369936,USD
6770,1433,1917.92,debit,2024-09-04 02:14:13.285328,USD
6771,1111,889.51,credit,2024-09-04 03:06:47.200720,USD
6772,1928,1292.58,credit,2024-09-04 03:59:21.116111,USD
6773,1374,1203.41,credit,2024-09-04 04:51:55.031503,USD
6774,1058,706.58,credit,2024-09-04 05:44:28.946894,USD
6775,1042,893.69,credit,2024-09-04 06:37:02.862286,USD
6776,1206,138.0,credit,2024-09-04 07:29:36.777677,USD
6777,1779,1593.44,credit,2024-09-04 08:22:10.693069,USD
6778,1295,489.2,debit,2024-09-04 09:14:44.608460,USD
6779,1117,926.45,credit,2024-09-04 10:07:18.523852,USD
6780,1531,,debit,2024-09-04 10:59:52.439243,GBP
6781,1221,1125.82,debit,2024-09-04 11:52:26.354635,EUR
6782,1165,1637.57,credit,2024-09-04 12:45:00.270027,EUR
6783,1642,1386.84,debit,2024-09-04 13:37:34.185418,USD
6784,1155,1329.5,credit,2024-09-04 14:30:08.100810,USD
6785,1183,1058.22,credit,2024-09-04 15:22:42.016201,USD
6786,1089,200.95,credit,2024-09-04 16:15:15.931593,EUR
6787,1093,810.0,credit,2024-09-04 17:07:49.846984,USD
6788,1012,1915.06,debit,2024-09-04 18:00:23.762376,USD
6789,1972,1991.14,credit,2024-09-04 18:52:57.677767,USD
6790,1833,1463.69,credit,2024-09-04 19:45:31.593159,USD
6791,1804,462.75,credit,2024-09-04 20:38:05.508550,USD
6792,1944,212.76,credit,2024-09-04 21:30:39.423942,USD
6793,1741,835.38,debit,2024-09-04 22:23:13.339333,USD
6794,1833,1714.58,credit,2024-09-04 23:15:47.254725,USD
6795,1803,1446.51,credit,2024-09-05 00:08:21.170117,USD
6796,1437,1768.95,credit,2024-09-05 01:00:55.085508,EUR
6797,1537,1235.39,credit,2024-09-05 01:53:29.000900,EUR
6798,1586,269.35,credit,2024-09-05 02:46:02.916291,USD
6799,1967,238.44,credit,2024-09-05 03:38:36.831683,USD
6800,1875,105.52,credit,2024-09-05 04:31:10.747074,USD
6801,1935,1138.49,debit,2024-09-05 05:23:44.662466,USD
6802,1810,493.34,credit,2024-09-05 06:16:18.577857,USD
6803,1149,1471.42,debit,2024-09-05 07:08:52.493249,EUR
6804,1659,1375.64,debit,2024-09-05 08:01:26.408640,GBP
6805,1007,643.04,debit,2024-09-05 08:54:00.324032,USD
6806,1028,361.84,credit,2024-09-05 09:46:34.239423,USD
6807,1295,213.78,debit,2024-09-05 10:39:08.154815,USD
6808,1985,,debit,2024-09-05 11:31:42.070207,USD
6809,1925,906.38,debit,2024-09-05 12:24:15.985598,EUR
6810,1720,653.82,credit,2024-09-05 13:16:49.900990,USD
6811,1639,1714.74,credit,2024-09-05 14:09:23.816381,USD
6812,1339,1191.29,debit,2024-09-05 15:01:57.731773,USD
6813,1627,1040.82,credit,2024-09-05 15:54:31.647164,USD
6814,1438,1489.32,credit,2024-09-05 16:47:05.562556,USD
6815,1143,1633.01,credit,2024-09-05 17:39:39.477947,EUR
6816,1941,1375.29,debit,2024-09-05 18:32:13.393339,USD
6817,1829,885.61,credit,2024-09-05 19:24:47.308730,EUR
6818,1746,764.8,debit,2024-09-05 20:17:21.224122,USD
6819,1518,1545.61,credit,2024-09-05 21:09:55.139513,USD
6820,1975,1040.64,credit,2024-09-05 22:02:29.054905,GBP
6821,1044,1411.73,credit,2024-09-05 22:55:02.970297,GBP
6822,1954,1781.89,debit,2024-09-05 23:47:36.885688,GBP
6823,1238,1832.62,credit,2024-09-06 00:40:10.801080,USD
6824,1951,562.65,credit,2024-09-06 01:32:44.716471,USD
6825,1943,383.9,credit,2024-09-06 02:25:18.631863,USD
6826,1154,529.96,credit,2024-09-06 03:17:52.547254,USD
6827,1180,1505.23,debit,2024-09-06 04:10:26.462646,USD
6828,1214,746.42,credit,2024-09-06 05:03:00.378037,USD
6829,1087,355.04,credit,2024-09-06 05:55:34.293429,EUR
6830,1255,205.79,credit,2024-09-06 06:48:08.208820,USD
6831,1510,661.35,credit,2024-09-06 07:40:42.124212,EUR
6832,1072,280.91,debit,2024-09-06 08:33:16.039603,USD
6833,1930,321.18,credit,2024-09-06 09:25:49.954995,EUR
6834,1178,1370.93,credit,2024-09-06 10:18:23.870387,USD
6835,1211,49.27,credit,2024-09-06 11:10:57.785778,USD
6836,1804,243.93,debit,2024-09-06 12:03:31.701170,USD
6837,1233,1690.29,credit,2024-09-06 12:56:05.616561,EUR
6838,1464,1691.38,credit,2024-09-06 13:48:39.531953,GBP
6839,1750,665.19,debit,2024-09-06 14:41:13.447344,USD
6840,1222,185.03,debit,2024-09-06 15:33:47.362736,USD
6841,1630,1412.89,credit,2024-09-06 16:26:21.278127,USD
6842,1824,726.66,credit,2024-09-06 17:18:55.193519,USD
6843,1263,100.47,credit,2024-09-06 18:11:29.108910,USD
6844,1206,324.08,debit,2024-09-06 19:04:03.024302,USD
6845,1606,283.06,debit,2024-09-06 19:56:36.939693,EUR
6846,1884,1182.34,credit,2024-09-06 20:49:10.855085,USD
6847,1733,1797.25,debit,2024-09-06 21:41:44.770477,USD
6848,1365,1588.21,credit,2024-09-06 22:34:18.685868,USD
6849,1275,1097.57,debit,2024-09-06 23:26:52.601260,GBP
6850,1379,850.09,debit,2024-09-07 00:19:26.516651,USD
6851,1742,1241.17,debit,2024-09-07 01:12:00.432043,EUR
6852,1308,893.19,credit,2024-09-07 02:04:34.347434,USD
6853,1630,499.74,credit,2024-09-07 02:57:08.262826,USD
6854,1267,1361.6,debit,2024-09-07 03:49:42.178217,GBP
6855,1944,1747.76,credit,2024-09-07 04:42:16.093609,USD
6856,1784,752.01,credit,2024-09-07 05:34:50.009000,EUR
6857,1063,1684.66,credit,2024-09-07 06:27:23.924392,GBP
6858,1809,867.85,credit,2024-09-07 07:19:57.839783,USD
6859,1349,808.66,debit,2024-09-07 08:12:31.755175,USD
6860,1924,66.37,credit,2024-09-07 09:05:05.670567,EUR
6861,1914,1393.61,credit,2024-09-07 09:57:39.585958,EUR
6862,1493,1616.93,credit,2024-09-07 10:50:13.501350,GBP
6863,1522,1330.48,debit,2024-09-07 11:42:47.416741,EUR
6864,1097,311.21,debit,2024-09-07 12:35:21.332133,USD
6865,1945,215.55,credit,2024-09-07 13:27:55.247524,USD
6866,1070,1149.99,credit,2024-09-07 14:20:29.162916,USD
6867,1363,809.02,credit,2024-09-07 15:13:03.078307,USD
6868,1569,863.9,credit,2024-09-07 16:05:36.993699,USD
6869,1801,1935.92,debit,2024-09-07 16:58:10.909090,EUR
6870,1762,1450.61,credit,2024-09-07 17:50:44.824482,USD
6871,1275,829.46,credit,2024-09-07 18:43:18.739873,EUR
6872,1049,48.01,credit,2024-09-07 19:35:52.655265,USD
6873,1357,77.85,debit,2024-09-07 20:28:26.570657,USD
6874,1727,1372.76,debit,2024-09-07 21:21:00.486048,USD
6875,1905,1677.1,debit,2024-09-07 22:13:34.401440,USD
6876,1927,1418.33,credit,2024-09-07 23:06:08.316831,USD
6877,1563,817.72,credit,2024-09-07 23:58:42.232223,GBP
6878,1782,71.96,debit,2024-09-08 00:51:16.147614,USD
6879,1484,1935.13,credit,2024-09-08 01:43:50.063006,USD
6880,1083,1972.81,debit,2024-09-08 02:36:23.978397,USD
6881,1898,1103.24,credit,2024-09-08 03:28:57.893789,USD
6882,1804,150.64,credit,2024-09-08 04:21:31.809180,USD
6883,1637,1086.54,credit,2024-09-08 05:14:05.724572,USD
6884,1807,1785.75,debit,2024-09-08 06:06:39.639963,USD
6885,1583,1363.17,credit,2024-09-08 06:59:13.555355,USD
6886,1295,1442.78,debit,2024-09-08 07:51:47.470747,EUR
6887,1235,179.09,debit,2024-09-08 08:44:21.386138,USD
6888,1055,221.96,debit,2024-09-08 09:36:55.301530,USD
6889,1918,263.42,credit,2024-09-08 10:29:29.216921,GBP
6890,1359,1809.71,credit,2024-09-08 11:22:03.132313,USD
6891,1906,1056.44,debit,2024-09-08 12:14:37.047704,USD
6892,1109,1585.23,credit,2024-09-08 13:07:10.963096,EUR
6893,1191,239.43,credit,2024-09-08 13:59:44.878487,EUR
6894,1903,1856.01,credit,2024-09-08 14:52:18.793879,USD
6895,1092,1644.07,credit,2024-09-08 15:44:52.709270,USD
6896,1861,457.28,credit,2024-09-08 16:37:26.624662,USD
6897,1567,1749.62,debit,2024-09-08 17:30:00.540054,GBP
6898,1059,534.25,debit,2024-09-08 18:22:34.455445,USD
6899,1649,418.63,credit,2024-09-08 19:15:08.370837,USD
6900,1038,535.85,debit,2024-09-08 20:07:42.286228,USD
6901,1539,1820.81,credit,2024-09-08 21:00:16.201620,USD
6902,1048,1832.03,credit,2024-09-08 21:52:50.117011,USD
6903,1419,664.7,debit,2024-09-08 22:45:24.032403,EUR
6904,1636,1413.81,credit,2024-09-08 23:37:57.947794,GBP
6905,1012,1354.73,debit,2024-09-09 00:30:31.863186,USD
6906,1991,1615.06,credit,2024-09-09 01:23:05.778577,EUR
6907,1035,600.05,debit,2024-09-09 02:15:39.693969,USD
6908,1100,1025.18,credit,2024-09-09 03:08:13.609360,USD
6909,1793,,credit,2024-09-09 04:00:47.524752,USD
6910,1085,62.25,credit,2024-09-09 04:53:21.440144,USD
6911,1515,759.71,credit,2024-09-09 05:45:55.355535,USD
6912,1222,1394.82,credit,2024-09-09 06:38:29.270927,EUR
6913,1337,512.66,debit,2024-09-09 07:31:03.186318,USD
6914,1959,1915.83,credit,2024-09-09 08:23:37.101710,GBP
6915,1165,70.02,debit,2024-09-09 09:16:11.017101,USD
6916,1382,1916.59,credit,2024-09-09 10:08:44.932493,USD
6917,1855,441.36,credit,2024-09-09 11:01:18.847884,USD
6918,1894,107.16,debit,2024-09-09 11:53:52.763276,USD
6919,1375,592.02,debit,2024-09-09 12:46:26.678667,GBP
6920,1470,1574.7,credit,2024-09-09 13:39:00.594059,USD
6921,1789,1507.36,debit,2024-09-09 14:31:34.509450,USD
6922,1641,425.59,credit,2024-09-09 15:24:08.424842,USD
6923,1030,401.61,credit,2024-09-09 16:16:42.340234,EUR
6924,1374,1288.73,credit,2024-09-09 17:09:16.255625,USD
6925,1010,921.58,debit,2024-09-09 18:01:50.171017,USD
6926,1987,1586.66,debit,2024-09-09 18:54:24.086408,EUR
6927,1301,58.02,credit,2024-09-09 19:46:58.001800,USD
6928,1095,1224.72,debit,2024-09-09 20:39:31.917191,GBP
6929,1189,1464.04,debit,2024-09-09 21:32:05.832583,EUR
6930,1452,1986.84,credit,2024-09-09 22:24:39.747974,USD
6931,1191,1360.78,debit,2024-09-09 23:17:13.663366,EUR
6932,1485,471.37,credit,2024-09-10 00:09:47.578757,EUR
6933,1265,225.29,credit,2024-09-10 01:02:21.494149,EUR
6934,1423,1285.42,debit,2024-09-10 01:54:55.409540,USD
6935,1127,1051.13,credit,2024-09-10 02:47:29.324932,EUR
6936,1237,1799.3,credit,2024-09-10 03:40:03.240324,USD
6937,1919,1455.95,credit,2024-09-10 04:32:37.155715,USD
6938,1354,1024.39,debit,2024-09-10 05:25:11.071107,EUR
6939,1939,813.14,credit,2024-09-10 06:17:44.986498,EUR
6940,1111,814.71,credit,2024-09-10 07:10:18.901890,USD
6941,1827,460.35,debit,2024-09-10 08:02:52.817281,USD
6942,1445,44.48,credit,2024-09-10 08:55:26.732673,EUR
6943,1342,1154.07,debit,2024-09-10 09:48:00.648064,GBP
6944,1144,432.71,credit,2024-09-10 10:40:34.563456,USD
6945,1064,424.57,credit,2024-09-10 11:33:08.478847,USD
6946,1246,259.51,credit,2024-09-10 12:25:42.394239,EUR
6947,1734,,credit,2024-09-10 13:18:16.309630,USD
6948,1990,73.26,debit,2024-09-10 14:10:50.225022,USD
6949,1489,1351.72,credit,2024-09-10 15:03:24.140414,USD
6950,1824,808.78,debit,2024-09-10 15:55:58.055805,USD
6951,1438,1127.43,credit,2024-09-10 16:48:31.971197,USD
6952,1105,1277.55,debit,2024-09-10 17:41:05.886588,EUR
6953,1180,1945.24,debit,2024-09-10 18:33:39.801980,USD
6954,1183,145.85,credit,2024-09-10 19:26:13.717371,USD
6955,1225,841.66,credit,2024-09-10 20:18:47.632763,USD
6956,1776,499.34,debit,2024-09-10 21:11:21.548154,USD
6957,1789,958.66,debit,2024-09-10 22:03:55.463546,USD
6958,1908,1841.74,credit,2024-09-10 22:56:29.378937,USD
6959,1088,1450.73,credit,2024-09-10 23:49:03.294329,EUR
6960,1687,1327.28,credit,2024-09-11 00:41:37.209720,EUR
6961,1529,888.08,debit,2024-09-11 01:34:11.125112,USD
6962,1370,1345.51,debit,2024-09-11 02:26:45.040504,USD
6963,1971,74.43,debit,2024-09-11 03:19:18.955895,USD
6964,1935,1176.61,credit,2024-09-11 04:11:52.871287,USD
6965,1912,1112.02,credit,2024-09-11 05:04:26.786678,USD
6966,1398,699.81,credit,2024-09-11 05:57:00.702070,EUR
6967,1105,411.01,credit,2024-09-11 06:49:34.617461,USD
6968,1270,1617.04,credit,2024-09-11 07:42:08.532853,GBP
6969,1974,117.19,credit,2024-09-11 08:34:42.448244,USD
6970,1830,148.65,debit,2024-09-11 09:27:16.363636,EUR
6971,1502,886.64,credit,2024-09-11 10:19:50.279027,USD
6972,1678,512.58,credit,2024-09-11 11:12:24.194419,USD
6973,1524,1493.45,debit,2024-09-11 12:04:58.109810,USD
6974,1848,1272.04,debit,2024-09-11 12:57:32.025202,EUR
6975,1031,1547.34,credit,2024-09-11 13:50:05.940594,USD
6976,1392,656.11,debit,2024-09-11 14:42:39.855985,EUR
6977,1039,1483.63,credit,2024-09-11 15:35:13.771377,USD
6978,1659,1725.98,credit,2024-09-11 16:27:47.686768,USD
6979,1217,697.1,debit,2024-09-11 17:20:21.602160,USD
6980,1730,686.39,debit,2024-09-11 18:12:55.517551,EUR
6981,1980,1800.9,debit,2024-09-11 19:05:29.432943,USD
6982,1081,109.08,debit,2024-09-11 19:58:03.348334,EUR
6983,1844,706.88,credit,2024-09-11 20:50:37.263726,USD
6984,1719,246.16,credit,2024-09-11 21:43:11.179117,USD
6985,1200,67.67,credit,2024-09-11 22:35:45.094509,USD
6986,1446,234.61,credit,2024-09-11 23:28:19.009900,USD
6987,1843,868.18,credit,2024-09-12 00:20:52.925292,USD
6988,1427,1377.04,credit,2024-09-12 01:13:26.840684,USD
6989,1037,585.67,debit,2024-09-12 02:06:00.756075,USD
6990,1210,1700.85,debit,2024-09-12 02:58:34.671467,EUR
6991,1443,880.86,debit,2024-09-12 03:51:08.586858,USD
6992,1326,1936.77,credit,2024-09-12 04:43:42.502250,USD
6993,1760,1908.77,debit,2024-09-12 05:36:16.417641,EUR
6994,1226,1548.82,debit,2024-09-12 06:28:50.333033,USD
6995,1047,1865.49,debit,2024-09-12 07:21:24.248424,USD
6996,1017,1417.12,credit,2024-09-12 08:13:58.163816,USD
6997,1911,1792.21,credit,2024-09-12 09:06:32.079207,USD
6998,1438,480.58,debit,2024-09-12 09:59:05.994599,USD
6999,1806,697.39,debit,2024-09-12 10:51:39.909991,USD
7000,1707,1508.33,credit,2024-09-12 11:44:13.825382,USD
7001,1186,854.88,credit,2024-09-12 12:36:47.740774,USD
7002,1344,1676.28,debit,2024-09-12 13:29:21.656165,USD
7003,1223,1756.5,credit,2024-09-12 14:21:55.571557,USD
7004,1829,606.46,debit,2024-09-12 15:14:29.486948,USD
7005,1487,1648.67,credit,2024-09-12 16:07:03.402340,USD
7006,1908,316.99,credit,2024-09-12 16:59:37.317731,USD
7007,1876,675.05,credit,2024-09-12 17:52:11.233123,EUR
7008,1848,1040.75,credit,2024-09-12 18:44:45.148514,EUR
7009,1228,460.62,credit,2024-09-12 19:37:19.063906,EUR
7010,1389,1162.74,credit,2024-09-12 20:29:52.979297,USD
7011,1978,1161.6,credit,2024-09-12 21:22:26.894689,USD
7012,1588,421.74,credit,2024-09-12 22:15:00.810081,USD
7013,1187,1593.33,credit,2024-09-12 23:07:34.725472,USD
7014,1857,1266.97,credit,2024-09-13 00:00:08.640864,USD
7015,1269,642.34,debit,2024-09-13 00:52:42.556255,USD
7016,1606,472.05,credit,2024-09-13 01:45:16.471647,GBP
7017,1309,1758.71,credit,2024-09-13 02:37:50.387038,GBP
7018,1131,1673.13,credit,2024-09-13 03:30:24.302430,USD
7019,1550,467.22,debit,2024-09-13 04:22:58.217821,USD
7020,1071,80.85,credit,2024-09-13 05:15:32.133213,USD
7021,1792,1611.02,credit,2024-09-13 06:08:06.048604,USD
7022,1844,1234.86,credit,2024-09-13 07:00:39.963996,USD
7023,1671,210.76,debit,2024-09-13 07:53:13.879387,USD
7024,1186,1178.84,debit,2024-09-13 08:45:47.794779,USD
7025,1485,909.84,credit,2024-09-13 09:38:21.710171,USD
7026,1190,1551.36,credit,2024-09-13 10:30:55.625562,USD
7027,1421,426.08,credit,2024-09-13 11:23:29.540954,USD
7028,1119,911.78,credit,2024-09-13 12:16:03.456345,GBP
7029,1219,320.93,debit,2024-09-13 13:08:37.371737,EUR
7030,1052,1915.48,credit,2024-09-13 14:01:11.287128,USD
7031,1733,1559.69,credit,2024-09-13 14:53:45.202520,USD
7032,1450,1476.08,credit,2024-09-13 15:46:19.117911,USD
7033,1411,1383.51,debit,2024-09-13 16:38:53.033303,EUR
7034,1642,,debit,2024-09-13 17:31:26.948694,USD
7035,1236,1847.33,debit,2024-09-13 18:24:00.864086,USD
7036,1757,155.1,credit,2024-09-13 19:16:34.779477,USD
7037,1737,1608.49,credit,2024-09-13 20:09:08.694869,USD
7038,1719,,credit,2024-09-13 21:01:42.610261,USD
7039,1405,654.82,credit,2024-09-13 21:54:16.525652,USD
7040,1607,1043.67,credit,2024-09-13 22:46:50.441044,USD
7041,1421,1567.48,credit,2024-09-13 23:39:24.356435,EUR
7042,1711,1678.68,credit,2024-09-14 00:31:58.271827,USD
7043,1246,1171.63,debit,2024-09-14 01:24:32.187218,USD
7044,1071,812.04,debit,2024-09-14 02:17:06.102610,EUR
7045,1829,1893.54,credit,2024-09-14 03:09:40.018001,USD
7046,1184,500.58,credit,2024-09-14 04:02:13.933393,USD
7047,1005,1608.16,credit,2024-09-14 04:54:47.848784,USD
7048,1205,1227.98,credit,2024-09-14 05:47:21.764176,EUR
7049,1543,760.02,credit,2024-09-14 06:39:55.679567,USD
7050,1610,12.72,credit,2024-09-14 07:32:29.594959,USD
7051,1905,898.73,debit,2024-09-14 08:25:03.510351,USD
7052,1386,560.67,credit,2024-09-14 09:17:37.425742,GBP
7053,1767,217.65,credit,2024-09-14 10:10:11.341134,USD
7054,1698,159.57,debit,2024-09-14 11:02:45.256525,USD
7055,1075,701.64,credit,2024-09-14 11:55:19.171917,USD
7056,1176,1233.37,credit,2024-09-14 12:47:53.087308,USD
7057,1826,1676.66,credit,2024-09-14 13:40:27.002700,USD
7058,1798,375.29,debit,2024-09-14 14:33:00.918091,EUR
7059,1348,855.04,credit,2024-09-14 15:25:34.833483,USD
7060,1254,789.99,credit,2024-09-14 16:18:08.748874,USD
7061,1836,1031.65,debit,2024-09-14 17:10:42.664266,USD
7062,1701,1621.08,credit,2024-09-14 18:03:16.579657,USD
7063,1307,1111.75,debit,2024-09-14 18:55:50.495049,USD
7064,1344,1694.84,debit,2024-09-14 19:48:24.410441,USD
7065,1126,1041.92,credit,2024-09-14 20:40:58.325832,USD
7066,1936,1211.66,debit,2024-09-14 21:33:32.241224,USD
7067,1286,880.39,debit,2024-09-14 22:26:06.156615,USD
7068,1765,1647.96,debit,2024-09-14 23:18:40.072007,USD
7069,1724,1848.42,credit,2024-09-15 00:11:13.987398,EUR
7070,1761,1281.9,debit,2024-09-15 01:03:47.902790,USD
7071,1595,1643.36,credit,2024-09-15 01:56:21.818181,USD
7072,1486,127.42,debit,2024-09-15 02:48:55.733573,USD
7073,1382,1813.16,credit,2024-09-15 03:41:29.648964,EUR
7074,1405,385.96,credit,2024-09-15 04:34:03.564356,USD
7075,1387,520.48,credit,2024-09-15 05:26:37.479747,EUR
7076,1524,116.13,credit,2024-09-15 06:19:11.395139,USD
7077,1556,1931.15,credit,2024-09-15 07:11:45.310531,USD
7078,1638,1705.5,credit,2024-09-15 08:04:19.225922,USD
7079,1937,1827.24,credit,2024-09-15 08:56:53.141314,EUR
7080,1625,1695.96,credit,2024-09-15 09:49:27.056705,USD
7081,1944,964.27,credit,2024-09-15 10:42:00.972097,USD
7082,1275,1848.92,credit,2024-09-15 11:34:34.887488,USD
7083,1499,1939.25,debit,2024-09-15 12:27:08.802880,EUR
7084,1716,1010.11,debit,2024-09-15 13:19:42.718271,USD
7085,1336,359.49,credit,2024-09-15 14:12:16.633663,USD
7086,1949,1320.66,credit,2024-09-15 15:04:50.549054,GBP
7087,1931,1951.12,debit,2024-09-15 15:57:24.464446,USD
7088,1480,1745.57,credit,2024-09-15 16:49:58.379837,GBP
7089,1896,1725.01,credit,2024-09-15 17:42:32.295229,USD
7090,1910,1868.3,credit,2024-09-15 18:35:06.210621,EUR
7091,1972,1788.96,debit,2024-09-15 19:27:40.126012,GBP
7092,1272,1554.8,credit,2024-09-15 20:20:14.041404,GBP
7093,1919,1439.36,debit,2024-09-15 21:12:47.956795,USD
7094,1057,536.89,credit,2024-09-15 22:05:21.872187,EUR
7095,1327,1246.47,debit,2024-09-15 22:57:55.787578,USD
7096,1730,1047.76,credit,2024-09-15 23:50:29.702970,USD
7097,1108,1725.27,credit,2024-09-16 00:43:03.618361,USD
7098,1278,988.51,credit,2024-09-16 01:35:37.533753,USD
7099,1685,264.21,debit,2024-09-16 02:28:11.449144,EUR
7100,1327,19.9,credit,2024-09-16 03:20:45.364536,USD
7101,1775,1358.97,credit,2024-09-16 04:13:19.279927,GBP
7102,1314,,debit,2024-09-16 05:05:53.195319,USD
7103,1473,668.62,credit,2024-09-16 05:58:27.110711,EUR
7104,1110,346.25,credit,2024-09-16 06:51:01.026102,EUR
7105,1698,938.76,credit,2024-09-16 07:43:34.941494,EUR
7106,1780,209.57,credit,2024-09-16 08:36:08.856885,USD
7107,1934,678.86,credit,2024-09-16 09:28:42.772277,USD
7108,1228,764.63,debit,2024-09-16 10:21:16.687668,USD
7109,1496,936.58,credit,2024-09-16 11:13:50.603060,USD
7110,1155,938.58,debit,2024-09-16 12:06:24.518451,USD
7111,1472,521.44,credit,2024-09-16 12:58:58.433843,USD
7112,1700,1701.92,credit,2024-09-16 13:51:32.349234,USD
7113,1271,717.53,credit,2024-09-16 14:44:06.264626,USD
7114,1886,466.88,debit,2024-09-16 15:36:40.180018,USD
7115,1001,359.86,credit,2024-09-16 16:29:14.095409,USD
7116,1757,651.93,debit,2024-09-16 17:21:48.010801,USD
7117,1721,144.43,debit,2024-09-16 18:14:21.926192,USD
7118,1510,75.49,credit,2024-09-16 19:06:55.841584,GBP
7119,1912,1214.23,credit,2024-09-16 19:59:29.756975,USD
7120,1285,1242.1,credit,2024-09-16 20:52:03.672367,USD
7121,1870,1063.88,debit,2024-09-16 21:44:37.587758,USD
7122,1012,1526.95,credit,2024-09-16 22:37:11.503150,GBP
7123,1607,87.91,debit,2024-09-16 23:29:45.418541,USD
7124,1497,1872.59,credit,2024-09-17 00:22:19.333933,USD
7125,1732,199.18,debit,2024-09-17 01:14:53.249324,USD
7126,1237,1351.31,credit,2024-09-17 02:07:27.164716,USD
7127,1093,275.46,credit,2024-09-17 03:00:01.080108,USD
7128,1337,1761.01,debit,2024-09-17 03:52:34.995499,EUR
7129,1780,1026.32,debit,2024-09-17 04:45:08.910891,USD
7130,1170,173.76,credit,2024-09-17 05:37:42.826282,USD
7131,1980,1237.28,debit,2024-09-17 06:30:16.741674,USD
7132,1605,28.13,debit,2024-09-17 07:22:50.657065,USD
7133,1660,1554.28,credit,2024-09-17 08:15:24.572457,EUR
7134,1623,,credit,2024-09-17 09:07:58.487848,EUR
7135,1566,433.12,credit,2024-09-17 10:00:32.403240,EUR
7136,1848,755.75,debit,2024-09-17 10:53:06.318631,USD
7137,1935,25.54,credit,2024-09-17 11:45:40.234023,USD
7138,1466,1390.43,credit,2024-09-17 12:38:14.149414,GBP
7139,1627,652.11,credit,2024-09-17 13:30:48.064806,USD
7140,1142,1147.46,credit,2024-09-17 14:23:21.980198,USD
7141,1200,1913.89,credit,2024-09-17 15:15:55.895589,USD
7142,1179,605.94,credit,2024-09-17 16:08:29.810981,USD
7143,1713,1980.57,credit,2024-09-17 17:01:03.726372,USD
7144,1363,1269.13,debit,2024-09-17 17:53:37.641764,USD
7145,1478,491.76,debit,2024-09-17 18:46:11.557155,USD
7146,1564,879.19,credit,2024-09-17 19:38:45.472547,EUR
7147,1470,1483.5,credit,2024-09-17 20:31:19.387938,GBP
7148,1383,898.49,debit,2024-09-17 21:23:53.303330,USD
7149,1691,146.33,credit,2024-09-17 22:16:27.218721,EUR
7150,1925,345.52,debit,2024-09-17 23:09:01.134113,USD
7151,1416,1584.68,debit,2024-09-18 00:01:35.049504,GBP
7152,1824,1300.26,debit,2024-09-18 00:54:08.964896,USD
7153,1307,1143.95,credit,2024-09-18 01:46:42.880288,USD
7154,1648,343.57,debit,2024-09-18 02:39:16.795679,USD
7155,1693,1677.14,debit,2024-09-18 03:31:50.711071,USD
7156,1366,1921.87,debit,2024-09-18 04:24:24.626462,USD
7157,1000,91.37,credit,2024-09-18 05:16:58.541854,EUR
7158,1043,165.28,debit,2024-09-18 06:09:32.457245,USD
7159,1738,1770.6,credit,2024-09-18 07:02:06.372637,USD
7160,1842,1632.95,credit,2024-09-18 07:54:40.288028,USD
7161,1097,1239.69,credit,2024-09-18 08:47:14.203420,USD
7162,1719,1890.48,debit,2024-09-18 09:39:48.118811,USD
7163,1264,1296.4,debit,2024-09-18 10:32:22.034203,USD
7164,1799,439.81,debit,2024-09-18 11:24:55.949594,USD
7165,1782,1460.0,credit,2024-09-18 12:17:29.864986,USD
7166,1139,1294.96,credit,2024-09-18 13:10:03.780378,USD
7167,1480,1971.63,debit,2024-09-18 14:02:37.695769,USD
7168,1236,435.65,credit,2024-09-18 14:55:11.611161,USD
7169,1973,1199.79,debit,2024-09-18 15:47:45.526552,GBP
7170,1952,1562.53,credit,2024-09-18 16:40:19.441944,USD
7171,1903,684.58,debit,2024-09-18 17:32:53.357335,EUR
7172,1071,765.56,debit,2024-09-18 18:25:27.272727,EUR
7173,1666,1776.92,credit,2024-09-18 19:18:01.188118,USD
7174,1189,814.35,credit,2024-09-18 20:10:35.103510,USD
7175,1267,1253.22,credit,2024-09-18 21:03:09.018901,USD
7176,1320,1779.58,debit,2024-09-18 21:55:42.934293,USD
7177,1106,427.55,debit,2024-09-18 22:48:16.849684,EUR
7178,1231,1963.94,debit,2024-09-18 23:40:50.765076,EUR
7179,1041,1406.89,credit,2024-09-19 00:33:24.680468,GBP
7180,1701,997.28,debit,2024-09-19 01:25:58.595859,USD
7181,1882,867.53,debit,2024-09-19 02:18:32.511251,USD
7182,1138,,credit,2024-09-19 03:11:06.426642,EUR
7183,1614,419.39,debit,2024-09-19 04:03:40.342034,USD
7184,1682,630.25,credit,2024-09-19 04:56:14.257425,USD
7185,1862,622.51,credit,2024-09-19 05:48:48.172817,EUR
7186,1272,585.12,credit,2024-09-19 06:41:22.088208,GBP
7187,1480,942.39,credit,2024-09-19 07:33:56.003600,USD
7188,1415,1978.47,debit,2024-09-19 08:26:29.918991,USD
7189,1505,1778.69,credit,2024-09-19 09:19:03.834383,USD
7190,1732,662.62,debit,2024-09-19 10:11:37.749774,USD
7191,1724,851.51,credit,2024-09-19 11:04:11.665166,USD
7192,1852,1342.27,credit,2024-09-19 11:56:45.580558,USD
7193,1423,44.13,debit,2024-09-19 12:49:19.495949,USD
7194,1406,1642.11,debit,2024-09-19 13:41:53.411341,USD
7195,1567,1760.8,credit,2024-09-19 14:34:27.326732,USD
7196,1389,1715.83,debit,2024-09-19 15:27:01.242124,USD
7197,1341,756.36,debit,2024-09-19 16:19:35.157515,USD
7198,1945,929.38,credit,2024-09-19 17:12:09.072907,GBP
7199,1613,34.65,credit,2024-09-19 18:04:42.988298,USD
7200,1932,804.8,credit,2024-09-19 18:57:16.903690,USD
7201,1492,926.25,debit,2024-09-19 19:49:50.819081,USD
7202,1191,1814.88,credit,2024-09-19 20:42:24.734473,USD
7203,1498,1789.04,credit,2024-09-19 21:34:58.649864,USD
7204,1821,1932.53,credit,2024-09-19 22:27:32.565256,USD
7205,1711,1771.36,credit,2024-09-19 23:20:06.480648,USD
7206,1232,26.32,debit,2024-09-20 00:12:40.396039,USD
7207,1944,1286.51,debit,2024-09-20 01:05:14.311431,EUR
7208,1226,145.79,credit,2024-09-20 01:57:48.226822,GBP
7209,1370,552.46,credit,2024-09-20 02:50:22.142214,USD
7210,1138,1160.83,credit,2024-09-20 03:42:56.057605,EUR
7211,1855,1404.22,debit,2024-09-20 04:35:29.972997,USD
7212,1816,1312.72,debit,2024-09-20 05:28:03.888388,USD
7213,1148,107.63,credit,2024-09-20 06:20:37.803780,USD
7214,1114,216.17,credit,2024-09-20 07:13:11.719171,USD
7215,1449,265.89,credit,2024-09-20 08:05:45.634563,USD
7216,1062,191.91,debit,2024-09-20 08:58:19.549954,USD
7217,1103,364.69,credit,2024-09-20 09:50:53.465346,GBP
7218,1850,1380.09,credit,2024-09-20 10:43:27.380738,USD
7219,1870,1663.37,credit,2024-09-20 11:36:01.296129,EUR
7220,1667,823.54,credit,2024-09-20 12:28:35.211521,EUR
7221,1272,1388.64,debit,2024-09-20 13:21:09.126912,USD
7222,1005,408.03,credit,2024-09-20 14:13:43.042304,USD
7223,1146,1946.83,credit,2024-09-20 15:06:16.957695,USD
7224,1183,706.5,debit,2024-09-20 15:58:50.873087,USD
7225,1997,1693.28,credit,2024-09-20 16:51:24.788478,USD
7226,1027,1891.28,credit,2024-09-20 17:43:58.703870,USD
7227,1961,1730.78,credit,2024-09-20 18:36:32.619261,USD
7228,1549,143.46,debit,2024-09-20 19:29:06.534653,USD
7229,1118,1304.11,credit,2024-09-20 20:21:40.450045,USD
7230,1292,248.98,debit,2024-09-20 21:14:14.365436,USD
7231,1370,21.27,credit,2024-09-20 22:06:48.280828,GBP
7232,1243,113.05,credit,2024-09-20 22:59:22.196219,USD
7233,1579,1833.14,debit,2024-09-20 23:51:56.111611,USD
7234,1725,1817.84,debit,2024-09-21 00:44:30.027002,GBP
7235,1217,459.39,credit,2024-09-21 01:37:03.942394,USD
7236,1176,1098.65,debit,2024-09-21 02:29:37.857785,USD
7237,1298,1910.51,credit,2024-09-21 03:22:11.773177,USD
7238,1675,998.45,debit,2024-09-21 04:14:45.688568,GBP
7239,1057,793.22,credit,2024-09-21 05:07:19.603960,USD
7240,1268,971.66,credit,2024-09-21 05:59:53.519351,USD
7241,1307,1582.53,credit,2024-09-21 06:52:27.434743,EUR
7242,1569,959.78,credit,2024-09-21 07:45:01.350135,USD
7243,1287,1568.72,credit,2024-09-21 08:37:35.265526,USD
7244,1976,869.08,credit,2024-09-21 09:30:09.180918,EUR
7245,1104,511.49,debit,2024-09-21 10:22:43.096309,USD
7246,1227,659.68,credit,2024-09-21 11:15:17.011701,USD
7247,1246,164.87,credit,2024-09-21 12:07:50.927092,EUR
7248,1699,999.79,debit,2024-09-21 13:00:24.842484,USD
7249,1493,304.74,credit,2024-09-21 13:52:58.757875,USD
7250,1082,1624.98,credit,2024-09-21 14:45:32.673267,USD
7251,1185,846.98,credit,2024-09-21 15:38:06.588658,EUR
7252,1251,1532.35,credit,2024-09-21 16:30:40.504050,USD
7253,1354,1909.38,debit,2024-09-21 17:23:14.419441,USD
7254,1749,1700.46,credit,2024-09-21 18:15:48.334833,GBP
7255,1871,1903.41,credit,2024-09-21 19:08:22.250225,USD
7256,1695,1140.19,credit,2024-09-21 20:00:56.165616,USD
7257,1795,339.0,credit,2024-09-21 20:53:30.081008,USD
7258,1896,1871.44,credit,2024-09-21 21:46:03.996399,USD
7259,1937,,debit,2024-09-21 22:38:37.911791,USD
7260,1209,1730.18,debit,2024-09-21 23:31:11.827182,USD
7261,1815,1389.62,debit,2024-09-22 00:23:45.742574,USD
7262,1807,1253.58,credit,2024-09-22 01:16:19.657965,USD
7263,1608,39.3,credit,2024-09-22 02:08:53.573357,EUR
7264,1446,1498.63,debit,2024-09-22 03:01:27.488748,USD
7265,1459,192.15,credit,2024-09-22 03:54:01.404140,EUR
7266,1967,526.9,debit,2024-09-22 04:46:35.319531,GBP
7267,1471,1107.47,debit,2024-09-22 05:39:09.234923,USD
7268,1719,908.95,debit,2024-09-22 06:31:43.150315,USD
7269,1369,41.39,credit,2024-09-22 07:24:17.065706,USD
7270,1899,1649.73,credit,2024-09-22 08:16:50.981098,EUR
7271,1933,1758.81,debit,2024-09-22 09:09:24.896489,EUR
7272,1491,1366.93,debit,2024-09-22 10:01:58.811881,USD
7273,1922,1086.73,credit,2024-09-22 10:54:32.727272,GBP
7274,1136,1921.87,debit,2024-09-22 11:47:06.642664,USD
7275,1366,248.71,credit,2024-09-22 12:39:40.558055,GBP
7276,1911,1478.44,credit,2024-09-22 13:32:14.473447,USD
7277,1183,265.44,debit,2024-09-22 14:24:48.388838,EUR
7278,1587,769.87,credit,2024-09-22 15:17:22.304230,USD
7279,1286,1175.11,credit,2024-09-22 16:09:56.219621,USD
7280,1471,1476.8,credit,2024-09-22 17:02:30.135013,EUR
7281,1374,17.4,credit,2024-09-22 17:55:04.050405,USD
7282,1653,528.59,credit,2024-09-22 18:47:37.965796,USD
7283,1748,1081.02,credit,2024-09-22 19:40:11.881188,USD
7284,1536,1070.42,credit,2024-09-22 20:32:45.796579,EUR
7285,1510,1278.88,debit,2024-09-22 21:25:19.711971,USD
7286,1801,614.67,debit,2024-09-22 22:17:53.627362,EUR
7287,1578,1085.65,credit,2024-09-22 23:10:27.542754,USD
7288,1249,387.68,credit,2024-09-23 00:03:01.458145,USD
7289,1919,381.88,credit,2024-09-23 00:55:35.373537,USD
7290,1509,1157.36,debit,2024-09-23 01:48:09.288928,EUR
7291,1629,1374.09,debit,2024-09-23 02:40:43.204320,USD
7292,1072,249.6,debit,2024-09-23 03:33:17.119711,USD
7293,1281,254.35,credit,2024-09-23 04:25:51.035103,USD
7294,1915,1134.95,debit,2024-09-23 05:18:24.950495,USD
7295,1959,547.49,credit,2024-09-23 06:10:58.865886,GBP
7296,1359,790.87,debit,2024-09-23 07:03:32.781278,USD
7297,1009,807.49,credit,2024-09-23 07:56:06.696669,GBP
7298,1210,365.32,credit,2024-09-23 08:48:40.612061,USD
7299,1834,12.62,debit,2024-09-23 09:41:14.527452,USD
7300,1151,1707.77,debit,2024-09-23 10:33:48.442844,USD
7301,1004,1432.85,credit,2024-09-23 11:26:22.358235,EUR
7302,1194,1384.17,credit,2024-09-23 12:18:56.273627,USD
7303,1953,1097.55,credit,2024-09-23 13:11:30.189018,USD
7304,1282,1404.93,credit,2024-09-23 14:04:04.104410,GBP
7305,1463,1872.02,credit,2024-09-23 14:56:38.019801,USD
7306,1112,1334.69,debit,2024-09-23 15:49:11.935193,EUR
7307,1270,537.53,credit,2024-09-23 16:41:45.850585,EUR
7308,1162,1145.41,debit,2024-09-23 17:34:19.765976,USD
7309,1459,890.23,debit,2024-09-23 18:26:53.681368,USD
7310,1104,1117.27,debit,2024-09-23 19:19:27.596759,USD
7311,1692,1040.04,debit,2024-09-23 20:12:01.512151,USD
7312,1555,1718.96,debit,2024-09-23 21:04:35.427542,USD
7313,1281,1307.08,credit,2024-09-23 21:57:09.342934,EUR
7314,1686,385.63,credit,2024-09-23 22:49:43.258325,USD
7315,1161,135.4,credit,2024-09-23 23:42:17.173717,USD
7316,1982,854.48,credit,2024-09-24 00:34:51.089108,USD
7317,1350,41.07,credit,2024-09-24 01:27:25.004500,USD
7318,1433,643.41,debit,2024-09-24 02:19:58.919891,GBP
7319,1851,742.36,credit,2024-09-24 03:12:32.835283,USD
7320,1139,757.42,credit,2024-09-24 04:05:06.750675,USD
7321,1470,1958.91,debit,2024-09-24 04:57:40.666066,USD
7322,1131,614.76,credit,2024-09-24 05:50:14.581458,USD
7323,1086,537.8,credit,2024-09-24 06:42:48.496849,USD
7324,1687,267.47,debit,2024-09-24 07:35:22.412241,GBP
7325,1182,1026.91,debit,2024-09-24 08:27:56.327632,USD
7326,1367,315.81,credit,2024-09-24 09:20:30.243024,USD
7327,1128,1236.43,debit,2024-09-24 10:13:04.158415,USD
7328,1245,318.77,credit,2024-09-24 11:05:38.073807,EUR
7329,1600,1157.58,credit,2024-09-24 11:58:11.989198,USD
7330,1577,1654.28,credit,2024-09-24 12:50:45.904590,USD
7331,1669,,debit,2024-09-24 13:43:19.819982,USD
7332,1898,845.3,credit,2024-09-24 14:35:53.735373,USD
7333,1377,927.49,debit,2024-09-24 15:28:27.650765,USD
7334,1148,1584.23,credit,2024-09-24 16:21:01.566156,GBP
7335,1984,941.15,debit,2024-09-24 17:13:35.481548,USD
7336,1851,1139.4,debit,2024-09-24 18:06:09.396939,USD
7337,1432,1584.5,credit,2024-09-24 18:58:43.312331,USD
7338,1627,1123.92,credit,2024-09-24 19:51:17.227722,EUR
7339,1725,723.02,debit,2024-09-24 20:43:51.143114,USD
7340,1468,180.83,credit,2024-09-24 21:36:25.058505,USD
7341,1445,1462.53,credit,2024-09-24 22:28:58.973897,USD
7342,1480,1743.56,credit,2024-09-24 23:21:32.889288,GBP
7343,1883,1940.43,credit,2024-09-25 00:14:06.804680,USD
7344,1293,1853.93,credit,2024-09-25 01:06:40.720072,USD
7345,1764,1596.86,credit,2024-09-25 01:59:14.635463,USD
7346,1142,1290.51,debit,2024-09-25 02:51:48.550855,USD
7347,1249,1565.11,credit,2024-09-25 03:44:22.466246,EUR
7348,1877,869.85,credit,2024-09-25 04:36:56.381638,EUR
7349,1947,1193.6,debit,2024-09-25 05:29:30.297029,USD
7350,1974,703.91,debit,2024-09-25 06:22:04.212421,USD
7351,1301,660.15,credit,2024-09-25 07:14:38.127812,USD
7352,1024,,credit,2024-09-25 08:07:12.043204,USD
7353,1788,913.33,credit,2024-09-25 08:59:45.958595,EUR
7354,1983,432.2,credit,2024-09-25 09:52:19.873987,USD
7355,1888,411.86,debit,2024-09-25 10:44:53.789378,USD
7356,1889,1719.75,debit,2024-09-25 11:37:27.704770,USD
7357,1900,1358.74,debit,2024-09-25 12:30:01.620162,EUR
7358,1069,1096.63,debit,2024-09-25 13:22:35.535553,EUR
7359,1624,807.87,credit,2024-09-25 14:15:09.450945,USD
7360,1874,867.33,debit,2024-09-25 15:07:43.366336,USD
7361,1111,124.3,debit,2024-09-25 16:00:17.281728,GBP
7362,1363,915.27,credit,2024-09-25 16:52:51.197119,USD
7363,1302,1592.96,credit,2024-09-25 17:45:25.112511,USD
7364,1470,782.09,credit,2024-09-25 18:37:59.027902,EUR
7365,1963,773.33,credit,2024-09-25 19:30:32.943294,USD
7366,1090,41.28,debit,2024-09-25 20:23:06.858685,USD
7367,1529,921.09,debit,2024-09-25 21:15:40.774077,EUR
7368,1660,60.42,debit,2024-09-25 22:08:14.689468,USD
7369,1987,1145.0,debit,2024-09-25 23:00:48.604860,USD
7370,1738,1018.5,debit,2024-09-25 23:53:22.520252,USD
7371,1725,1681.62,credit,2024-09-26 00:45:56.435643,GBP
7372,1871,1167.74,credit,2024-09-26 01:38:30.351035,USD
7373,1662,653.62,debit,2024-09-26 02:31:04.266426,EUR
7374,1191,1037.3,debit,2024-09-26 03:23:38.181818,USD
7375,1962,1402.42,debit,2024-09-26 04:16:12.097209,USD
7376,1551,196.99,credit,2024-09-26 05:08:46.012601,USD
7377,1241,1245.94,debit,2024-09-26 06:01:19.927992,EUR
7378,1137,1834.09,debit,2024-09-26 06:53:53.843384,USD
7379,1344,605.27,credit,2024-09-26 07:46:27.758775,EUR
7380,1179,1256.98,debit,2024-09-26 08:39:01.674167,USD
7381,1711,1644.45,credit,2024-09-26 09:31:35.589558,EUR
7382,1502,1028.49,credit,2024-09-26 10:24:09.504950,USD
7383,1202,1438.78,debit,2024-09-26 11:16:43.420342,USD
7384,1572,628.91,credit,2024-09-26 12:09:17.335733,USD
7385,1191,619.06,credit,2024-09-26 13:01:51.251125,USD
7386,1004,1338.49,debit,2024-09-26 13:54:25.166516,USD
7387,1889,1413.76,debit,2024-09-26 14:46:59.081908,USD
7388,1236,1874.65,credit,2024-09-26 15:39:32.997299,USD
7389,1692,457.43,debit,2024-09-26 16:32:06.912691,USD
7390,1310,941.75,credit,2024-09-26 17:24:40.828082,USD
7391,1548,508.52,debit,2024-09-26 18:17:14.743474,USD
7392,1055,169.38,debit,2024-09-26 19:09:48.658865,GBP
7393,1442,812.43,credit,2024-09-26 20:02:22.574257,USD
7394,1236,754.42,credit,2024-09-26 20:54:56.489648,EUR
7395,1869,548.16,credit,2024-09-26 21:47:30.405040,USD
7396,1860,601.02,credit,2024-09-26 22:40:04.320432,USD
7397,1196,727.22,debit,2024-09-26 23:32:38.235823,USD
7398,1584,1977.79,credit,2024-09-27 00:25:12.151215,USD
7399,1570,1568.09,credit,2024-09-27 01:17:46.066606,USD
7400,1751,152.09,debit,2024-09-27 02:10:19.981998,USD
7401,1513,1746.1,credit,2024-09-27 03:02:53.897389,USD
7402,1448,1270.27,credit,2024-09-27 03:55:27.812781,USD
7403,1359,1782.28,credit,2024-09-27 04:48:01.728172,EUR
7404,1699,690.0,debit,2024-09-27 05:40:35.643564,USD
7405,1818,934.39,debit,2024-09-27 06:33:09.558955,USD
7406,1029,1793.49,debit,2024-09-27 07:25:43.474347,USD
7407,1778,552.42,credit,2024-09-27 08:18:17.389738,EUR
7408,1987,1831.85,credit,2024-09-27 09:10:51.305130,USD
7409,1107,1658.71,credit,2024-09-27 10:03:25.220522,USD
7410,1843,1961.31,credit,2024-09-27 10:55:59.135913,USD
7411,1934,655.27,credit,2024-09-27 11:48:33.051305,USD
7412,1601,479.15,credit,2024-09-27 12:41:06.966696,EUR
7413,1716,668.43,credit,2024-09-27 13:33:40.882088,USD
7414,1890,1909.75,debit,2024-09-27 14:26:14.797479,GBP
7415,1967,672.82,credit,2024-09-27 15:18:48.712871,EUR
7416,1958,1134.77,credit,2024-09-27 16:11:22.628262,USD
7417,1959,813.32,debit,2024-09-27 17:03:56.543654,USD
7418,1444,798.48,credit,2024-09-27 17:56:30.459045,GBP
7419,1892,394.82,credit,2024-09-27 18:49:04.374437,USD
7420,1437,1078.79,debit,2024-09-27 19:41:38.289828,EUR
7421,1731,1700.31,debit,2024-09-27 20:34:12.205220,GBP
7422,1889,108.48,credit,2024-09-27 21:26:46.120612,EUR
7423,1605,1779.56,debit,2024-09-27 22:19:20.036003,EUR
7424,1456,1334.29,credit,2024-09-27 23:11:53.951395,EUR
7425,1614,1237.31,debit,2024-09-28 00:04:27.866786,USD
7426,1734,1255.54,debit,2024-09-28 00:57:01.782178,USD
7427,1697,599.58,credit,2024-09-28 01:49:35.697569,USD
7428,1980,836.14,debit,2024-09-28 02:42:09.612961,EUR
7429,1695,1600.59,debit,2024-09-28 03:34:43.528352,GBP
7430,1494,,credit,2024-09-28 04:27:17.443744,USD
7431,1673,945.34,debit,2024-09-28 05:19:51.359135,USD
7432,1246,49.07,credit,2024-09-28 06:12:25.274527,USD
7433,1542,1469.78,credit,2024-09-28 07:04:59.189918,EUR
7434,1563,841.23,debit,2024-09-28 07:57:33.105310,USD
7435,1856,1055.46,credit,2024-09-28 08:50:07.020702,USD
7436,1587,238.23,credit,2024-09-28 09:42:40.936093,GBP
7437,1896,1983.51,debit,2024-09-28 10:35:14.851485,USD
7438,1438,611.91,debit,2024-09-28 11:27:48.766876,GBP
7439,1277,1273.63,debit,2024-09-28 12:20:22.682268,GBP
7440,1551,1166.66,credit,2024-09-28 13:12:56.597659,GBP
7441,1612,1572.33,credit,2024-09-28 14:05:30.513051,USD
7442,1110,594.74,credit,2024-09-28 14:58:04.428442,USD
7443,1384,1514.3,credit,2024-09-28 15:50:38.343834,EUR
7444,1832,771.18,debit,2024-09-28 16:43:12.259225,USD
7445,1760,828.21,debit,2024-09-28 17:35:46.174617,USD
7446,1190,1348.7,credit,2024-09-28 18:28:20.090009,GBP
7447,1489,1570.73,credit,2024-09-28 19:20:54.005400,USD
7448,1693,1337.06,debit,2024-09-28 20:13:27.920792,USD
7449,1425,1800.76,debit,2024-09-28 21:06:01.836183,USD
7450,1404,577.47,credit,2024-09-28 21:58:35.751575,EUR
7451,1334,1802.23,debit,2024-09-28 22:51:09.666966,EUR
7452,1208,270.42,credit,2024-09-28 23:43:43.582358,USD
7453,1021,1322.47,debit,2024-09-29 00:36:17.497749,USD
7454,1677,1099.78,debit,2024-09-29 01:28:51.413141,USD
7455,1610,994.33,debit,2024-09-29 02:21:25.328532,USD
7456,1207,628.71,credit,2024-09-29 03:13:59.243924,USD
7457,1007,1012.43,credit,2024-09-29 04:06:33.159315,USD
7458,1701,331.93,credit,2024-09-29 04:59:07.074707,USD
7459,1686,744.95,debit,2024-09-29 05:51:40.990099,USD
7460,1784,206.38,debit,2024-09-29 06:44:14.905490,EUR
7461,1528,1147.97,debit,2024-09-29 07:36:48.820882,USD
7462,1601,200.58,debit,2024-09-29 08:29:22.736273,GBP
7463,1652,329.09,debit,2024-09-29 09:21:56.651665,EUR
7464,1656,180.08,credit,2024-09-29 10:14:30.567056,USD
7465,1165,768.81,debit,2024-09-29 11:07:04.482448,USD
7466,1848,1685.5,credit,2024-09-29 11:59:38.397839,EUR
7467,1495,1814.72,credit,2024-09-29 12:52:12.313231,GBP
7468,1589,153.06,credit,2024-09-29 13:44:46.228622,USD
7469,1428,1272.75,credit,2024-09-29 14:37:20.144014,USD
7470,1773,1371.93,debit,2024-09-29 15:29:54.059405,USD
7471,1162,1072.2,credit,2024-09-29 16:22:27.974797,USD
7472,1365,1337.3,credit,2024-09-29 17:15:01.890189,USD
7473,1525,475.04,debit,2024-09-29 18:07:35.805580,USD
7474,1238,984.39,debit,2024-09-29 19:00:09.720972,USD
7475,1071,787.84,credit,2024-09-29 19:52:43.636363,USD
7476,1444,188.52,credit,2024-09-29 20:45:17.551755,EUR
7477,1654,1254.86,credit,2024-09-29 21:37:51.467146,EUR
7478,1821,995.48,debit,2024-09-29 22:30:25.382538,GBP
7479,1508,557.6,debit,2024-09-29 23:22:59.297929,USD
7480,1794,952.63,credit,2024-09-30 00:15:33.213321,USD
7481,1268,1552.84,debit,2024-09-30 01:08:07.128712,EUR
7482,1752,1605.3,credit,2024-09-30 02:00:41.044104,USD
7483,1414,1302.56,credit,2024-09-30 02:53:14.959495,USD
7484,1244,940.82,credit,2024-09-30 03:45:48.874887,USD
7485,1674,1155.74,credit,2024-09-30 04:38:22.790279,GBP
7486,1059,776.18,debit,2024-09-30 05:30:56.705670,USD
7487,1005,261.85,credit,2024-09-30 06:23:30.621062,USD
7488,1708,777.38,credit,2024-09-30 07:16:04.536453,USD
7489,1981,1065.36,credit,2024-09-30 08:08:38.451845,GBP
7490,1569,1201.68,credit,2024-09-30 09:01:12.367236,USD
7491,1816,1872.24,credit,2024-09-30 09:53:46.282628,USD
7492,1406,1556.89,credit,2024-09-30 10:46:20.198019,USD
7493,1216,312.47,credit,2024-09-30 11:38:54.113411,USD
7494,1929,356.62,credit,2024-09-30 12:31:28.028802,USD
7495,1025,209.98,debit,2024-09-30 13:24:01.944194,USD
7496,1814,1478.98,debit,2024-09-30 14:16:35.859585,GBP
7497,1004,1415.18,credit,2024-09-30 15:09:09.774977,EUR
7498,1985,1972.86,credit,2024-09-30 16:01:43.690369,USD
7499,1531,1048.83,debit,2024-09-30 16:54:17.605760,USD
7500,1389,1654.57,credit,2024-09-30 17:46:51.521152,USD
7501,1709,1157.12,credit,2024-09-30 18:39:25.436543,EUR
7502,1570,1749.43,debit,2024-09-30 19:31:59.351935,USD
7503,1447,1444.83,debit,2024-09-30 20:24:33.267326,USD
7504,1753,1289.34,credit,2024-09-30 21:17:07.182718,USD
7505,1145,1134.59,credit,2024-09-30 22:09:41.098109,USD
7506,1387,1448.71,credit,2024-09-30 23:02:15.013501,USD
7507,1784,845.11,debit,2024-09-30 23:54:48.928892,USD
7508,1248,202.19,credit,2024-10-01 00:47:22.844284,USD
7509,1525,89.57,credit,2024-10-01 01:39:56.759675,EUR
7510,1461,963.26,credit,2024-10-01 02:32:30.675067,GBP
7511,1012,1202.59,credit,2024-10-01 03:25:04.590459,USD
7512,1902,166.91,credit,2024-10-01 04:17:38.505850,USD
7513,1383,580.94,credit,2024-10-01 05:10:12.421242,USD
7514,1555,650.84,credit,2024-10-01 06:02:46.336633,USD
7515,1886,1129.96,debit,2024-10-01 06:55:20.252025,USD
7516,1398,564.18,credit,2024-10-01 07:47:54.167416,USD
7517,1018,200.34,debit,2024-10-01 08:40:28.082808,EUR
7518,1574,338.06,credit,2024-10-01 09:33:01.998199,USD
7519,1490,356.16,debit,2024-10-01 10:25:35.913591,USD
7520,1750,1686.96,debit,2024-10-01 11:18:09.828982,USD
7521,1418,575.8,credit,2024-10-01 12:10:43.744374,USD
7522,1336,1432.24,debit,2024-10-01 13:03:17.659765,EUR
7523,1418,1140.0,credit,2024-10-01 13:55:51.575157,EUR
7524,1914,1954.31,debit,2024-10-01 14:48:25.490549,USD
7525,1915,552.92,credit,2024-10-01 15:40:59.405940,EUR
7526,1611,325.16,credit,2024-10-01 16:33:33.321332,USD
7527,1674,113.56,credit,2024-10-01 17:26:07.236723,EUR
7528,1927,489.51,credit,2024-10-01 18:18:41.152115,USD
7529,1121,1371.3,debit,2024-10-01 19:11:15.067506,USD
7530,1431,179.66,credit,2024-10-01 20:03:48.982898,USD
7531,1043,496.96,credit,2024-10-01 20:56:22.898289,USD
7532,1871,1712.06,debit,2024-10-01 21:48:56.813681,GBP
7533,1919,1170.08,debit,2024-10-01 22:41:30.729072,USD
7534,1316,148.35,debit,2024-10-01 23:34:04.644464,USD
7535,1380,104.89,debit,2024-10-02 00:26:38.559855,GBP
7536,1144,131.63,credit,2024-10-02 01:19:12.475247,USD
7537,1326,1884.33,credit,2024-10-02 02:11:46.390639,USD
7538,1362,1701.24,credit,2024-10-02 03:04:20.306030,EUR
7539,1049,1691.43,debit,2024-10-02 03:56:54.221422,GBP
7540,1064,1849.19,credit,2024-10-02 04:49:28.136813,USD
7541,1354,1015.46,credit,2024-10-02 05:42:02.052205,USD
7542,1799,502.22,credit,2024-10-02 06:34:35.967596,GBP
7543,1163,808.68,credit,2024-10-02 07:27:09.882988,USD
7544,1140,1440.54,credit,2024-10-02 08:19:43.798379,USD
7545,1965,1753.31,debit,2024-10-02 09:12:17.713771,USD
7546,1825,875.83,credit,2024-10-02 10:04:51.629162,USD
7547,1127,1075.41,credit,2024-10-02 10:57:25.544554,USD
7548,1397,1864.25,debit,2024-10-02 11:49:59.459945,EUR
7549,1932,223.92,debit,2024-10-02 12:42:33.375337,USD
7550,1879,1725.98,credit,2024-10-02 13:35:07.290729,EUR
7551,1462,327.02,debit,2024-10-02 14:27:41.206120,USD
7552,1750,972.88,debit,2024-10-02 15:20:15.121512,USD
7553,1835,444.66,credit,2024-10-02 16:12:49.036903,USD
7554,1807,1209.87,debit,2024-10-02 17:05:22.952295,EUR
7555,1186,1121.56,debit,2024-10-02 17:57:56.867686,USD
7556,1719,766.21,credit,2024-10-02 18:50:30.783078,USD
7557,1731,1727.97,credit,2024-10-02 19:43:04.698469,GBP
7558,1911,1323.03,credit,2024-10-02 20:35:38.613861,GBP
7559,1189,1445.2,debit,2024-10-02 21:28:12.529252,USD
7560,1387,309.81,credit,2024-10-02 22:20:46.444644,USD
7561,1428,1767.5,debit,2024-10-02 23:13:20.360036,USD
7562,1857,342.41,credit,2024-10-03 00:05:54.275427,USD
7563,1283,453.34,credit,2024-10-03 00:58:28.190819,GBP
7564,1863,264.83,credit,2024-10-03 01:51:02.106210,USD
7565,1236,886.31,credit,2024-10-03 02:43:36.021602,USD
7566,1193,1776.54,debit,2024-10-03 03:36:09.936993,USD
7567,1286,512.37,debit,2024-10-03 04:28:43.852385,USD
7568,1770,753.77,credit,2024-10-03 05:21:17.767776,EUR
7569,1757,1693.67,credit,2024-10-03 06:13:51.683168,EUR
7570,1135,1239.45,debit,2024-10-03 07:06:25.598559,USD
7571,1791,1505.72,debit,2024-10-03 07:58:59.513951,USD
7572,1782,,debit,2024-10-03 08:51:33.429342,USD
7573,1170,1435.81,credit,2024-10-03 09:44:07.344734,USD
7574,1158,462.95,debit,2024-10-03 10:36:41.260126,USD
7575,1200,1974.75,debit,2024-10-03 11:29:15.175517,GBP
7576,1486,1124.17,credit,2024-10-03 12:21:49.090909,USD
7577,1556,1394.32,credit,2024-10-03 13:14:23.006300,USD
7578,1961,245.62,credit,2024-10-03 14:06:56.921692,USD
7579,1775,,debit,2024-10-03 14:59:30.837083,USD
7580,1582,288.08,credit,2024-10-03 15:52:04.752475,USD
7581,1503,786.44,credit,2024-10-03 16:44:38.667866,EUR
7582,1875,575.43,credit,2024-10-03 17:37:12.583258,USD
7583,1370,1468.52,credit,2024-10-03 18:29:46.498649,USD
7584,1102,226.33,credit,2024-10-03 19:22:20.414041,USD
7585,1124,1506.6,debit,2024-10-03 20:14:54.329432,USD
7586,1312,100.95,credit,2024-10-03 21:07:28.244824,USD
7587,1975,412.02,credit,2024-10-03 22:00:02.160216,USD
7588,1994,1586.01,credit,2024-10-03 22:52:36.075607,EUR
7589,1797,1488.13,credit,2024-10-03 23:45:09.990999,EUR
7590,1457,957.89,credit,2024-10-04 00:37:43.906390,GBP
7591,1229,109.47,credit,2024-10-04 01:30:17.821782,USD
7592,1657,1223.69,credit,2024-10-04 02:22:51.737173,USD
7593,1881,819.38,debit,2024-10-04 03:15:25.652565,USD
7594,1196,639.89,credit,2024-10-04 04:07:59.567956,USD
7595,1884,1284.42,debit,2024-10-04 05:00:33.483348,USD
7596,1732,878.86,credit,2024-10-04 05:53:07.398739,USD
7597,1422,193.92,credit,2024-10-04 06:45:41.314131,EUR
7598,1571,1832.74,debit,2024-10-04 07:38:15.229522,USD
7599,1609,1559.2,credit,2024-10-04 08:30:49.144914,GBP
7600,1170,122.19,debit,2024-10-04 09:23:23.060306,USD
7601,1381,1054.88,credit,2024-10-04 10:15:56.975697,USD
7602,1172,175.92,credit,2024-10-04 11:08:30.891089,EUR
7603,1662,1676.21,credit,2024-10-04 12:01:04.806480,USD
7604,1452,1229.9,debit,2024-10-04 12:53:38.721872,EUR
7605,1349,353.17,debit,2024-10-04 13:46:12.637263,USD
7606,1901,,credit,2024-10-04 14:38:46.552655,USD
7607,1951,72.85,credit,2024-10-04 15:31:20.468046,USD
7608,1633,1019.66,credit,2024-10-04 16:23:54.383438,USD
7609,1493,1471.4,debit,2024-10-04 17:16:28.298829,EUR
7610,1619,250.47,credit,2024-10-04 18:09:02.214221,USD
7611,1003,450.36,credit,2024-10-04 19:01:36.129612,USD
7612,1092,661.25,credit,2024-10-04 19:54:10.045004,EUR
7613,1918,443.97,debit,2024-10-04 20:46:43.960396,GBP
7614,1005,788.76,credit,2024-10-04 21:39:17.875787,USD
7615,1287,1123.63,debit,2024-10-04 22:31:51.791179,USD
7616,1617,1373.02,debit,2024-10-04 23:24:25.706570,EUR
7617,1145,1927.91,credit,2024-10-05 00:16:59.621962,EUR
7618,1782,1862.38,credit,2024-10-05 01:09:33.537353,GBP
7619,1423,1144.55,debit,2024-10-05 02:02:07.452745,USD
7620,1889,1470.96,credit,2024-10-05 02:54:41.368136,USD
7621,1607,1902.24,credit,2024-10-05 03:47:15.283528,USD
7622,1456,176.11,debit,2024-10-05 04:39:49.198919,USD
7623,1740,21.21,debit,2024-10-05 05:32:23.114311,USD
7624,1201,69.3,debit,2024-10-05 06:24:57.029702,USD
7625,1211,1131.07,debit,2024-10-05 07:17:30.945094,USD
7626,1005,1528.04,credit,2024-10-05 08:10:04.860486,USD
7627,1623,740.48,credit,2024-10-05 09:02:38.775877,EUR
7628,1375,1095.03,credit,2024-10-05 09:55:12.691269,EUR
7629,1890,1037.57,credit,2024-10-05 10:47:46.606660,USD
7630,1446,198.59,credit,2024-10-05 11:40:20.522052,EUR
7631,1834,649.96,credit,2024-10-05 12:32:54.437443,GBP
7632,1105,48.68,debit,2024-10-05 13:25:28.352835,USD
7633,1650,230.3,debit,2024-10-05 14:18:02.268226,USD
7634,1810,1625.6,debit,2024-10-05 15:10:36.183618,USD
7635,1400,1660.53,credit,2024-10-05 16:03:10.099009,USD
7636,1095,1605.87,debit,2024-10-05 16:55:44.014401,USD
7637,1387,1456.37,credit,2024-10-05 17:48:17.929792,USD
7638,1958,1588.69,credit,2024-10-05 18:40:51.845184,USD
7639,1451,1345.25,debit,2024-10-05 19:33:25.760576,USD
7640,1848,1342.97,credit,2024-10-05 20:25:59.675967,USD
7641,1808,1338.05,debit,2024-10-05 21:18:33.591359,USD
7642,1978,1032.95,credit,2024-10-05 22:11:07.506750,USD
7643,1900,733.06,credit,2024-10-05 23:03:41.422142,USD
7644,1415,1463.09,credit,2024-10-05 23:56:15.337533,USD
7645,1725,604.31,debit,2024-10-06 00:48:49.252925,EUR
7646,1503,1090.38,credit,2024-10-06 01:41:23.168316,USD
7647,1453,872.38,debit,2024-10-06 02:33:57.083708,USD
7648,1290,560.48,debit,2024-10-06 03:26:30.999099,GBP
7649,1533,1949.63,debit,2024-10-06 04:19:04.914491,EUR
7650,1192,524.92,credit,2024-10-06 05:11:38.829882,USD
7651,1979,625.49,credit,2024-10-06 06:04:12.745274,USD
7652,1149,331.56,debit,2024-10-06 06:56:46.660666,USD
7653,1879,1647.73,debit,2024-10-06 07:49:20.576057,USD
7654,1758,1177.31,debit,2024-10-06 08:41:54.491449,USD
7655,1778,1229.95,credit,2024-10-06 09:34:28.406840,USD
7656,1972,1642.92,credit,2024-10-06 10:27:02.322232,EUR
7657,1762,692.41,credit,2024-10-06 11:19:36.237623,USD
7658,1514,395.33,debit,2024-10-06 12:12:10.153015,USD
7659,1392,404.83,credit,2024-10-06 13:04:44.068406,USD
7660,1315,1467.91,debit,2024-10-06 13:57:17.983798,GBP
7661,1075,1232.09,debit,2024-10-06 14:49:51.899189,USD
7662,1598,420.61,credit,2024-10-06 15:42:25.814581,USD
7663,1269,298.68,credit,2024-10-06 16:34:59.729973,USD
7664,1224,250.17,debit,2024-10-06 17:27:33.645364,USD
7665,1529,1259.32,credit,2024-10-06 18:20:07.560756,USD
7666,1112,10.24,credit,2024-10-06 19:12:41.476147,EUR
7667,1250,46.46,credit,2024-10-06 20:05:15.391539,USD
7668,1232,785.21,credit,2024-10-06 20:57:49.306930,USD
7669,1840,1385.79,debit,2024-10-06 21:50:23.222322,USD
7670,1790,1393.13,credit,2024-10-06 22:42:57.137713,EUR
7671,1713,865.94,credit,2024-10-06 23:35:31.053105,USD
7672,1082,1385.24,debit,2024-10-07 00:28:04.968496,EUR
7673,1124,1046.98,credit,2024-10-07 01:20:38.883888,USD
7674,1174,1954.09,credit,2024-10-07 02:13:12.799279,USD
7675,1068,333.3,debit,2024-10-07 03:05:46.714671,EUR
7676,1046,1205.33,debit,2024-10-07 03:58:20.630063,USD
7677,1883,987.57,credit,2024-10-07 04:50:54.545454,USD
7678,1255,396.99,credit,2024-10-07 05:43:28.460846,USD
7679,1726,1502.48,debit,2024-10-07 06:36:02.376237,USD
7680,1029,,debit,2024-10-07 07:28:36.291629,USD
7681,1280,769.6,credit,2024-10-07 08:21:10.207020,USD
7682,1923,755.91,credit,2024-10-07 09:13:44.122412,USD
7683,1993,495.97,credit,2024-10-07 10:06:18.037803,USD
7684,1236,867.1,debit,2024-10-07 10:58:51.953195,USD
7685,1247,951.96,credit,2024-10-07 11:51:25.868586,USD
7686,1367,1491.0,debit,2024-10-07 12:43:59.783978,USD
7687,1494,1532.49,credit,2024-10-07 13:36:33.699369,USD
7688,1024,325.53,debit,2024-10-07 14:29:07.614761,EUR
7689,1585,1189.62,debit,2024-10-07 15:21:41.530153,USD
7690,1717,1793.43,credit,2024-10-07 16:14:15.445544,USD
7691,1489,226.49,credit,2024-10-07 17:06:49.360936,USD
7692,1493,951.1,credit,2024-10-07 17:59:23.276327,USD
7693,1313,1503.2,credit,2024-10-07 18:51:57.191719,USD
7694,1605,,credit,2024-10-07 19:44:31.107110,USD
7695,1374,210.17,credit,2024-10-07 20:37:05.022502,USD
7696,1638,799.25,debit,2024-10-07 21:29:38.937893,USD
7697,1936,1019.41,debit,2024-10-07 22:22:12.853285,USD
7698,1024,1991.73,debit,2024-10-07 23:14:46.768676,USD
7699,1333,365.43,credit,2024-10-08 00:07:20.684068,USD
7700,1354,1965.02,credit,2024-10-08 00:59:54.599459,USD
7701,1115,758.54,credit,2024-10-08 01:52:28.514851,USD
7702,1047,408.64,credit,2024-10-08 02:45:02.430243,GBP
7703,1737,834.08,credit,2024-10-08 03:37:36.345634,USD
7704,1777,1231.85,credit,2024-10-08 04:30:10.261026,USD
7705,1098,434.86,debit,2024-10-08 05:22:44.176417,EUR
7706,1458,589.96,credit,2024-10-08 06:15:18.091809,USD
7707,1522,1710.55,credit,2024-10-08 07:07:52.007200,GBP
7708,1596,1998.03,credit,2024-10-08 08:00:25.922592,USD
7709,1404,643.16,debit,2024-10-08 08:52:59.837983,USD
7710,1213,306.23,credit,2024-10-08 09:45:33.753375,USD
7711,1684,1588.41,credit,2024-10-08 10:38:07.668766,USD
7712,1902,1204.91,credit,2024-10-08 11:30:41.584158,GBP
7713,1502,209.8,credit,2024-10-08 12:23:15.499549,EUR
7714,1720,1894.08,debit,2024-10-08 13:15:49.414941,USD
7715,1447,165.32,credit,2024-10-08 14:08:23.330333,USD
7716,1893,1254.46,credit,2024-10-08 15:00:57.245724,EUR
7717,1575,853.64,credit,2024-10-08 15:53:31.161116,EUR
7718,1257,1117.68,debit,2024-10-08 16:46:05.076507,USD
7719,1843,434.3,credit,2024-10-08 17:38:38.991899,EUR
7720,1120,1379.34,credit,2024-10-08 18:31:12.907290,EUR
7721,1809,1919.84,credit,2024-10-08 19:23:46.822682,USD
7722,1977,922.27,credit,2024-10-08 20:16:20.738073,USD
7723,1053,1050.69,credit,2024-10-08 21:08:54.653465,GBP
7724,1330,487.23,credit,2024-10-08 22:01:28.568856,USD
7725,1783,1784.82,credit,2024-10-08 22:54:02.484248,USD
7726,1240,1942.64,credit,2024-10-08 23:46:36.399639,USD
7727,1754,1574.73,debit,2024-10-09 00:39:10.315031,GBP
7728,1529,1090.12,credit,2024-10-09 01:31:44.230423,USD
7729,1482,1914.03,credit,2024-10-09 02:24:18.145814,USD
7730,1186,316.16,credit,2024-10-09 03:16:52.061206,USD
7731,1857,962.2,credit,2024-10-09 04:09:25.976597,USD
7732,1655,1079.84,credit,2024-10-09 05:01:59.891989,GBP
7733,1261,988.91,credit,2024-10-09 05:54:33.807380,GBP
7734,1952,1606.81,credit,2024-10-09 06:47:07.722772,USD
7735,1363,1344.1,credit,2024-10-09 07:39:41.638163,USD
7736,1490,262.05,credit,2024-10-09 08:32:15.553555,USD
7737,1430,699.44,debit,2024-10-09 09:24:49.468946,USD
7738,1238,684.76,credit,2024-10-09 10:17:23.384338,EUR
7739,1303,1135.61,credit,2024-10-09 11:09:57.299729,EUR
7740,1297,590.0,credit,2024-10-09 12:02:31.215121,USD
7741,1075,243.37,credit,2024-10-09 12:55:05.130513,USD
7742,1699,1310.83,credit,2024-10-09 13:47:39.045904,USD
7743,1332,1703.56,credit,2024-10-09 14:40:12.961296,USD
7744,1899,1863.9,credit,2024-10-09 15:32:46.876687,USD
7745,1998,1945.43,credit,2024-10-09 16:25:20.792079,USD
7746,1757,1564.42,credit,2024-10-09 17:17:54.707470,USD
7747,1641,288.01,credit,2024-10-09 18:10:28.622862,USD
7748,1473,1707.69,debit,2024-10-09 19:03:02.538253,GBP
7749,1826,805.92,debit,2024-10-09 19:55:36.453645,USD
7750,1922,1462.52,debit,2024-10-09 20:48:10.369036,EUR
7751,1282,1067.22,credit,2024-10-09 21:40:44.284428,USD
7752,1590,1658.93,debit,2024-10-09 22:33:18.199819,USD
7753,1071,856.76,credit,2024-10-09 23:25:52.115211,USD
7754,1262,132.97,debit,2024-10-10 00:18:26.030603,USD
7755,1702,1118.08,debit,2024-10-10 01:10:59.945994,USD
7756,1878,350.87,debit,2024-10-10 02:03:33.861386,USD
7757,1886,1931.38,credit,2024-10-10 02:56:07.776777,EUR
7758,1941,1058.66,credit,2024-10-10 03:48:41.692169,GBP
7759,1574,1111.58,credit,2024-10-10 04:41:15.607560,USD
7760,1999,1815.46,credit,2024-10-10 05:33:49.522952,USD
7761,1891,1252.92,credit,2024-10-10 06:26:23.438343,USD
7762,1011,612.43,credit,2024-10-10 07:18:57.353735,USD
7763,1140,599.23,credit,2024-10-10 08:11:31.269126,USD
7764,1765,1008.14,debit,2024-10-10 09:04:05.184518,EUR
7765,1554,1734.55,credit,2024-10-10 09:56:39.099909,USD
7766,1016,1591.51,credit,2024-10-10 10:49:13.015301,EUR
7767,1062,1925.85,debit,2024-10-10 11:41:46.930693,USD
7768,1252,153.05,debit,2024-10-10 12:34:20.846084,USD
7769,1464,543.97,credit,2024-10-10 13:26:54.761476,USD
7770,1375,169.61,credit,2024-10-10 14:19:28.676867,USD
7771,1803,1504.65,credit,2024-10-10 15:12:02.592259,GBP
7772,1980,290.26,credit,2024-10-10 16:04:36.507650,EUR
7773,1519,208.77,debit,2024-10-10 16:57:10.423042,USD
7774,1836,1127.73,debit,2024-10-10 17:49:44.338433,GBP
7775,1089,828.85,credit,2024-10-10 18:42:18.253825,USD
7776,1719,1433.05,debit,2024-10-10 19:34:52.169216,USD
7777,1803,979.16,debit,2024-10-10 20:27:26.084608,EUR
7778,1795,856.42,debit,2024-10-10 21:20:00.000000,USD
7779,1629,856.75,debit,2024-10-10 22:12:33.915391,USD
7780,1860,1745.03,credit,2024-10-10 23:05:07.830783,USD
7781,1174,796.5,credit,2024-10-10 23:57:41.746174,USD
7782,1075,673.46,credit,2024-10-11 00:50:15.661566,USD
7783,1612,683.68,debit,2024-10-11 01:42:49.576957,USD
7784,1925,401.24,debit,2024-10-11 02:35:23.492349,USD
7785,1662,1722.77,credit,2024-10-11 03:27:57.407740,USD
7786,1399,301.8,credit,2024-10-11 04:20:31.323132,USD
7787,1781,1818.14,credit,2024-10-11 05:13:05.238523,EUR
7788,1969,574.1,debit,2024-10-11 06:05:39.153915,USD
7789,1070,1799.86,credit,2024-10-11 06:58:13.069306,USD
7790,1179,1583.73,credit,2024-10-11 07:50:46.984698,USD
7791,1123,1168.16,credit,2024-10-11 08:43:20.900090,USD
7792,1380,1342.25,debit,2024-10-11 09:35:54.815481,USD
7793,1292,658.43,debit,2024-10-11 10:28:28.730873,EUR
7794,1796,1152.71,credit,2024-10-11 11:21:02.646264,USD
7795,1194,591.88,credit,2024-10-11 12:13:36.561656,USD
7796,1910,810.52,debit,2024-10-11 13:06:10.477047,EUR
7797,1227,,debit,2024-10-11 13:58:44.392439,EUR
7798,1430,495.43,credit,2024-10-11 14:51:18.307830,USD
7799,1941,1679.3,credit,2024-10-11 15:43:52.223222,USD
7800,1435,758.01,credit,2024-10-11 16:36:26.138613,USD
7801,1786,1069.02,credit,2024-10-11 17:29:00.054005,USD
7802,1460,1884.5,credit,2024-10-11 18:21:33.969396,USD
7803,1617,1365.7,credit,2024-10-11 19:14:07.884788,USD
7804,1020,1294.75,credit,2024-10-11 20:06:41.800180,USD
7805,1063,1426.1,debit,2024-10-11 20:59:15.715571,EUR
7806,1164,1837.04,credit,2024-10-11 21:51:49.630963,USD
7807,1026,504.54,credit,2024-10-11 22:44:23.546354,USD
7808,1310,1230.35,credit,2024-10-11 23:36:57.461746,USD
7809,1284,806.78,credit,2024-10-12 00:29:31.377137,USD
7810,1659,33.59,credit,2024-10-12 01:22:05.292529,USD
7811,1280,259.35,debit,2024-10-12 02:14:39.207920,USD
7812,1837,656.73,credit,2024-10-12 03:07:13.123312,EUR
7813,1830,1134.35,credit,2024-10-12 03:59:47.038703,USD
7814,1163,1764.13,credit,2024-10-12 04:52:20.954095,USD
7815,1897,1584.32,debit,2024-10-12 05:44:54.869486,USD
7816,1917,1111.13,credit,2024-10-12 06:37:28.784878,EUR
7817,1223,157.0,credit,2024-10-12 07:30:02.700270,EUR
7818,1783,578.95,credit,2024-10-12 08:22:36.615661,EUR
7819,1145,739.75,credit,2024-10-12 09:15:10.531053,USD
7820,1964,1247.22,debit,2024-10-12 10:07:44.446444,EUR
7821,1949,139.2,credit,2024-10-12 11:00:18.361836,EUR
7822,1867,1065.09,debit,2024-10-12 11:52:52.277227,USD
7823,1029,1803.91,credit,2024-10-12 12:45:26.192619,USD
7824,1044,1413.81,debit,2024-10-12 13:38:00.108010,EUR
7825,1786,1596.18,credit,2024-10-12 14:30:34.023402,GBP
7826,1470,,debit,2024-10-12 15:23:07.938793,GBP
7827,1033,421.11,credit,2024-10-12 16:15:41.854185,USD
7828,1652,229.86,credit,2024-10-12 17:08:15.769576,GBP
7829,1426,1660.69,credit,2024-10-12 18:00:49.684968,USD
7830,1829,1394.05,debit,2024-10-12 18:53:23.600360,USD
7831,1885,1154.37,credit,2024-10-12 19:45:57.515751,GBP
7832,1220,386.67,credit,2024-10-12 20:38:31.431143,EUR
7833,1867,1210.66,credit,2024-10-12 21:31:05.346534,USD
7834,1533,72.33,debit,2024-10-12 22:23:39.261926,EUR
7835,1691,246.49,credit,2024-10-12 23:16:13.177317,USD
7836,1947,630.66,credit,2024-10-13 00:08:47.092709,USD
7837,1366,893.04,debit,2024-10-13 01:01:21.008100,GBP
7838,1931,249.92,debit,2024-10-13 01:53:54.923492,GBP
7839,1840,248.68,credit,2024-10-13 02:46:28.838883,USD
7840,1742,1454.53,debit,2024-10-13 03:39:02.754275,USD
7841,1914,,credit,2024-10-13 04:31:36.669666,USD
7842,1549,1072.15,credit,2024-10-13 05:24:10.585058,EUR
7843,1581,910.34,debit,2024-10-13 06:16:44.500450,EUR
7844,1115,1953.32,debit,2024-10-13 07:09:18.415841,GBP
7845,1238,109.1,credit,2024-10-13 08:01:52.331233,USD
7846,1334,369.45,credit,2024-10-13 08:54:26.246624,EUR
7847,1440,1298.54,credit,2024-10-13 09:47:00.162016,EUR
7848,1147,281.37,debit,2024-10-13 10:39:34.077407,USD
7849,1008,1182.87,debit,2024-10-13 11:32:07.992799,USD
7850,1287,1139.84,credit,2024-10-13 12:24:41.908190,USD
7851,1387,1942.3,debit,2024-10-13 13:17:15.823582,EUR
7852,1049,1767.94,credit,2024-10-13 14:09:49.738973,USD
7853,1849,1891.65,debit,2024-10-13 15:02:23.654365,EUR
7854,1516,236.07,credit,2024-10-13 15:54:57.569756,USD
7855,1915,1737.62,credit,2024-10-13 16:47:31.485148,USD
7856,1854,266.89,credit,2024-10-13 17:40:05.400540,EUR
7857,1637,1269.54,debit,2024-10-13 18:32:39.315931,USD
7858,1586,1442.96,credit,2024-10-13 19:25:13.231323,USD
7859,1676,330.1,credit,2024-10-13 20:17:47.146714,USD
7860,1277,1268.99,debit,2024-10-13 21:10:21.062106,USD
7861,1953,114.4,credit,2024-10-13 22:02:54.977497,EUR
7862,1835,593.6,credit,2024-10-13 22:55:28.892889,EUR
7863,1988,1843.11,credit,2024-10-13 23:48:02.808280,USD
7864,1299,351.75,debit,2024-10-14 00:40:36.723672,EUR
7865,1801,139.89,credit,2024-10-14 01:33:10.639063,USD
7866,1588,892.92,credit,2024-10-14 02:25:44.554455,USD
7867,1809,1702.73,credit,2024-10-14 03:18:18.469846,EUR
7868,1648,162.58,debit,2024-10-14 04:10:52.385238,USD
7869,1617,717.52,credit,2024-10-14 05:03:26.300630,USD
7870,1606,1800.55,credit,2024-10-14 05:56:00.216021,EUR
7871,1134,245.13,debit,2024-10-14 06:48:34.131413,USD
7872,1579,628.23,credit,2024-10-14 07:41:08.046804,USD
7873,1146,1559.06,credit,2024-10-14 08:33:41.962196,USD
7874,1489,1090.99,debit,2024-10-14 09:26:15.877587,GBP
7875,1477,1666.34,credit,2024-10-14 10:18:49.792979,USD
7876,1158,232.07,debit,2024-10-14 11:11:23.708370,USD
7877,1383,1841.9,debit,2024-10-14 12:03:57.623762,EUR
7878,1162,1870.47,credit,2024-10-14 12:56:31.539153,EUR
7879,1440,319.07,credit,2024-10-14 13:49:05.454545,USD
7880,1852,77.41,debit,2024-10-14 14:41:39.369936,USD
7881,1188,1979.78,debit,2024-10-14 15:34:13.285328,USD
7882,1414,969.68,credit,2024-10-14 16:26:47.200720,USD
7883,1338,1148.43,credit,2024-10-14 17:19:21.116111,USD
7884,1606,1235.65,debit,2024-10-14 18:11:55.031503,USD
7885,1180,1581.44,credit,2024-10-14 19:04:28.946894,USD
7886,1287,1625.86,credit,2024-10-14 19:57:02.862286,USD
7887,1833,395.91,debit,2024-10-14 20:49:36.777677,USD
7888,1186,480.91,credit,2024-10-14 21:42:10.693069,GBP
7889,1883,1754.9,debit,2024-10-14 22:34:44.608460,USD
7890,1137,1640.84,debit,2024-10-14 23:27:18.523852,USD
7891,1129,1239.06,credit,2024-10-15 00:19:52.439243,EUR
7892,1193,1989.45,debit,2024-10-15 01:12:26.354635,USD
7893,1315,1473.02,credit,2024-10-15 02:05:00.270027,USD
7894,1983,439.52,credit,2024-10-15 02:57:34.185418,EUR
7895,1784,1694.82,credit,2024-10-15 03:50:08.100810,USD
7896,1863,835.32,credit,2024-10-15 04:42:42.016201,USD
7897,1143,81.94,debit,2024-10-15 05:35:15.931593,EUR
7898,1015,649.63,debit,2024-10-15 06:27:49.846984,USD
7899,1301,1529.47,debit,2024-10-15 07:20:23.762376,EUR
7900,1422,1920.81,credit,2024-10-15 08:12:57.677767,EUR
7901,1244,559.51,debit,2024-10-15 09:05:31.593159,USD
7902,1926,500.57,credit,2024-10-15 09:58:05.508550,USD
7903,1106,1131.6,credit,2024-10-15 10:50:39.423942,GBP
7904,1087,1625.25,credit,2024-10-15 11:43:13.339333,USD
7905,1128,1495.59,credit,2024-10-15 12:35:47.254725,EUR
7906,1906,1124.32,credit,2024-10-15 13:28:21.170117,USD
7907,1886,1266.47,credit,2024-10-15 14:20:55.085508,USD
7908,1340,491.78,credit,2024-10-15 15:13:29.000900,USD
7909,1003,870.82,credit,2024-10-15 16:06:02.916291,USD
7910,1326,518.18,debit,2024-10-15 16:58:36.831683,USD
7911,1409,1769.99,debit,2024-10-15 17:51:10.747074,USD
7912,1878,233.98,debit,2024-10-15 18:43:44.662466,GBP
7913,1305,1362.68,credit,2024-10-15 19:36:18.577857,USD
7914,1907,527.96,debit,2024-10-15 20:28:52.493249,USD
7915,1606,956.4,debit,2024-10-15 21:21:26.408640,USD
7916,1720,605.83,debit,2024-10-15 22:14:00.324032,GBP
7917,1224,653.26,credit,2024-10-15 23:06:34.239423,USD
7918,1970,528.18,credit,2024-10-15 23:59:08.154815,EUR
7919,1347,1508.06,credit,2024-10-16 00:51:42.070207,EUR
7920,1991,737.77,credit,2024-10-16 01:44:15.985598,USD
7921,1320,1455.45,credit,2024-10-16 02:36:49.900990,USD
7922,1558,917.58,debit,2024-10-16 03:29:23.816381,USD
7923,1987,1099.02,debit,2024-10-16 04:21:57.731773,USD
7924,1180,1091.14,credit,2024-10-16 05:14:31.647164,USD
7925,1617,1951.95,credit,2024-10-16 06:07:05.562556,USD
7926,1710,740.45,debit,2024-10-16 06:59:39.477947,USD
7927,1385,423.29,credit,2024-10-16 07:52:13.393339,USD
7928,1617,1824.47,credit,2024-10-16 08:44:47.308730,USD
7929,1791,357.93,debit,2024-10-16 09:37:21.224122,EUR
7930,1771,1670.5,credit,2024-10-16 10:29:55.139513,USD
7931,1107,308.93,debit,2024-10-16 11:22:29.054905,USD
7932,1530,1320.86,debit,2024-10-16 12:15:02.970297,GBP
7933,1409,309.58,debit,2024-10-16 13:07:36.885688,USD
7934,1970,1846.94,credit,2024-10-16 14:00:10.801080,USD
7935,1295,1134.37,credit,2024-10-16 14:52:44.716471,USD
7936,1817,665.25,credit,2024-10-16 15:45:18.631863,EUR
7937,1170,,credit,2024-10-16 16:37:52.547254,USD
7938,1330,748.67,credit,2024-10-16 17:30:26.462646,USD
7939,1492,1412.99,debit,2024-10-16 18:23:00.378037,USD
7940,1194,776.05,debit,2024-10-16 19:15:34.293429,USD
7941,1011,499.73,debit,2024-10-16 20:08:08.208820,USD
7942,1194,1159.04,credit,2024-10-16 21:00:42.124212,USD
7943,1489,841.47,debit,2024-10-16 21:53:16.039603,USD
7944,1794,339.95,credit,2024-10-16 22:45:49.954995,USD
7945,1880,316.44,credit,2024-10-16 23:38:23.870387,USD
7946,1181,1417.85,debit,2024-10-17 00:30:57.785778,GBP
7947,1961,1949.6,credit,2024-10-17 01:23:31.701170,GBP
7948,1816,473.86,credit,2024-10-17 02:16:05.616561,USD
7949,1655,1548.57,debit,2024-10-17 03:08:39.531953,EUR
7950,1897,184.34,credit,2024-10-17 04:01:13.447344,USD
7951,1315,769.34,debit,2024-10-17 04:53:47.362736,EUR
7952,1693,1018.31,credit,2024-10-17 05:46:21.278127,USD
7953,1029,544.81,debit,2024-10-17 06:38:55.193519,USD
7954,1595,1063.86,credit,2024-10-17 07:31:29.108910,EUR
7955,1677,1766.4,credit,2024-10-17 08:24:03.024302,GBP
7956,1795,1889.43,credit,2024-10-17 09:16:36.939693,USD
7957,1792,210.11,debit,2024-10-17 10:09:10.855085,USD
7958,1095,550.97,debit,2024-10-17 11:01:44.770477,GBP
7959,1380,1958.48,debit,2024-10-17 11:54:18.685868,USD
7960,1777,548.13,debit,2024-10-17 12:46:52.601260,GBP
7961,1443,1388.49,debit,2024-10-17 13:39:26.516651,EUR
7962,1297,514.37,credit,2024-10-17 14:32:00.432043,EUR
7963,1807,719.17,debit,2024-10-17 15:24:34.347434,USD
7964,1736,390.65,credit,2024-10-17 16:17:08.262826,USD
7965,1844,1714.04,credit,2024-10-17 17:09:42.178217,USD
7966,1360,1766.47,credit,2024-10-17 18:02:16.093609,EUR
7967,1373,600.86,credit,2024-10-17 18:54:50.009000,EUR
7968,1553,1648.94,debit,2024-10-17 19:47:23.924392,USD
7969,1302,722.9,credit,2024-10-17 20:39:57.839783,EUR
7970,1420,207.05,debit,2024-10-17 21:32:31.755175,USD
7971,1245,1518.57,debit,2024-10-17 22:25:05.670567,GBP
7972,1719,1196.93,credit,2024-10-17 23:17:39.585958,USD
7973,1236,556.02,debit,2024-10-18 00:10:13.501350,USD
7974,1533,513.47,debit,2024-10-18 01:02:47.416741,USD
7975,1184,1951.49,credit,2024-10-18 01:55:21.332133,USD
7976,1467,1726.38,debit,2024-10-18 02:47:55.247524,GBP
7977,1753,1621.5,credit,2024-10-18 03:40:29.162916,USD
7978,1362,264.76,credit,2024-10-18 04:33:03.078307,GBP
7979,1282,1512.82,credit,2024-10-18 05:25:36.993699,GBP
7980,1552,436.94,credit,2024-10-18 06:18:10.909090,USD
7981,1335,1955.0,credit,2024-10-18 07:10:44.824482,EUR
7982,1161,113.66,credit,2024-10-18 08:03:18.739873,USD
7983,1159,710.76,credit,2024-10-18 08:55:52.655265,EUR
7984,1473,863.01,debit,2024-10-18 09:48:26.570657,USD
7985,1600,1650.16,debit,2024-10-18 10:41:00.486048,GBP
7986,1321,1534.78,credit,2024-10-18 11:33:34.401440,USD
7987,1011,756.23,credit,2024-10-18 12:26:08.316831,EUR
7988,1423,1135.46,credit,2024-10-18 13:18:42.232223,USD
7989,1072,1672.83,debit,2024-10-18 14:11:16.147614,USD
7990,1587,46.22,credit,2024-10-18 15:03:50.063006,USD
7991,1857,1606.33,credit,2024-10-18 15:56:23.978397,USD
7992,1200,1894.32,credit,2024-10-18 16:48:57.893789,USD
7993,1521,73.81,debit,2024-10-18 17:41:31.809180,EUR
7994,1863,100.71,credit,2024-10-18 18:34:05.724572,USD
7995,1504,695.58,credit,2024-10-18 19:26:39.639963,GBP
7996,1737,184.66,debit,2024-10-18 20:19:13.555355,EUR
7997,1687,963.76,debit,2024-10-18 21:11:47.470747,USD
7998,1787,1460.13,debit,2024-10-18 22:04:21.386138,USD
7999,1038,1138.13,credit,2024-10-18 22:56:55.301530,GBP
8000,1059,400.9,debit,2024-10-18 23:49:29.216921,USD
8001,1577,1313.07,credit,2024-10-19 00:42:03.132313,USD
8002,1320,1372.86,credit,2024-10-19 01:34:37.047704,USD
8003,1434,1865.57,credit,2024-10-19 02:27:10.963096,GBP
8004,1635,302.13,credit,2024-10-19 03:19:44.878487,USD
8005,1675,1387.75,credit,2024-10-19 04:12:18.793879,USD
8006,1407,1823.74,credit,2024-10-19 05:04:52.709270,USD
8007,1922,1008.11,credit,2024-10-19 05:57:26.624662,USD
8008,1385,729.98,credit,2024-10-19 06:50:00.540054,USD
8009,1670,349.79,debit,2024-10-19 07:42:34.455445,EUR
8010,1568,1734.91,credit,2024-10-19 08:35:08.370837,USD
8011,1077,794.55,debit,2024-10-19 09:27:42.286228,EUR
8012,1193,1850.52,credit,2024-10-19 10:20:16.201620,USD
8013,1284,1697.04,credit,2024-10-19 11:12:50.117011,USD
8014,1526,759.51,credit,2024-10-19 12:05:24.032403,USD
8015,1523,1152.09,debit,2024-10-19 12:57:57.947794,EUR
8016,1612,64.08,debit,2024-10-19 13:50:31.863186,EUR
8017,1155,533.81,debit,2024-10-19 14:43:05.778577,USD
8018,1339,1423.44,credit,2024-10-19 15:35:39.693969,USD
8019,1124,1359.04,credit,2024-10-19 16:28:13.609360,EUR
8020,1870,713.21,debit,2024-10-19 17:20:47.524752,USD
8021,1279,1619.13,debit,2024-10-19 18:13:21.440144,USD
8022,1916,479.31,debit,2024-10-19 19:05:55.355535,USD
8023,1905,927.93,credit,2024-10-19 19:58:29.270927,USD
8024,1621,950.34,debit,2024-10-19 20:51:03.186318,USD
8025,1845,688.23,credit,2024-10-19 21:43:37.101710,USD
8026,1868,1909.79,credit,2024-10-19 22:36:11.017101,USD
8027,1657,1396.4,credit,2024-10-19 23:28:44.932493,USD
8028,1727,1083.01,debit,2024-10-20 00:21:18.847884,EUR
8029,1909,1025.93,debit,2024-10-20 01:13:52.763276,USD
8030,1673,327.0,credit,2024-10-20 02:06:26.678667,USD
8031,1127,750.65,credit,2024-10-20 02:59:00.594059,USD
8032,1313,1348.82,credit,2024-10-20 03:51:34.509450,EUR
8033,1331,1849.89,credit,2024-10-20 04:44:08.424842,USD
8034,1149,1634.76,credit,2024-10-20 05:36:42.340234,EUR
8035,1453,607.78,credit,2024-10-20 06:29:16.255625,USD
8036,1035,873.57,debit,2024-10-20 07:21:50.171017,EUR
8037,1684,175.01,credit,2024-10-20 08:14:24.086408,USD
8038,1419,213.32,credit,2024-10-20 09:06:58.001800,USD
8039,1021,945.76,debit,2024-10-20 09:59:31.917191,EUR
8040,1205,1065.14,credit,2024-10-20 10:52:05.832583,USD
8041,1638,535.41,debit,2024-10-20 11:44:39.747974,EUR
8042,1847,,credit,2024-10-20 12:37:13.663366,USD
8043,1956,1409.73,debit,2024-10-20 13:29:47.578757,USD
8044,1355,605.24,credit,2024-10-20 14:22:21.494149,EUR
8045,1439,1519.27,debit,2024-10-20 15:14:55.409540,EUR
8046,1728,419.15,credit,2024-10-20 16:07:29.324932,EUR
8047,1095,1093.06,debit,2024-10-20 17:00:03.240324,USD
8048,1928,1610.52,credit,2024-10-20 17:52:37.155715,GBP
8049,1940,1078.65,credit,2024-10-20 18:45:11.071107,USD
8050,1163,1816.85,credit,2024-10-20 19:37:44.986498,USD
8051,1147,126.42,debit,2024-10-20 20:30:18.901890,USD
8052,1529,1180.74,debit,2024-10-20 21:22:52.817281,GBP
8053,1293,1127.89,credit,2024-10-20 22:15:26.732673,USD
8054,1194,1324.1,credit,2024-10-20 23:08:00.648064,EUR
8055,1662,1668.48,credit,2024-10-21 00:00:34.563456,USD
8056,1479,1454.45,credit,2024-10-21 00:53:08.478847,USD
8057,1876,1582.66,credit,2024-10-21 01:45:42.394239,USD
8058,1122,584.75,debit,2024-10-21 02:38:16.309630,USD
8059,1399,781.12,debit,2024-10-21 03:30:50.225022,USD
8060,1698,1257.29,debit,2024-10-21 04:23:24.140414,USD
8061,1964,1111.39,credit,2024-10-21 05:15:58.055805,USD
8062,1451,1922.6,debit,2024-10-21 06:08:31.971197,USD
8063,1660,381.8,credit,2024-10-21 07:01:05.886588,USD
8064,1103,709.04,credit,2024-10-21 07:53:39.801980,USD
8065,1754,1149.78,credit,2024-10-21 08:46:13.717371,USD
8066,1461,1737.25,credit,2024-10-21 09:38:47.632763,USD
8067,1742,1859.4,debit,2024-10-21 10:31:21.548154,USD
8068,1990,,credit,2024-10-21 11:23:55.463546,USD
8069,1717,143.55,debit,2024-10-21 12:16:29.378937,USD
8070,1709,849.02,debit,2024-10-21 13:09:03.294329,EUR
8071,1395,794.74,credit,2024-10-21 14:01:37.209720,USD
8072,1911,1973.11,credit,2024-10-21 14:54:11.125112,GBP
8073,1336,867.81,credit,2024-10-21 15:46:45.040504,GBP
8074,1598,618.39,credit,2024-10-21 16:39:18.955895,EUR
8075,1141,737.1,debit,2024-10-21 17:31:52.871287,EUR
8076,1316,799.88,debit,2024-10-21 18:24:26.786678,USD
8077,1710,1644.87,credit,2024-10-21 19:17:00.702070,USD
8078,1557,171.22,debit,2024-10-21 20:09:34.617461,USD
8079,1799,639.85,credit,2024-10-21 21:02:08.532853,USD
8080,1526,1932.97,credit,2024-10-21 21:54:42.448244,USD
8081,1555,314.67,credit,2024-10-21 22:47:16.363636,USD
8082,1400,1487.78,credit,2024-10-21 23:39:50.279027,EUR
8083,1680,719.22,credit,2024-10-22 00:32:24.194419,USD
8084,1309,1167.75,credit,2024-10-22 01:24:58.109810,USD
8085,1494,208.1,credit,2024-10-22 02:17:32.025202,USD
8086,1555,619.76,credit,2024-10-22 03:10:05.940594,GBP
8087,1609,1006.72,credit,2024-10-22 04:02:39.855985,USD
8088,1772,471.08,credit,2024-10-22 04:55:13.771377,USD
8089,1108,1088.32,credit,2024-10-22 05:47:47.686768,GBP
8090,1794,447.32,credit,2024-10-22 06:40:21.602160,USD
8091,1371,1303.7,debit,2024-10-22 07:32:55.517551,EUR
8092,1854,1809.67,credit,2024-10-22 08:25:29.432943,EUR
8093,1615,180.12,credit,2024-10-22 09:18:03.348334,USD
8094,1767,441.07,debit,2024-10-22 10:10:37.263726,USD
8095,1890,1690.4,credit,2024-10-22 11:03:11.179117,USD
8096,1205,1266.79,debit,2024-10-22 11:55:45.094509,USD
8097,1846,166.63,credit,2024-10-22 12:48:19.009900,GBP
8098,1042,977.84,credit,2024-10-22 13:40:52.925292,USD
8099,1864,427.42,credit,2024-10-22 14:33:26.840684,GBP
8100,1244,,credit,2024-10-22 15:26:00.756075,USD
8101,1286,1881.88,debit,2024-10-22 16:18:34.671467,GBP
8102,1354,1525.47,credit,2024-10-22 17:11:08.586858,USD
8103,1784,1395.5,debit,2024-10-22 18:03:42.502250,USD
8104,1475,485.47,credit,2024-10-22 18:56:16.417641,USD
8105,1082,,debit,2024-10-22 19:48:50.333033,USD
8106,1109,1742.96,credit,2024-10-22 20:41:24.248424,USD
8107,1949,21.7,credit,2024-10-22 21:33:58.163816,USD
8108,1189,782.31,credit,2024-10-22 22:26:32.079207,USD
8109,1982,562.45,credit,2024-10-22 23:19:05.994599,USD
8110,1799,1145.05,debit,2024-10-23 00:11:39.909991,USD
8111,1935,508.51,credit,2024-10-23 01:04:13.825382,EUR
8112,1908,629.3,debit,2024-10-23 01:56:47.740774,USD
8113,1250,1701.58,credit,2024-10-23 02:49:21.656165,EUR
8114,1723,1210.35,debit,2024-10-23 03:41:55.571557,EUR
8115,1290,299.91,credit,2024-10-23 04:34:29.486948,EUR
8116,1644,1455.68,debit,2024-10-23 05:27:03.402340,USD
8117,1200,422.84,credit,2024-10-23 06:19:37.317731,USD
8118,1796,871.68,debit,2024-10-23 07:12:11.233123,USD
8119,1325,1296.75,debit,2024-10-23 08:04:45.148514,USD
8120,1510,551.14,debit,2024-10-23 08:57:19.063906,USD
8121,1408,774.37,credit,2024-10-23 09:49:52.979297,USD
8122,1606,1470.96,credit,2024-10-23 10:42:26.894689,USD
8123,1789,1876.44,credit,2024-10-23 11:35:00.810081,USD
8124,1961,1063.2,debit,2024-10-23 12:27:34.725472,EUR
8125,1940,29.84,debit,2024-10-23 13:20:08.640864,USD
8126,1836,683.54,credit,2024-10-23 14:12:42.556255,USD
8127,1507,803.28,credit,2024-10-23 15:05:16.471647,USD
8128,1730,684.96,debit,2024-10-23 15:57:50.387038,USD
8129,1600,878.18,credit,2024-10-23 16:50:24.302430,USD
8130,1071,1269.01,credit,2024-10-23 17:42:58.217821,USD
8131,1246,251.04,debit,2024-10-23 18:35:32.133213,USD
8132,1640,552.53,debit,2024-10-23 19:28:06.048604,USD
8133,1723,1020.22,debit,2024-10-23 20:20:39.963996,USD
8134,1939,637.99,credit,2024-10-23 21:13:13.879387,USD
8135,1854,1982.26,credit,2024-10-23 22:05:47.794779,USD
8136,1607,868.55,debit,2024-10-23 22:58:21.710171,EUR
8137,1586,1740.9,credit,2024-10-23 23:50:55.625562,USD
8138,1934,1794.05,credit,2024-10-24 00:43:29.540954,USD
8139,1565,1673.65,debit,2024-10-24 01:36:03.456345,USD
8140,1343,103.33,debit,2024-10-24 02:28:37.371737,USD
8141,1970,1896.02,credit,2024-10-24 03:21:11.287128,GBP
8142,1924,266.2,credit,2024-10-24 04:13:45.202520,USD
8143,1053,78.46,credit,2024-10-24 05:06:19.117911,USD
8144,1729,834.6,credit,2024-10-24 05:58:53.033303,USD
8145,1527,397.32,credit,2024-10-24 06:51:26.948694,EUR
8146,1610,376.55,credit,2024-10-24 07:44:00.864086,GBP
8147,1531,582.76,credit,2024-10-24 08:36:34.779477,EUR
8148,1557,504.33,debit,2024-10-24 09:29:08.694869,USD
8149,1962,1372.74,credit,2024-10-24 10:21:42.610261,GBP
8150,1192,381.69,credit,2024-10-24 11:14:16.525652,USD
8151,1894,1090.81,debit,2024-10-24 12:06:50.441044,USD
8152,1057,1972.99,credit,2024-10-24 12:59:24.356435,GBP
8153,1436,870.44,debit,2024-10-24 13:51:58.271827,EUR
8154,1110,1287.33,debit,2024-10-24 14:44:32.187218,USD
8155,1128,1939.05,debit,2024-10-24 15:37:06.102610,EUR
8156,1848,283.9,credit,2024-10-24 16:29:40.018001,USD
8157,1705,843.03,credit,2024-10-24 17:22:13.933393,USD
8158,1924,1701.88,credit,2024-10-24 18:14:47.848784,EUR
8159,1851,1865.29,debit,2024-10-24 19:07:21.764176,USD
8160,1325,1206.46,credit,2024-10-24 19:59:55.679567,USD
8161,1007,295.41,credit,2024-10-24 20:52:29.594959,USD
8162,1028,1803.93,debit,2024-10-24 21:45:03.510351,USD
8163,1111,357.15,credit,2024-10-24 22:37:37.425742,USD
8164,1946,712.23,debit,2024-10-24 23:30:11.341134,USD
8165,1672,757.26,debit,2024-10-25 00:22:45.256525,EUR
8166,1130,900.11,debit,2024-10-25 01:15:19.171917,USD
8167,1187,1582.43,credit,2024-10-25 02:07:53.087308,USD
8168,1674,1606.27,credit,2024-10-25 03:00:27.002700,GBP
8169,1708,1442.11,credit,2024-10-25 03:53:00.918091,USD
8170,1474,54.04,credit,2024-10-25 04:45:34.833483,USD
8171,1363,1134.04,debit,2024-10-25 05:38:08.748874,USD
8172,1203,1497.51,debit,2024-10-25 06:30:42.664266,USD
8173,1211,894.8,debit,2024-10-25 07:23:16.579657,EUR
8174,1620,1890.42,credit,2024-10-25 08:15:50.495049,USD
8175,1275,1649.38,debit,2024-10-25 09:08:24.410441,USD
8176,1072,1279.93,credit,2024-10-25 10:00:58.325832,USD
8177,1678,134.23,credit,2024-10-25 10:53:32.241224,USD
8178,1771,1308.17,debit,2024-10-25 11:46:06.156615,EUR
8179,1242,1824.04,credit,2024-10-25 12:38:40.072007,USD
8180,1786,765.1,debit,2024-10-25 13:31:13.987398,USD
8181,1101,1677.88,credit,2024-10-25 14:23:47.902790,EUR
8182,1986,633.19,credit,2024-10-25 15:16:21.818181,USD
8183,1684,1144.51,credit,2024-10-25 16:08:55.733573,EUR
8184,1170,1300.36,debit,2024-10-25 17:01:29.648964,USD
8185,1652,1359.21,credit,2024-10-25 17:54:03.564356,USD
8186,1908,1766.27,debit,2024-10-25 18:46:37.479747,USD
8187,1187,476.9,debit,2024-10-25 19:39:11.395139,EUR
8188,1440,532.12,credit,2024-10-25 20:31:45.310531,EUR
8189,1085,1411.04,debit,2024-10-25 21:24:19.225922,EUR
8190,1475,362.62,debit,2024-10-25 22:16:53.141314,USD
8191,1051,933.9,debit,2024-10-25 23:09:27.056705,USD
8192,1110,49.87,debit,2024-10-26 00:02:00.972097,USD
8193,1948,290.55,credit,2024-10-26 00:54:34.887488,EUR
8194,1876,1360.9,credit,2024-10-26 01:47:08.802880,USD
8195,1853,1497.45,debit,2024-10-26 02:39:42.718271,USD
8196,1042,239.48,credit,2024-10-26 03:32:16.633663,USD
8197,1210,463.14,debit,2024-10-26 04:24:50.549054,USD
8198,1967,206.82,credit,2024-10-26 05:17:24.464446,USD
8199,1199,872.49,credit,2024-10-26 06:09:58.379837,USD
8200,1809,260.97,credit,2024-10-26 07:02:32.295229,USD
8201,1857,880.22,credit,2024-10-26 07:55:06.210621,USD
8202,1751,1466.88,credit,2024-10-26 08:47:40.126012,EUR
8203,1626,1369.94,debit,2024-10-26 09:40:14.041404,USD
8204,1025,568.12,credit,2024-10-26 10:32:47.956795,GBP
8205,1918,1350.79,credit,2024-10-26 11:25:21.872187,EUR
8206,1298,1856.15,credit,2024-10-26 12:17:55.787578,USD
8207,1076,,credit,2024-10-26 13:10:29.702970,USD
8208,1923,664.95,credit,2024-10-26 14:03:03.618361,USD
8209,1136,1147.16,debit,2024-10-26 14:55:37.533753,USD
8210,1019,498.55,debit,2024-10-26 15:48:11.449144,USD
8211,1439,1306.64,debit,2024-10-26 16:40:45.364536,USD
8212,1210,1666.2,credit,2024-10-26 17:33:19.279927,USD
8213,1751,924.04,credit,2024-10-26 18:25:53.195319,USD
8214,1550,1362.22,debit,2024-10-26 19:18:27.110711,USD
8215,1434,1307.25,credit,2024-10-26 20:11:01.026102,GBP
8216,1779,86.94,credit,2024-10-26 21:03:34.941494,USD
8217,1206,375.0,debit,2024-10-26 21:56:08.856885,USD
8218,1990,1788.12,debit,2024-10-26 22:48:42.772277,USD
8219,1438,1878.4,credit,2024-10-26 23:41:16.687668,USD
8220,1973,1563.07,credit,2024-10-27 00:33:50.603060,USD
8221,1778,1843.28,credit,2024-10-27 01:26:24.518451,USD
8222,1665,619.24,credit,2024-10-27 02:18:58.433843,USD
8223,1041,502.94,credit,2024-10-27 03:11:32.349234,USD
8224,1410,774.76,credit,2024-10-27 04:04:06.264626,USD
8225,1522,120.13,credit,2024-10-27 04:56:40.180018,USD
8226,1805,1621.64,debit,2024-10-27 05:49:14.095409,EUR
8227,1609,1968.51,debit,2024-10-27 06:41:48.010801,USD
8228,1426,1649.82,debit,2024-10-27 07:34:21.926192,USD
8229,1274,1114.4,credit,2024-10-27 08:26:55.841584,USD
8230,1447,597.61,credit,2024-10-27 09:19:29.756975,USD
8231,1901,403.42,credit,2024-10-27 10:12:03.672367,USD
8232,1941,734.49,credit,2024-10-27 11:04:37.587758,USD
8233,1883,1337.27,debit,2024-10-27 11:57:11.503150,GBP
8234,1741,899.65,debit,2024-10-27 12:49:45.418541,USD
8235,1368,1868.78,credit,2024-10-27 13:42:19.333933,USD
8236,1937,1709.9,credit,2024-10-27 14:34:53.249324,USD
8237,1219,213.78,credit,2024-10-27 15:27:27.164716,USD
8238,1576,271.74,credit,2024-10-27 16:20:01.080108,USD
8239,1866,1355.72,credit,2024-10-27 17:12:34.995499,USD
8240,1231,469.23,credit,2024-10-27 18:05:08.910891,GBP
8241,1327,1584.15,credit,2024-10-27 18:57:42.826282,USD
8242,1442,1186.8,credit,2024-10-27 19:50:16.741674,USD
8243,1051,467.36,debit,2024-10-27 20:42:50.657065,EUR
8244,1885,962.59,credit,2024-10-27 21:35:24.572457,EUR
8245,1942,818.09,debit,2024-10-27 22:27:58.487848,USD
8246,1375,1747.59,credit,2024-10-27 23:20:32.403240,GBP
8247,1262,,debit,2024-10-28 00:13:06.318631,GBP
8248,1266,1792.73,credit,2024-10-28 01:05:40.234023,GBP
8249,1358,1307.64,credit,2024-10-28 01:58:14.149414,EUR
8250,1316,1477.7,credit,2024-10-28 02:50:48.064806,EUR
8251,1323,15.19,credit,2024-10-28 03:43:21.980198,USD
8252,1920,1260.2,credit,2024-10-28 04:35:55.895589,EUR
8253,1907,1181.09,credit,2024-10-28 05:28:29.810981,USD
8254,1665,1079.04,debit,2024-10-28 06:21:03.726372,USD
8255,1869,1573.88,credit,2024-10-28 07:13:37.641764,USD
8256,1877,1116.18,credit,2024-10-28 08:06:11.557155,GBP
8257,1651,1715.62,credit,2024-10-28 08:58:45.472547,USD
8258,1938,472.94,credit,2024-10-28 09:51:19.387938,EUR
8259,1562,1613.91,debit,2024-10-28 10:43:53.303330,USD
8260,1628,366.83,debit,2024-10-28 11:36:27.218721,USD
8261,1420,1628.1,credit,2024-10-28 12:29:01.134113,USD
8262,1045,1881.52,credit,2024-10-28 13:21:35.049504,USD
8263,1820,678.03,debit,2024-10-28 14:14:08.964896,GBP
8264,1599,1064.47,credit,2024-10-28 15:06:42.880288,USD
8265,1719,1320.07,debit,2024-10-28 15:59:16.795679,USD
8266,1888,168.15,debit,2024-10-28 16:51:50.711071,USD
8267,1268,993.22,debit,2024-10-28 17:44:24.626462,GBP
8268,1600,727.56,credit,2024-10-28 18:36:58.541854,EUR
8269,1380,1746.19,debit,2024-10-28 19:29:32.457245,USD
8270,1117,1754.59,debit,2024-10-28 20:22:06.372637,USD
8271,1565,1404.55,debit,2024-10-28 21:14:40.288028,USD
8272,1952,1314.89,credit,2024-10-28 22:07:14.203420,USD
8273,1115,1470.04,debit,2024-10-28 22:59:48.118811,USD
8274,1629,738.31,debit,2024-10-28 23:52:22.034203,GBP
8275,1259,814.99,debit,2024-10-29 00:44:55.949594,EUR
8276,1074,1111.87,credit,2024-10-29 01:37:29.864986,USD
8277,1479,1876.68,debit,2024-10-29 02:30:03.780378,GBP
8278,1304,1450.76,debit,2024-10-29 03:22:37.695769,USD
8279,1006,1106.47,credit,2024-10-29 04:15:11.611161,USD
8280,1365,1543.12,credit,2024-10-29 05:07:45.526552,USD
8281,1633,748.07,debit,2024-10-29 06:00:19.441944,USD
8282,1522,1463.63,debit,2024-10-29 06:52:53.357335,USD
8283,1347,827.25,debit,2024-10-29 07:45:27.272727,USD
8284,1437,566.53,credit,2024-10-29 08:38:01.188118,EUR
8285,1214,1223.35,credit,2024-10-29 09:30:35.103510,GBP
8286,1428,1376.89,credit,2024-10-29 10:23:09.018901,USD
8287,1790,923.99,debit,2024-10-29 11:15:42.934293,USD
8288,1497,1135.35,credit,2024-10-29 12:08:16.849684,USD
8289,1539,1391.19,debit,2024-10-29 13:00:50.765076,USD
8290,1746,1537.74,debit,2024-10-29 13:53:24.680468,EUR
8291,1366,1792.19,debit,2024-10-29 14:45:58.595859,USD
8292,1312,715.54,credit,2024-10-29 15:38:32.511251,USD
8293,1537,1903.44,debit,2024-10-29 16:31:06.426642,USD
8294,1920,1278.19,debit,2024-10-29 17:23:40.342034,GBP
8295,1053,1577.53,debit,2024-10-29 18:16:14.257425,USD
8296,1540,1402.54,credit,2024-10-29 19:08:48.172817,GBP
8297,1466,419.09,credit,2024-10-29 20:01:22.088208,USD
8298,1864,152.16,debit,2024-10-29 20:53:56.003600,USD
8299,1163,1455.31,credit,2024-10-29 21:46:29.918991,USD
8300,1781,1026.99,debit,2024-10-29 22:39:03.834383,EUR
8301,1333,1407.4,debit,2024-10-29 23:31:37.749774,USD
8302,1546,958.92,debit,2024-10-30 00:24:11.665166,USD
8303,1797,631.35,credit,2024-10-30 01:16:45.580558,USD
8304,1347,577.19,debit,2024-10-30 02:09:19.495949,USD
8305,1272,1463.76,credit,2024-10-30 03:01:53.411341,EUR
8306,1962,560.79,credit,2024-10-30 03:54:27.326732,EUR
8307,1719,1432.21,credit,2024-10-30 04:47:01.242124,EUR
8308,1749,774.08,debit,2024-10-30 05:39:35.157515,USD
8309,1413,1544.09,debit,2024-10-30 06:32:09.072907,USD
8310,1499,294.19,credit,2024-10-30 07:24:42.988298,GBP
8311,1092,417.91,credit,2024-10-30 08:17:16.903690,EUR
8312,1684,1374.96,debit,2024-10-30 09:09:50.819081,USD
8313,1078,1124.86,debit,2024-10-30 10:02:24.734473,USD
8314,1621,415.72,debit,2024-10-30 10:54:58.649864,EUR
8315,1216,1806.63,debit,2024-10-30 11:47:32.565256,USD
8316,1946,559.13,debit,2024-10-30 12:40:06.480648,USD
8317,1357,847.93,credit,2024-10-30 13:32:40.396039,USD
8318,1617,412.55,credit,2024-10-30 14:25:14.311431,GBP
8319,1506,782.17,credit,2024-10-30 15:17:48.226822,USD
8320,1558,988.38,debit,2024-10-30 16:10:22.142214,USD
8321,1180,597.54,credit,2024-10-30 17:02:56.057605,EUR
8322,1575,1540.5,debit,2024-10-30 17:55:29.972997,USD
8323,1245,793.93,credit,2024-10-30 18:48:03.888388,GBP
8324,1243,1461.72,debit,2024-10-30 19:40:37.803780,USD
8325,1505,422.07,debit,2024-10-30 20:33:11.719171,EUR
8326,1421,760.3,credit,2024-10-30 21:25:45.634563,USD
8327,1319,26.04,credit,2024-10-30 22:18:19.549954,USD
8328,1086,1519.69,credit,2024-10-30 23:10:53.465346,USD
8329,1216,1255.51,debit,2024-10-31 00:03:27.380738,USD
8330,1489,1637.47,debit,2024-10-31 00:56:01.296129,USD
8331,1518,916.67,debit,2024-10-31 01:48:35.211521,USD
8332,1277,1601.48,credit,2024-10-31 02:41:09.126912,USD
8333,1848,1298.69,credit,2024-10-31 03:33:43.042304,USD
8334,1721,17.19,credit,2024-10-31 04:26:16.957695,USD
8335,1168,514.85,credit,2024-10-31 05:18:50.873087,USD
8336,1329,992.84,credit,2024-10-31 06:11:24.788478,USD
8337,1649,1241.19,credit,2024-10-31 07:03:58.703870,USD
8338,1440,140.53,credit,2024-10-31 07:56:32.619261,USD
8339,1390,1413.11,debit,2024-10-31 08:49:06.534653,USD
8340,1495,1091.64,debit,2024-10-31 09:41:40.450045,USD
8341,1380,1056.3,credit,2024-10-31 10:34:14.365436,EUR
8342,1305,591.17,debit,2024-10-31 11:26:48.280828,USD
8343,1741,1193.7,credit,2024-10-31 12:19:22.196219,USD
8344,1986,,credit,2024-10-31 13:11:56.111611,USD
8345,1819,138.75,debit,2024-10-31 14:04:30.027002,USD
8346,1672,1470.4,credit,2024-10-31 14:57:03.942394,EUR
8347,1512,650.56,credit,2024-10-31 15:49:37.857785,EUR
8348,1747,700.46,credit,2024-10-31 16:42:11.773177,GBP
8349,1948,424.69,credit,2024-10-31 17:34:45.688568,GBP
8350,1187,896.79,debit,2024-10-31 18:27:19.603960,USD
8351,1929,113.47,credit,2024-10-31 19:19:53.519351,USD
8352,1515,607.72,credit,2024-10-31 20:12:27.434743,USD
8353,1912,1058.98,debit,2024-10-31 21:05:01.350135,EUR
8354,1643,936.61,credit,2024-10-31 21:57:35.265526,USD
8355,1426,1999.34,credit,2024-10-31 22:50:09.180918,USD
8356,1501,783.64,debit,2024-10-31 23:42:43.096309,USD
8357,1729,780.13,credit,2024-11-01 00:35:17.011701,USD
8358,1259,1012.13,debit,2024-11-01 01:27:50.927092,USD
8359,1512,388.7,debit,2024-11-01 02:20:24.842484,USD
8360,1070,1753.85,credit,2024-11-01 03:12:58.757875,USD
8361,1477,1148.81,credit,2024-11-01 04:05:32.673267,USD
8362,1177,392.29,credit,2024-11-01 04:58:06.588658,USD
8363,1456,1588.95,debit,2024-11-01 05:50:40.504050,USD
8364,1188,78.32,credit,2024-11-01 06:43:14.419441,USD
8365,1290,1965.3,debit,2024-11-01 07:35:48.334833,USD
8366,1519,1731.65,debit,2024-11-01 08:28:22.250225,EUR
8367,1764,1163.48,debit,2024-11-01 09:20:56.165616,USD
8368,1919,231.48,debit,2024-11-01 10:13:30.081008,USD
8369,1978,438.39,debit,2024-11-01 11:06:03.996399,USD
8370,1291,566.08,debit,2024-11-01 11:58:37.911791,USD
8371,1945,489.65,credit,2024-11-01 12:51:11.827182,GBP
8372,1755,1000.06,debit,2024-11-01 13:43:45.742574,USD
8373,1634,1889.68,debit,2024-11-01 14:36:19.657965,EUR
8374,1810,893.9,credit,2024-11-01 15:28:53.573357,USD
8375,1282,1326.51,credit,2024-11-01 16:21:27.488748,USD
8376,1543,1380.28,debit,2024-11-01 17:14:01.404140,EUR
8377,1845,1744.45,credit,2024-11-01 18:06:35.319531,USD
8378,1376,77.3,credit,2024-11-01 18:59:09.234923,USD
8379,1657,814.62,credit,2024-11-01 19:51:43.150315,GBP
8380,1155,1571.62,debit,2024-11-01 20:44:17.065706,USD
8381,1507,1631.59,credit,2024-11-01 21:36:50.981098,USD
8382,1412,1855.39,debit,2024-11-01 22:29:24.896489,USD
8383,1527,1408.56,credit,2024-11-01 23:21:58.811881,GBP
8384,1354,497.86,credit,2024-11-02 00:14:32.727272,EUR
8385,1558,,credit,2024-11-02 01:07:06.642664,USD
8386,1762,74.37,debit,2024-11-02 01:59:40.558055,GBP
8387,1186,1297.39,debit,2024-11-02 02:52:14.473447,USD
8388,1030,1113.05,debit,2024-11-02 03:44:48.388838,USD
8389,1259,1337.0,debit,2024-11-02 04:37:22.304230,USD
8390,1420,1860.98,credit,2024-11-02 05:29:56.219621,EUR
8391,1528,1377.68,debit,2024-11-02 06:22:30.135013,EUR
8392,1550,647.7,credit,2024-11-02 07:15:04.050405,USD
8393,1303,405.49,credit,2024-11-02 08:07:37.965796,USD
8394,1941,1710.73,debit,2024-11-02 09:00:11.881188,GBP
8395,1985,396.72,debit,2024-11-02 09:52:45.796579,EUR
8396,1943,331.6,credit,2024-11-02 10:45:19.711971,USD
8397,1038,421.16,debit,2024-11-02 11:37:53.627362,USD
8398,1488,1022.59,debit,2024-11-02 12:30:27.542754,EUR
8399,1643,257.13,credit,2024-11-02 13:23:01.458145,EUR
8400,1541,1876.86,credit,2024-11-02 14:15:35.373537,GBP
8401,1669,1932.84,debit,2024-11-02 15:08:09.288928,USD
8402,1277,1947.87,debit,2024-11-02 16:00:43.204320,EUR
8403,1202,87.86,credit,2024-11-02 16:53:17.119711,GBP
8404,1065,,debit,2024-11-02 17:45:51.035103,USD
8405,1107,1994.86,credit,2024-11-02 18:38:24.950495,EUR
8406,1267,1885.43,credit,2024-11-02 19:30:58.865886,GBP
8407,1221,1345.17,debit,2024-11-02 20:23:32.781278,USD
8408,1803,1405.45,credit,2024-11-02 21:16:06.696669,USD
8409,1529,253.28,debit,2024-11-02 22:08:40.612061,USD
8410,1089,1749.85,debit,2024-11-02 23:01:14.527452,USD
8411,1692,128.68,debit,2024-11-02 23:53:48.442844,USD
8412,1254,642.28,debit,2024-11-03 00:46:22.358235,USD
8413,1454,1982.39,debit,2024-11-03 01:38:56.273627,EUR
8414,1252,850.43,debit,2024-11-03 02:31:30.189018,USD
8415,1256,271.0,credit,2024-11-03 03:24:04.104410,GBP
8416,1382,1938.9,debit,2024-11-03 04:16:38.019801,USD
8417,1441,1968.44,credit,2024-11-03 05:09:11.935193,USD
8418,1857,382.21,credit,2024-11-03 06:01:45.850585,USD
8419,1598,1730.96,debit,2024-11-03 06:54:19.765976,USD
8420,1089,786.94,credit,2024-11-03 07:46:53.681368,USD
8421,1748,768.92,credit,2024-11-03 08:39:27.596759,USD
8422,1389,532.77,debit,2024-11-03 09:32:01.512151,EUR
8423,1581,98.97,credit,2024-11-03 10:24:35.427542,EUR
8424,1043,543.34,debit,2024-11-03 11:17:09.342934,EUR
8425,1711,117.02,credit,2024-11-03 12:09:43.258325,EUR
8426,1663,1849.5,debit,2024-11-03 13:02:17.173717,USD
8427,1597,1326.82,credit,2024-11-03 13:54:51.089108,USD
8428,1018,1774.38,debit,2024-11-03 14:47:25.004500,USD
8429,1100,1437.41,credit,2024-11-03 15:39:58.919891,EUR
8430,1913,271.26,debit,2024-11-03 16:32:32.835283,USD
8431,1606,1881.76,credit,2024-11-03 17:25:06.750675,USD
8432,1765,1800.79,credit,2024-11-03 18:17:40.666066,USD
8433,1356,702.67,credit,2024-11-03 19:10:14.581458,USD
8434,1541,231.95,credit,2024-11-03 20:02:48.496849,USD
8435,1760,1411.27,debit,2024-11-03 20:55:22.412241,USD
8436,1937,1459.44,credit,2024-11-03 21:47:56.327632,USD
8437,1032,1794.69,debit,2024-11-03 22:40:30.243024,USD
8438,1969,114.78,debit,2024-11-03 23:33:04.158415,USD
8439,1228,291.99,credit,2024-11-04 00:25:38.073807,USD
8440,1523,1200.52,credit,2024-11-04 01:18:11.989198,USD
8441,1629,1242.07,credit,2024-11-04 02:10:45.904590,EUR
8442,1861,76.88,credit,2024-11-04 03:03:19.819982,USD
8443,1154,799.89,credit,2024-11-04 03:55:53.735373,EUR
8444,1422,1172.48,credit,2024-11-04 04:48:27.650765,USD
8445,1904,1478.44,credit,2024-11-04 05:41:01.566156,USD
8446,1245,639.14,debit,2024-11-04 06:33:35.481548,USD
8447,1404,972.97,debit,2024-11-04 07:26:09.396939,USD
8448,1843,1629.97,debit,2024-11-04 08:18:43.312331,USD
8449,1758,1908.25,credit,2024-11-04 09:11:17.227722,USD
8450,1540,468.33,credit,2024-11-04 10:03:51.143114,USD
8451,1160,513.55,credit,2024-11-04 10:56:25.058505,USD
8452,1746,1880.24,credit,2024-11-04 11:48:58.973897,USD
8453,1701,797.86,credit,2024-11-04 12:41:32.889288,EUR
8454,1116,1439.51,debit,2024-11-04 13:34:06.804680,USD
8455,1270,1228.41,credit,2024-11-04 14:26:40.720072,GBP
8456,1769,578.32,credit,2024-11-04 15:19:14.635463,GBP
8457,1691,1310.59,debit,2024-11-04 16:11:48.550855,EUR
8458,1486,1314.58,debit,2024-11-04 17:04:22.466246,USD
8459,1884,1188.96,credit,2024-11-04 17:56:56.381638,USD
8460,1171,208.33,credit,2024-11-04 18:49:30.297029,GBP
8461,1949,1990.39,debit,2024-11-04 19:42:04.212421,USD
8462,1273,806.83,credit,2024-11-04 20:34:38.127812,USD
8463,1258,1280.12,debit,2024-11-04 21:27:12.043204,USD
8464,1134,1772.67,debit,2024-11-04 22:19:45.958595,USD
8465,1682,852.34,debit,2024-11-04 23:12:19.873987,EUR
8466,1721,1550.11,credit,2024-11-05 00:04:53.789378,GBP
8467,1747,1943.93,credit,2024-11-05 00:57:27.704770,EUR
8468,1421,724.28,credit,2024-11-05 01:50:01.620162,USD
8469,1420,816.49,credit,2024-11-05 02:42:35.535553,USD
8470,1185,1812.1,debit,2024-11-05 03:35:09.450945,USD
8471,1928,327.69,debit,2024-11-05 04:27:43.366336,USD
8472,1363,66.9,credit,2024-11-05 05:20:17.281728,USD
8473,1954,1818.69,credit,2024-11-05 06:12:51.197119,USD
8474,1606,1644.97,credit,2024-11-05 07:05:25.112511,USD
8475,1377,1945.44,credit,2024-11-05 07:57:59.027902,USD
8476,1522,125.89,credit,2024-11-05 08:50:32.943294,GBP
8477,1579,320.79,credit,2024-11-05 09:43:06.858685,GBP
8478,1890,219.57,debit,2024-11-05 10:35:40.774077,USD
8479,1721,1370.0,credit,2024-11-05 11:28:14.689468,USD
8480,1195,1215.96,credit,2024-11-05 12:20:48.604860,EUR
8481,1880,725.08,credit,2024-11-05 13:13:22.520252,GBP
8482,1097,124.27,credit,2024-11-05 14:05:56.435643,EUR
8483,1604,1282.93,credit,2024-11-05 14:58:30.351035,USD
8484,1983,1144.54,debit,2024-11-05 15:51:04.266426,USD
8485,1021,234.68,debit,2024-11-05 16:43:38.181818,USD
8486,1449,1818.73,credit,2024-11-05 17:36:12.097209,USD
8487,1171,405.91,debit,2024-11-05 18:28:46.012601,USD
8488,1382,1489.58,credit,2024-11-05 19:21:19.927992,EUR
8489,1133,1771.3,credit,2024-11-05 20:13:53.843384,USD
8490,1425,1163.16,debit,2024-11-05 21:06:27.758775,EUR
8491,1024,501.23,credit,2024-11-05 21:59:01.674167,USD
8492,1502,625.4,credit,2024-11-05 22:51:35.589558,USD
8493,1184,1772.64,credit,2024-11-05 23:44:09.504950,USD
8494,1084,603.53,credit,2024-11-06 00:36:43.420342,USD
8495,1566,1494.92,credit,2024-11-06 01:29:17.335733,EUR
8496,1762,1980.43,credit,2024-11-06 02:21:51.251125,USD
8497,1143,1999.64,credit,2024-11-06 03:14:25.166516,EUR
8498,1862,1071.62,debit,2024-11-06 04:06:59.081908,GBP
8499,1909,1654.85,credit,2024-11-06 04:59:32.997299,EUR
8500,1678,1980.6,credit,2024-11-06 05:52:06.912691,USD
8501,1411,755.6,credit,2024-11-06 06:44:40.828082,USD
8502,1223,512.3,debit,2024-11-06 07:37:14.743474,USD
8503,1219,237.32,credit,2024-11-06 08:29:48.658865,USD
8504,1178,290.39,debit,2024-11-06 09:22:22.574257,GBP
8505,1630,1708.58,credit,2024-11-06 10:14:56.489648,USD
8506,1432,1181.56,debit,2024-11-06 11:07:30.405040,EUR
8507,1264,1748.68,credit,2024-11-06 12:00:04.320432,EUR
8508,1953,1581.02,credit,2024-11-06 12:52:38.235823,GBP
8509,1428,1350.75,credit,2024-11-06 13:45:12.151215,USD
8510,1661,1222.53,credit,2024-11-06 14:37:46.066606,USD
8511,1415,106.19,debit,2024-11-06 15:30:19.981998,USD
8512,1452,1745.83,credit,2024-11-06 16:22:53.897389,EUR
8513,1726,841.51,credit,2024-11-06 17:15:27.812781,USD
8514,1196,1123.98,debit,2024-11-06 18:08:01.728172,USD
8515,1553,53.69,debit,2024-11-06 19:00:35.643564,USD
8516,1052,1872.79,debit,2024-11-06 19:53:09.558955,USD
8517,1479,1806.45,credit,2024-11-06 20:45:43.474347,USD
8518,1442,1091.12,credit,2024-11-06 21:38:17.389738,USD
8519,1329,1158.85,credit,2024-11-06 22:30:51.305130,GBP
8520,1250,1412.98,debit,2024-11-06 23:23:25.220522,USD
8521,1806,536.74,debit,2024-11-07 00:15:59.135913,EUR
8522,1889,451.61,debit,2024-11-07 01:08:33.051305,USD
8523,1782,1351.31,credit,2024-11-07 02:01:06.966696,USD
8524,1966,217.8,debit,2024-11-07 02:53:40.882088,EUR
8525,1924,913.58,debit,2024-11-07 03:46:14.797479,USD
8526,1122,990.59,credit,2024-11-07 04:38:48.712871,EUR
8527,1878,768.86,debit,2024-11-07 05:31:22.628262,EUR
8528,1386,378.68,credit,2024-11-07 06:23:56.543654,USD
8529,1338,717.08,debit,2024-11-07 07:16:30.459045,USD
8530,1777,681.74,debit,2024-11-07 08:09:04.374437,USD
8531,1347,1003.54,credit,2024-11-07 09:01:38.289828,EUR
8532,1028,1352.61,debit,2024-11-07 09:54:12.205220,USD
8533,1974,1936.79,credit,2024-11-07 10:46:46.120612,EUR
8534,1034,296.88,debit,2024-11-07 11:39:20.036003,USD
8535,1517,1747.3,debit,2024-11-07 12:31:53.951395,USD
8536,1395,575.51,debit,2024-11-07 13:24:27.866786,USD
8537,1622,1186.83,debit,2024-11-07 14:17:01.782178,USD
8538,1293,1098.01,credit,2024-11-07 15:09:35.697569,EUR
8539,1588,1118.33,credit,2024-11-07 16:02:09.612961,USD
8540,1348,1449.48,debit,2024-11-07 16:54:43.528352,USD
8541,1146,769.56,credit,2024-11-07 17:47:17.443744,USD
8542,1066,645.01,debit,2024-11-07 18:39:51.359135,USD
8543,1903,1707.14,credit,2024-11-07 19:32:25.274527,USD
8544,1519,447.99,debit,2024-11-07 20:24:59.189918,USD
8545,1121,368.69,credit,2024-11-07 21:17:33.105310,USD
8546,1339,41.06,debit,2024-11-07 22:10:07.020702,USD
8547,1174,429.05,debit,2024-11-07 23:02:40.936093,EUR
8548,1899,1041.88,credit,2024-11-07 23:55:14.851485,USD
8549,1690,1081.63,credit,2024-11-08 00:47:48.766876,USD
8550,1596,516.3,debit,2024-11-08 01:40:22.682268,USD
8551,1450,153.83,debit,2024-11-08 02:32:56.597659,EUR
8552,1556,1491.84,credit,2024-11-08 03:25:30.513051,USD
8553,1135,1518.37,debit,2024-11-08 04:18:04.428442,GBP
8554,1854,1995.69,credit,2024-11-08 05:10:38.343834,USD
8555,1015,1801.06,credit,2024-11-08 06:03:12.259225,USD
8556,1332,1852.86,debit,2024-11-08 06:55:46.174617,USD
8557,1194,1598.43,credit,2024-11-08 07:48:20.090009,EUR
8558,1495,1234.85,credit,2024-11-08 08:40:54.005400,USD
8559,1008,265.81,debit,2024-11-08 09:33:27.920792,USD
8560,1827,1248.4,debit,2024-11-08 10:26:01.836183,USD
8561,1333,121.35,credit,2024-11-08 11:18:35.751575,USD
8562,1332,1771.75,debit,2024-11-08 12:11:09.666966,USD
8563,1326,968.82,credit,2024-11-08 13:03:43.582358,USD
8564,1014,1397.97,credit,2024-11-08 13:56:17.497749,USD
8565,1838,113.96,debit,2024-11-08 14:48:51.413141,EUR
8566,1613,1073.15,credit,2024-11-08 15:41:25.328532,USD
8567,1225,609.51,debit,2024-11-08 16:33:59.243924,USD
8568,1424,577.09,debit,2024-11-08 17:26:33.159315,USD
8569,1789,785.42,debit,2024-11-08 18:19:07.074707,GBP
8570,1407,11.27,credit,2024-11-08 19:11:40.990099,EUR
8571,1112,938.66,credit,2024-11-08 20:04:14.905490,EUR
8572,1996,978.27,credit,2024-11-08 20:56:48.820882,USD
8573,1427,1727.63,debit,2024-11-08 21:49:22.736273,USD
8574,1000,902.57,credit,2024-11-08 22:41:56.651665,USD
8575,1265,733.48,credit,2024-11-08 23:34:30.567056,EUR
8576,1490,1989.55,debit,2024-11-09 00:27:04.482448,USD
8577,1207,1146.71,debit,2024-11-09 01:19:38.397839,USD
8578,1621,950.5,credit,2024-11-09 02:12:12.313231,USD
8579,1711,996.91,debit,2024-11-09 03:04:46.228622,USD
8580,1951,,credit,2024-11-09 03:57:20.144014,GBP
8581,1368,687.95,credit,2024-11-09 04:49:54.059405,EUR
8582,1984,784.43,credit,2024-11-09 05:42:27.974797,USD
8583,1305,1514.19,credit,2024-11-09 06:35:01.890189,USD
8584,1011,155.24,debit,2024-11-09 07:27:35.805580,USD
8585,1344,,credit,2024-11-09 08:20:09.720972,USD
8586,1464,866.1,credit,2024-11-09 09:12:43.636363,USD
8587,1699,1166.77,debit,2024-11-09 10:05:17.551755,GBP
8588,1665,1517.38,debit,2024-11-09 10:57:51.467146,USD
8589,1493,539.44,debit,2024-11-09 11:50:25.382538,EUR
8590,1367,1781.73,credit,2024-11-09 12:42:59.297929,EUR
8591,1845,1958.66,credit,2024-11-09 13:35:33.213321,GBP
8592,1936,993.61,credit,2024-11-09 14:28:07.128712,USD
8593,1419,1874.51,debit,2024-11-09 15:20:41.044104,USD
8594,1888,12.25,debit,2024-11-09 16:13:14.959495,GBP
8595,1790,1789.53,debit,2024-11-09 17:05:48.874887,EUR
8596,1170,628.98,debit,2024-11-09 17:58:22.790279,EUR
8597,1133,629.88,debit,2024-11-09 18:50:56.705670,EUR
8598,1964,463.9,debit,2024-11-09 19:43:30.621062,USD
8599,1426,640.86,credit,2024-11-09 20:36:04.536453,USD
8600,1024,434.83,credit,2024-11-09 21:28:38.451845,USD
8601,1529,1812.68,credit,2024-11-09 22:21:12.367236,USD
8602,1189,1799.06,credit,2024-11-09 23:13:46.282628,USD
8603,1140,213.4,credit,2024-11-10 00:06:20.198019,USD
8604,1554,294.29,credit,2024-11-10 00:58:54.113411,USD
8605,1845,1725.42,credit,2024-11-10 01:51:28.028802,USD
8606,1795,803.89,credit,2024-11-10 02:44:01.944194,USD
8607,1657,346.85,credit,2024-11-10 03:36:35.859585,EUR
8608,1314,1026.23,credit,2024-11-10 04:29:09.774977,GBP
8609,1443,839.17,credit,2024-11-10 05:21:43.690369,EUR
8610,1318,446.13,credit,2024-11-10 06:14:17.605760,USD
8611,1440,1444.3,credit,2024-11-10 07:06:51.521152,USD
8612,1091,1266.27,debit,2024-11-10 07:59:25.436543,EUR
8613,1178,208.33,credit,2024-11-10 08:51:59.351935,USD
8614,1055,1851.52,debit,2024-11-10 09:44:33.267326,USD
8615,1154,1121.36,credit,2024-11-10 10:37:07.182718,USD
8616,1671,507.91,credit,2024-11-10 11:29:41.098109,USD
8617,1110,420.52,credit,2024-11-10 12:22:15.013501,USD
8618,1136,280.54,credit,2024-11-10 13:14:48.928892,USD
8619,1231,855.03,credit,2024-11-10 14:07:22.844284,USD
8620,1991,279.73,debit,2024-11-10 14:59:56.759675,USD
8621,1467,837.47,debit,2024-11-10 15:52:30.675067,EUR
8622,1731,306.05,debit,2024-11-10 16:45:04.590459,USD
8623,1480,1317.05,debit,2024-11-10 17:37:38.505850,USD
8624,1067,1572.63,credit,2024-11-10 18:30:12.421242,USD
8625,1813,1103.55,credit,2024-11-10 19:22:46.336633,GBP
8626,1248,1363.31,debit,2024-11-10 20:15:20.252025,USD
8627,1993,1877.37,debit,2024-11-10 21:07:54.167416,USD
8628,1322,1280.36,credit,2024-11-10 22:00:28.082808,USD
8629,1921,734.67,debit,2024-11-10 22:53:01.998199,EUR
8630,1903,904.47,credit,2024-11-10 23:45:35.913591,GBP
8631,1517,1722.45,credit,2024-11-11 00:38:09.828982,USD
8632,1975,270.13,debit,2024-11-11 01:30:43.744374,EUR
8633,1791,658.22,debit,2024-11-11 02:23:17.659765,USD
8634,1431,1158.79,debit,2024-11-11 03:15:51.575157,USD
8635,1486,1356.02,credit,2024-11-11 04:08:25.490549,EUR
8636,1605,1529.36,credit,2024-11-11 05:00:59.405940,USD
8637,1428,643.23,credit,2024-11-11 05:53:33.321332,USD
8638,1268,300.26,debit,2024-11-11 06:46:07.236723,GBP
8639,1708,1910.13,credit,2024-11-11 07:38:41.152115,USD
8640,1536,162.02,credit,2024-11-11 08:31:15.067506,USD
8641,1147,200.65,credit,2024-11-11 09:23:48.982898,USD
8642,1117,994.94,credit,2024-11-11 10:16:22.898289,USD
8643,1849,1640.35,credit,2024-11-11 11:08:56.813681,USD
8644,1366,1551.26,debit,2024-11-11 12:01:30.729072,USD
8645,1849,1876.02,credit,2024-11-11 12:54:04.644464,USD
8646,1065,291.79,debit,2024-11-11 13:46:38.559855,GBP
8647,1969,757.7,credit,2024-11-11 14:39:12.475247,USD
8648,1812,571.46,debit,2024-11-11 15:31:46.390639,USD
8649,1369,1723.13,debit,2024-11-11 16:24:20.306030,USD
8650,1174,981.83,credit,2024-11-11 17:16:54.221422,USD
8651,1830,63.43,credit,2024-11-11 18:09:28.136813,USD
8652,1587,1418.85,credit,2024-11-11 19:02:02.052205,USD
8653,1494,783.51,credit,2024-11-11 19:54:35.967596,EUR
8654,1972,1066.98,debit,2024-11-11 20:47:09.882988,USD
8655,1113,1788.64,credit,2024-11-11 21:39:43.798379,USD
8656,1110,520.91,credit,2024-11-11 22:32:17.713771,USD
8657,1760,488.13,debit,2024-11-11 23:24:51.629162,USD
8658,1438,533.75,credit,2024-11-12 00:17:25.544554,USD
8659,1714,682.83,credit,2024-11-12 01:09:59.459945,USD
8660,1146,223.63,credit,2024-11-12 02:02:33.375337,EUR
8661,1034,1397.47,debit,2024-11-12 02:55:07.290729,GBP
8662,1998,422.72,credit,2024-11-12 03:47:41.206120,GBP
8663,1308,1853.03,credit,2024-11-12 04:40:15.121512,EUR
8664,1537,439.22,debit,2024-11-12 05:32:49.036903,USD
8665,1749,518.73,credit,2024-11-12 06:25:22.952295,USD
8666,1013,601.07,debit,2024-11-12 07:17:56.867686,USD
8667,1373,1539.39,debit,2024-11-12 08:10:30.783078,USD
8668,1556,860.94,debit,2024-11-12 09:03:04.698469,GBP
8669,1427,1640.48,debit,2024-11-12 09:55:38.613861,USD
8670,1727,1571.86,debit,2024-11-12 10:48:12.529252,EUR
8671,1232,1859.69,debit,2024-11-12 11:40:46.444644,GBP
8672,1704,1515.64,debit,2024-11-12 12:33:20.360036,EUR
8673,1562,113.3,credit,2024-11-12 13:25:54.275427,EUR
8674,1938,1676.19,credit,2024-11-12 14:18:28.190819,USD
8675,1886,1876.76,credit,2024-11-12 15:11:02.106210,USD
8676,1725,1987.44,credit,2024-11-12 16:03:36.021602,USD
8677,1662,259.28,credit,2024-11-12 16:56:09.936993,EUR
8678,1439,1230.41,credit,2024-11-12 17:48:43.852385,USD
8679,1501,406.92,debit,2024-11-12 18:41:17.767776,USD
8680,1274,532.39,debit,2024-11-12 19:33:51.683168,USD
8681,1849,1493.71,debit,2024-11-12 20:26:25.598559,USD
8682,1075,1955.56,debit,2024-11-12 21:18:59.513951,USD
8683,1438,1193.76,debit,2024-11-12 22:11:33.429342,GBP
8684,1731,1702.66,debit,2024-11-12 23:04:07.344734,USD
8685,1859,27.68,credit,2024-11-12 23:56:41.260126,USD
8686,1955,82.9,credit,2024-11-13 00:49:15.175517,USD
8687,1698,1197.48,credit,2024-11-13 01:41:49.090909,USD
8688,1288,784.08,credit,2024-11-13 02:34:23.006300,USD
8689,1914,1780.62,debit,2024-11-13 03:26:56.921692,USD
8690,1539,610.94,credit,2024-11-13 04:19:30.837083,USD
8691,1890,869.78,credit,2024-11-13 05:12:04.752475,USD
8692,1691,1060.54,credit,2024-11-13 06:04:38.667866,EUR
8693,1252,553.35,credit,2024-11-13 06:57:12.583258,GBP
8694,1125,1817.9,credit,2024-11-13 07:49:46.498649,USD
8695,1176,934.42,debit,2024-11-13 08:42:20.414041,USD
8696,1036,854.07,credit,2024-11-13 09:34:54.329432,USD
8697,1409,,credit,2024-11-13 10:27:28.244824,USD
8698,1610,630.84,debit,2024-11-13 11:20:02.160216,USD
8699,1609,1636.76,debit,2024-11-13 12:12:36.075607,USD
8700,1126,253.32,credit,2024-11-13 13:05:09.990999,GBP
8701,1482,373.75,credit,2024-11-13 13:57:43.906390,USD
8702,1167,1902.17,credit,2024-11-13 14:50:17.821782,GBP
8703,1591,1686.47,debit,2024-11-13 15:42:51.737173,USD
8704,1293,781.92,credit,2024-11-13 16:35:25.652565,USD
8705,1844,1280.53,credit,2024-11-13 17:27:59.567956,USD
8706,1637,1886.51,credit,2024-11-13 18:20:33.483348,EUR
8707,1342,431.6,debit,2024-11-13 19:13:07.398739,USD
8708,1309,127.43,credit,2024-11-13 20:05:41.314131,EUR
8709,1661,1079.56,credit,2024-11-13 20:58:15.229522,USD
8710,1527,293.77,debit,2024-11-13 21:50:49.144914,USD
8711,1539,382.76,credit,2024-11-13 22:43:23.060306,USD
8712,1418,1784.16,credit,2024-11-13 23:35:56.975697,USD
8713,1443,24.73,credit,2024-11-14 00:28:30.891089,USD
8714,1684,1635.47,credit,2024-11-14 01:21:04.806480,USD
8715,1557,1038.73,debit,2024-11-14 02:13:38.721872,USD
8716,1839,1123.0,credit,2024-11-14 03:06:12.637263,USD
8717,1235,1346.82,debit,2024-11-14 03:58:46.552655,EUR
8718,1438,868.58,credit,2024-11-14 04:51:20.468046,USD
8719,1213,240.07,credit,2024-11-14 05:43:54.383438,USD
8720,1084,214.61,credit,2024-11-14 06:36:28.298829,EUR
8721,1793,1511.18,debit,2024-11-14 07:29:02.214221,USD
8722,1743,449.86,credit,2024-11-14 08:21:36.129612,USD
8723,1084,65.92,credit,2024-11-14 09:14:10.045004,EUR
8724,1920,1959.43,debit,2024-11-14 10:06:43.960396,USD
8725,1488,1960.98,debit,2024-11-14 10:59:17.875787,EUR
8726,1064,762.5,credit,2024-11-14 11:51:51.791179,USD
8727,1645,60.79,credit,2024-11-14 12:44:25.706570,USD
8728,1662,1457.26,credit,2024-11-14 13:36:59.621962,USD
8729,1626,1663.71,debit,2024-11-14 14:29:33.537353,USD
8730,1063,258.78,credit,2024-11-14 15:22:07.452745,USD
8731,1342,279.56,credit,2024-11-14 16:14:41.368136,USD
8732,1938,1646.23,credit,2024-11-14 17:07:15.283528,USD
8733,1874,1844.6,credit,2024-11-14 17:59:49.198919,USD
8734,1918,1583.6,credit,2024-11-14 18:52:23.114311,USD
8735,1351,409.48,credit,2024-11-14 19:44:57.029702,USD
8736,1157,828.93,credit,2024-11-14 20:37:30.945094,USD
8737,1588,1205.68,credit,2024-11-14 21:30:04.860486,USD
8738,1490,328.98,credit,2024-11-14 22:22:38.775877,USD
8739,1657,429.1,debit,2024-11-14 23:15:12.691269,USD
8740,1854,572.94,credit,2024-11-15 00:07:46.606660,USD
8741,1462,1023.93,credit,2024-11-15 01:00:20.522052,USD
8742,1224,1026.5,credit,2024-11-15 01:52:54.437443,USD
8743,1916,1630.45,debit,2024-11-15 02:45:28.352835,USD
8744,1312,1508.49,debit,2024-11-15 03:38:02.268226,USD
8745,1614,1828.33,debit,2024-11-15 04:30:36.183618,USD
8746,1918,1667.47,credit,2024-11-15 05:23:10.099009,USD
8747,1858,515.22,credit,2024-11-15 06:15:44.014401,EUR
8748,1812,669.28,debit,2024-11-15 07:08:17.929792,USD
8749,1939,1005.84,credit,2024-11-15 08:00:51.845184,USD
8750,1465,,debit,2024-11-15 08:53:25.760576,USD
8751,1087,1808.76,debit,2024-11-15 09:45:59.675967,GBP
8752,1882,98.24,credit,2024-11-15 10:38:33.591359,EUR
8753,1302,651.66,credit,2024-11-15 11:31:07.506750,USD
8754,1679,1142.66,debit,2024-11-15 12:23:41.422142,USD
8755,1434,1040.5,credit,2024-11-15 13:16:15.337533,USD
8756,1681,1312.38,credit,2024-11-15 14:08:49.252925,EUR
8757,1134,1059.77,credit,2024-11-15 15:01:23.168316,USD
8758,1049,465.71,credit,2024-11-15 15:53:57.083708,USD
8759,1431,410.15,credit,2024-11-15 16:46:30.999099,GBP
8760,1339,1815.42,credit,2024-11-15 17:39:04.914491,USD
8761,1346,535.29,credit,2024-11-15 18:31:38.829882,USD
8762,1645,569.14,debit,2024-11-15 19:24:12.745274,EUR
8763,1346,831.78,credit,2024-11-15 20:16:46.660666,EUR
8764,1648,287.48,credit,2024-11-15 21:09:20.576057,USD
8765,1244,1019.47,credit,2024-11-15 22:01:54.491449,EUR
8766,1108,1333.41,credit,2024-11-15 22:54:28.406840,GBP
8767,1824,1574.14,credit,2024-11-15 23:47:02.322232,GBP
8768,1798,1425.79,credit,2024-11-16 00:39:36.237623,USD
8769,1532,303.8,debit,2024-11-16 01:32:10.153015,USD
8770,1089,917.57,credit,2024-11-16 02:24:44.068406,USD
8771,1295,,credit,2024-11-16 03:17:17.983798,EUR
8772,1111,45.42,debit,2024-11-16 04:09:51.899189,USD
8773,1812,885.86,credit,2024-11-16 05:02:25.814581,USD
8774,1588,513.39,credit,2024-11-16 05:54:59.729973,USD
8775,1176,,debit,2024-11-16 06:47:33.645364,USD
8776,1342,1451.24,credit,2024-11-16 07:40:07.560756,USD
8777,1659,1791.85,debit,2024-11-16 08:32:41.476147,USD
8778,1100,1523.76,debit,2024-11-16 09:25:15.391539,EUR
8779,1757,106.01,credit,2024-11-16 10:17:49.306930,USD
8780,1628,749.53,debit,2024-11-16 11:10:23.222322,USD
8781,1603,553.32,debit,2024-11-16 12:02:57.137713,GBP
8782,1400,778.4,debit,2024-11-16 12:55:31.053105,USD
8783,1027,328.55,debit,2024-11-16 13:48:04.968496,USD
8784,1936,204.43,debit,2024-11-16 14:40:38.883888,GBP
8785,1961,1046.76,credit,2024-11-16 15:33:12.799279,USD
8786,1536,1443.56,credit,2024-11-16 16:25:46.714671,USD
8787,1057,1406.8,credit,2024-11-16 17:18:20.630063,EUR
8788,1497,907.38,credit,2024-11-16 18:10:54.545454,USD
8789,1296,1049.34,debit,2024-11-16 19:03:28.460846,USD
8790,1133,1037.49,credit,2024-11-16 19:56:02.376237,USD
8791,1330,1386.23,debit,2024-11-16 20:48:36.291629,USD
8792,1248,105.37,credit,2024-11-16 21:41:10.207020,USD
8793,1549,1422.69,credit,2024-11-16 22:33:44.122412,USD
8794,1901,1168.58,credit,2024-11-16 23:26:18.037803,USD
8795,1940,404.24,credit,2024-11-17 00:18:51.953195,USD
8796,1074,107.63,debit,2024-11-17 01:11:25.868586,EUR
8797,1653,225.97,credit,2024-11-17 02:03:59.783978,USD
8798,1833,1054.14,credit,2024-11-17 02:56:33.699369,USD
8799,1167,1519.23,credit,2024-11-17 03:49:07.614761,USD
8800,1770,675.97,credit,2024-11-17 04:41:41.530153,GBP
8801,1502,764.46,credit,2024-11-17 05:34:15.445544,EUR
8802,1884,1868.95,credit,2024-11-17 06:26:49.360936,GBP
8803,1354,433.9,credit,2024-11-17 07:19:23.276327,USD
8804,1224,216.46,credit,2024-11-17 08:11:57.191719,USD
8805,1663,693.39,credit,2024-11-17 09:04:31.107110,USD
8806,1530,1494.39,debit,2024-11-17 09:57:05.022502,USD
8807,1145,1255.89,credit,2024-11-17 10:49:38.937893,EUR
8808,1959,837.43,credit,2024-11-17 11:42:12.853285,USD
8809,1240,1929.86,debit,2024-11-17 12:34:46.768676,USD
8810,1883,1472.64,debit,2024-11-17 13:27:20.684068,EUR
8811,1892,133.1,debit,2024-11-17 14:19:54.599459,USD
8812,1343,1491.82,debit,2024-11-17 15:12:28.514851,GBP
8813,1748,57.84,credit,2024-11-17 16:05:02.430243,USD
8814,1034,1304.14,credit,2024-11-17 16:57:36.345634,EUR
8815,1701,428.86,credit,2024-11-17 17:50:10.261026,EUR
8816,1000,1395.92,debit,2024-11-17 18:42:44.176417,USD
8817,1995,626.46,credit,2024-11-17 19:35:18.091809,USD
8818,1152,1747.28,credit,2024-11-17 20:27:52.007200,USD
8819,1428,680.46,debit,2024-11-17 21:20:25.922592,USD
8820,1944,1243.19,credit,2024-11-17 22:12:59.837983,GBP
8821,1507,579.0,credit,2024-11-17 23:05:33.753375,USD
8822,1125,1835.27,credit,2024-11-17 23:58:07.668766,USD
8823,1490,1564.18,credit,2024-11-18 00:50:41.584158,GBP
8824,1481,494.17,credit,2024-11-18 01:43:15.499549,USD
8825,1344,1898.11,credit,2024-11-18 02:35:49.414941,USD
8826,1911,720.74,debit,2024-11-18 03:28:23.330333,EUR
8827,1737,1307.21,debit,2024-11-18 04:20:57.245724,USD
8828,1220,1488.28,debit,2024-11-18 05:13:31.161116,USD
8829,1914,55.58,debit,2024-11-18 06:06:05.076507,USD
8830,1918,1918.35,credit,2024-11-18 06:58:38.991899,EUR
8831,1722,695.44,credit,2024-11-18 07:51:12.907290,USD
8832,1024,387.66,credit,2024-11-18 08:43:46.822682,USD
8833,1527,1702.91,credit,2024-11-18 09:36:20.738073,USD
8834,1181,1408.77,debit,2024-11-18 10:28:54.653465,USD
8835,1498,182.62,debit,2024-11-18 11:21:28.568856,USD
8836,1840,242.92,credit,2024-11-18 12:14:02.484248,GBP
8837,1640,1433.23,credit,2024-11-18 13:06:36.399639,USD
8838,1041,158.82,credit,2024-11-18 13:59:10.315031,USD
8839,1914,1835.18,credit,2024-11-18 14:51:44.230423,USD
8840,1480,1485.66,debit,2024-11-18 15:44:18.145814,USD
8841,1929,677.63,debit,2024-11-18 16:36:52.061206,USD
8842,1847,732.25,debit,2024-11-18 17:29:25.976597,USD
8843,1747,,debit,2024-11-18 18:21:59.891989,USD
8844,1871,728.33,credit,2024-11-18 19:14:33.807380,EUR
8845,1438,1569.1,debit,2024-11-18 20:07:07.722772,USD
8846,1401,1949.73,debit,2024-11-18 20:59:41.638163,USD
8847,1545,1173.2,credit,2024-11-18 21:52:15.553555,USD
8848,1344,897.61,credit,2024-11-18 22:44:49.468946,USD
8849,1892,453.32,debit,2024-11-18 23:37:23.384338,USD
8850,1044,1310.33,credit,2024-11-19 00:29:57.299729,USD
8851,1645,1374.3,credit,2024-11-19 01:22:31.215121,EUR
8852,1020,1373.53,credit,2024-11-19 02:15:05.130513,USD
8853,1633,63.7,debit,2024-11-19 03:07:39.045904,USD
8854,1069,1799.25,credit,2024-11-19 04:00:12.961296,USD
8855,1863,682.83,credit,2024-11-19 04:52:46.876687,EUR
8856,1872,,debit,2024-11-19 05:45:20.792079,USD
8857,1047,1522.02,debit,2024-11-19 06:37:54.707470,USD
8858,1490,1304.6,debit,2024-11-19 07:30:28.622862,USD
8859,1550,795.78,credit,2024-11-19 08:23:02.538253,GBP
8860,1286,1220.68,credit,2024-11-19 09:15:36.453645,USD
8861,1009,90.0,credit,2024-11-19 10:08:10.369036,USD
8862,1541,,credit,2024-11-19 11:00:44.284428,USD
8863,1755,208.18,debit,2024-11-19 11:53:18.199819,EUR
8864,1273,799.53,debit,2024-11-19 12:45:52.115211,USD
8865,1955,216.2,credit,2024-11-19 13:38:26.030603,EUR
8866,1599,1675.78,credit,2024-11-19 14:30:59.945994,GBP
8867,1755,1105.1,credit,2024-11-19 15:23:33.861386,USD
8868,1380,1385.0,credit,2024-11-19 16:16:07.776777,USD
8869,1328,1368.34,credit,2024-11-19 17:08:41.692169,USD
8870,1478,1684.8,debit,2024-11-19 18:01:15.607560,USD
8871,1014,273.81,debit,2024-11-19 18:53:49.522952,USD
8872,1515,1322.86,debit,2024-11-19 19:46:23.438343,USD
8873,1190,1154.52,credit,2024-11-19 20:38:57.353735,USD
8874,1167,71.49,credit,2024-11-19 21:31:31.269126,USD
8875,1520,410.83,debit,2024-11-19 22:24:05.184518,GBP
8876,1620,542.47,credit,2024-11-19 23:16:39.099909,USD
8877,1136,154.39,credit,2024-11-20 00:09:13.015301,USD
8878,1153,715.89,credit,2024-11-20 01:01:46.930693,USD
8879,1387,64.13,debit,2024-11-20 01:54:20.846084,USD
8880,1208,1110.84,debit,2024-11-20 02:46:54.761476,USD
8881,1271,430.89,debit,2024-11-20 03:39:28.676867,USD
8882,1142,581.14,credit,2024-11-20 04:32:02.592259,GBP
8883,1610,1821.84,debit,2024-11-20 05:24:36.507650,USD
8884,1888,1010.61,debit,2024-11-20 06:17:10.423042,USD
8885,1819,545.34,credit,2024-11-20 07:09:44.338433,EUR
8886,1068,1200.94,debit,2024-11-20 08:02:18.253825,USD
8887,1246,411.33,credit,2024-11-20 08:54:52.169216,USD
8888,1260,158.05,debit,2024-11-20 09:47:26.084608,USD
8889,1787,51.6,debit,2024-11-20 10:40:00.000000,USD
8890,1078,1903.54,credit,2024-11-20 11:32:33.915391,GBP
8891,1657,1451.98,credit,2024-11-20 12:25:07.830783,USD
8892,1622,1601.9,credit,2024-11-20 13:17:41.746174,USD
8893,1769,1962.03,debit,2024-11-20 14:10:15.661566,USD
8894,1604,1863.94,credit,2024-11-20 15:02:49.576957,USD
8895,1524,1476.46,debit,2024-11-20 15:55:23.492349,EUR
8896,1771,1391.03,credit,2024-11-20 16:47:57.407740,USD
8897,1937,680.33,debit,2024-11-20 17:40:31.323132,USD
8898,1620,216.99,credit,2024-11-20 18:33:05.238523,GBP
8899,1329,1151.71,credit,2024-11-20 19:25:39.153915,USD
8900,1188,1156.74,debit,2024-11-20 20:18:13.069306,USD
8901,1094,1904.95,credit,2024-11-20 21:10:46.984698,EUR
8902,1616,890.72,credit,2024-11-20 22:03:20.900090,USD
8903,1007,1384.71,credit,2024-11-20 22:55:54.815481,USD
8904,1066,1154.19,credit,2024-11-20 23:48:28.730873,USD
8905,1495,361.75,credit,2024-11-21 00:41:02.646264,USD
8906,1190,1188.21,debit,2024-11-21 01:33:36.561656,USD
8907,1365,1084.83,debit,2024-11-21 02:26:10.477047,GBP
8908,1767,992.87,credit,2024-11-21 03:18:44.392439,USD
8909,1520,1031.71,credit,2024-11-21 04:11:18.307830,USD
8910,1989,336.34,credit,2024-11-21 05:03:52.223222,USD
8911,1116,932.32,debit,2024-11-21 05:56:26.138613,EUR
8912,1266,1215.25,credit,2024-11-21 06:49:00.054005,USD
8913,1610,984.0,credit,2024-11-21 07:41:33.969396,EUR
8914,1484,982.49,credit,2024-11-21 08:34:07.884788,USD
8915,1508,164.26,credit,2024-11-21 09:26:41.800180,USD
8916,1297,389.64,debit,2024-11-21 10:19:15.715571,EUR
8917,1908,648.74,credit,2024-11-21 11:11:49.630963,USD
8918,1163,844.5,credit,2024-11-21 12:04:23.546354,USD
8919,1375,1191.94,credit,2024-11-21 12:56:57.461746,USD
8920,1652,1728.06,debit,2024-11-21 13:49:31.377137,USD
8921,1267,326.74,debit,2024-11-21 14:42:05.292529,GBP
8922,1548,40.03,credit,2024-11-21 15:34:39.207920,USD
8923,1073,903.98,credit,2024-11-21 16:27:13.123312,EUR
8924,1507,869.88,debit,2024-11-21 17:19:47.038703,EUR
8925,1072,1108.28,credit,2024-11-21 18:12:20.954095,USD
8926,1307,1668.11,debit,2024-11-21 19:04:54.869486,USD
8927,1198,1606.7,credit,2024-11-21 19:57:28.784878,USD
8928,1129,209.09,credit,2024-11-21 20:50:02.700270,GBP
8929,1757,1868.65,debit,2024-11-21 21:42:36.615661,EUR
8930,1823,229.72,debit,2024-11-21 22:35:10.531053,USD
8931,1571,1272.8,debit,2024-11-21 23:27:44.446444,USD
8932,1790,1348.09,debit,2024-11-22 00:20:18.361836,USD
8933,1614,1362.96,credit,2024-11-22 01:12:52.277227,USD
8934,1807,538.05,debit,2024-11-22 02:05:26.192619,GBP
8935,1831,667.39,debit,2024-11-22 02:58:00.108010,USD
8936,1486,1101.87,credit,2024-11-22 03:50:34.023402,EUR
8937,1852,407.18,credit,2024-11-22 04:43:07.938793,USD
8938,1150,50.42,credit,2024-11-22 05:35:41.854185,EUR
8939,1668,1128.67,credit,2024-11-22 06:28:15.769576,USD
8940,1205,935.9,debit,2024-11-22 07:20:49.684968,EUR
8941,1985,1316.9,credit,2024-11-22 08:13:23.600360,GBP
8942,1178,301.93,credit,2024-11-22 09:05:57.515751,USD
8943,1196,1683.44,debit,2024-11-22 09:58:31.431143,GBP
8944,1734,300.98,credit,2024-11-22 10:51:05.346534,USD
8945,1088,1783.77,credit,2024-11-22 11:43:39.261926,GBP
8946,1798,904.55,debit,2024-11-22 12:36:13.177317,EUR
8947,1433,1104.11,credit,2024-11-22 13:28:47.092709,USD
8948,1787,1794.2,credit,2024-11-22 14:21:21.008100,USD
8949,1747,606.83,credit,2024-11-22 15:13:54.923492,GBP
8950,1182,371.84,debit,2024-11-22 16:06:28.838883,USD
8951,1208,897.05,credit,2024-11-22 16:59:02.754275,USD
8952,1492,496.29,credit,2024-11-22 17:51:36.669666,EUR
8953,1129,1060.41,credit,2024-11-22 18:44:10.585058,USD
8954,1664,557.76,debit,2024-11-22 19:36:44.500450,EUR
8955,1012,1730.33,credit,2024-11-22 20:29:18.415841,USD
8956,1633,1218.58,debit,2024-11-22 21:21:52.331233,USD
8957,1870,10.48,debit,2024-11-22 22:14:26.246624,USD
8958,1731,1612.89,credit,2024-11-22 23:07:00.162016,USD
8959,1105,667.12,debit,2024-11-22 23:59:34.077407,EUR
8960,1374,647.21,credit,2024-11-23 00:52:07.992799,USD
8961,1581,772.29,credit,2024-11-23 01:44:41.908190,USD
8962,1706,1264.22,debit,2024-11-23 02:37:15.823582,USD
8963,1697,889.7,credit,2024-11-23 03:29:49.738973,EUR
8964,1098,1260.98,debit,2024-11-23 04:22:23.654365,GBP
8965,1593,302.09,debit,2024-11-23 05:14:57.569756,EUR
8966,1586,1940.63,debit,2024-11-23 06:07:31.485148,USD
8967,1885,1461.92,credit,2024-11-23 07:00:05.400540,USD
8968,1851,507.91,debit,2024-11-23 07:52:39.315931,EUR
8969,1191,1451.1,credit,2024-11-23 08:45:13.231323,EUR
8970,1324,1154.3,credit,2024-11-23 09:37:47.146714,USD
8971,1978,227.29,credit,2024-11-23 10:30:21.062106,USD
8972,1725,364.61,credit,2024-11-23 11:22:54.977497,USD
8973,1826,92.2,credit,2024-11-23 12:15:28.892889,USD
8974,1955,1620.38,debit,2024-11-23 13:08:02.808280,USD
8975,1466,1107.89,debit,2024-11-23 14:00:36.723672,USD
8976,1893,640.33,debit,2024-11-23 14:53:10.639063,EUR
8977,1366,261.43,credit,2024-11-23 15:45:44.554455,USD
8978,1317,973.25,credit,2024-11-23 16:38:18.469846,USD
8979,1143,1055.27,debit,2024-11-23 17:30:52.385238,USD
8980,1383,1406.88,debit,2024-11-23 18:23:26.300630,USD
8981,1215,1940.18,debit,2024-11-23 19:16:00.216021,USD
8982,1360,875.54,debit,2024-11-23 20:08:34.131413,EUR
8983,1323,818.01,credit,2024-11-23 21:01:08.046804,USD
8984,1014,746.16,credit,2024-11-23 21:53:41.962196,EUR
8985,1216,1655.58,credit,2024-11-23 22:46:15.877587,USD
8986,1491,321.07,credit,2024-11-23 23:38:49.792979,GBP
8987,1950,694.19,debit,2024-11-24 00:31:23.708370,USD
8988,1546,1452.69,credit,2024-11-24 01:23:57.623762,USD
8989,1182,41.23,credit,2024-11-24 02:16:31.539153,USD
8990,1269,585.87,credit,2024-11-24 03:09:05.454545,EUR
8991,1944,1286.48,credit,2024-11-24 04:01:39.369936,USD
8992,1466,380.04,credit,2024-11-24 04:54:13.285328,USD
8993,1869,612.39,credit,2024-11-24 05:46:47.200720,USD
8994,1611,977.23,debit,2024-11-24 06:39:21.116111,USD
8995,1518,849.83,credit,2024-11-24 07:31:55.031503,USD
8996,1541,220.99,credit,2024-11-24 08:24:28.946894,USD
8997,1466,1877.09,credit,2024-11-24 09:17:02.862286,EUR
8998,1304,98.14,credit,2024-11-24 10:09:36.777677,GBP
8999,1984,1501.99,credit,2024-11-24 11:02:10.693069,USD
9000,1143,152.13,debit,2024-11-24 11:54:44.608460,USD
9001,1110,939.92,credit,2024-11-24 12:47:18.523852,USD
9002,1231,359.07,debit,2024-11-24 13:39:52.439243,USD
9003,1690,290.78,credit,2024-11-24 14:32:26.354635,USD
9004,1583,260.54,credit,2024-11-24 15:25:00.270027,EUR
9005,1721,911.05,debit,2024-11-24 16:17:34.185418,GBP
9006,1731,1035.81,credit,2024-11-24 17:10:08.100810,EUR
9007,1591,275.44,credit,2024-11-24 18:02:42.016201,USD
9008,1499,1959.0,credit,2024-11-24 18:55:15.931593,USD
9009,1594,522.95,credit,2024-11-24 19:47:49.846984,EUR
9010,1553,923.09,credit,2024-11-24 20:40:23.762376,USD
9011,1272,440.38,debit,2024-11-24 21:32:57.677767,USD
9012,1702,992.91,credit,2024-11-24 22:25:31.593159,USD
9013,1172,1514.47,debit,2024-11-24 23:18:05.508550,GBP
9014,1972,1046.99,credit,2024-11-25 00:10:39.423942,EUR
9015,1006,578.44,credit,2024-11-25 01:03:13.339333,USD
9016,1154,504.31,credit,2024-11-25 01:55:47.254725,GBP
9017,1521,1520.28,credit,2024-11-25 02:48:21.170117,EUR
9018,1545,245.29,credit,2024-11-25 03:40:55.085508,USD
9019,1547,746.23,credit,2024-11-25 04:33:29.000900,USD
9020,1920,311.45,debit,2024-11-25 05:26:02.916291,USD
9021,1517,523.37,debit,2024-11-25 06:18:36.831683,USD
9022,1919,313.84,debit,2024-11-25 07:11:10.747074,EUR
9023,1913,1774.68,credit,2024-11-25 08:03:44.662466,EUR
9024,1214,1466.49,debit,2024-11-25 08:56:18.577857,USD
9025,1133,1126.25,credit,2024-11-25 09:48:52.493249,EUR
9026,1284,456.61,debit,2024-11-25 10:41:26.408640,USD
9027,1125,1025.35,credit,2024-11-25 11:34:00.324032,USD
9028,1920,1046.46,credit,2024-11-25 12:26:34.239423,EUR
9029,1438,1184.9,debit,2024-11-25 13:19:08.154815,USD
9030,1848,129.57,credit,2024-11-25 14:11:42.070207,USD
9031,1685,1946.07,debit,2024-11-25 15:04:15.985598,USD
9032,1151,936.22,credit,2024-11-25 15:56:49.900990,USD
9033,1330,1853.8,credit,2024-11-25 16:49:23.816381,USD
9034,1537,29.52,debit,2024-11-25 17:41:57.731773,USD
9035,1382,502.64,debit,2024-11-25 18:34:31.647164,USD
9036,1114,216.95,debit,2024-11-25 19:27:05.562556,USD
9037,1893,1541.54,credit,2024-11-25 20:19:39.477947,USD
9038,1481,647.05,credit,2024-11-25 21:12:13.393339,USD
9039,1283,1682.58,credit,2024-11-25 22:04:47.308730,USD
9040,1898,1666.45,credit,2024-11-25 22:57:21.224122,EUR
9041,1074,1338.91,debit,2024-11-25 23:49:55.139513,USD
9042,1165,1334.91,credit,2024-11-26 00:42:29.054905,EUR
9043,1188,1403.32,credit,2024-11-26 01:35:02.970297,USD
9044,1077,1350.79,debit,2024-11-26 02:27:36.885688,USD
9045,1946,779.95,credit,2024-11-26 03:20:10.801080,EUR
9046,1601,1368.83,debit,2024-11-26 04:12:44.716471,USD
9047,1687,1795.84,debit,2024-11-26 05:05:18.631863,USD
9048,1020,671.82,credit,2024-11-26 05:57:52.547254,USD
9049,1565,1890.33,credit,2024-11-26 06:50:26.462646,USD
9050,1183,37.03,credit,2024-11-26 07:43:00.378037,USD
9051,1870,704.67,debit,2024-11-26 08:35:34.293429,USD
9052,1221,272.88,credit,2024-11-26 09:28:08.208820,USD
9053,1826,261.97,debit,2024-11-26 10:20:42.124212,USD
9054,1327,1632.7,credit,2024-11-26 11:13:16.039603,USD
9055,1178,1837.55,debit,2024-11-26 12:05:49.954995,USD
9056,1787,1557.74,debit,2024-11-26 12:58:23.870387,EUR
9057,1111,1953.47,debit,2024-11-26 13:50:57.785778,GBP
9058,1735,440.49,credit,2024-11-26 14:43:31.701170,USD
9059,1725,290.19,credit,2024-11-26 15:36:05.616561,EUR
9060,1058,1046.2,credit,2024-11-26 16:28:39.531953,USD
9061,1326,1659.78,credit,2024-11-26 17:21:13.447344,USD
9062,1904,89.28,credit,2024-11-26 18:13:47.362736,USD
9063,1620,1991.18,debit,2024-11-26 19:06:21.278127,EUR
9064,1896,1208.47,debit,2024-11-26 19:58:55.193519,USD
9065,1668,1958.09,credit,2024-11-26 20:51:29.108910,EUR
9066,1190,736.51,debit,2024-11-26 21:44:03.024302,EUR
9067,1199,921.47,credit,2024-11-26 22:36:36.939693,USD
9068,1311,1507.2,credit,2024-11-26 23:29:10.855085,USD
9069,1707,1587.47,debit,2024-11-27 00:21:44.770477,EUR
9070,1034,473.74,debit,2024-11-27 01:14:18.685868,USD
9071,1378,1860.3,credit,2024-11-27 02:06:52.601260,GBP
9072,1386,1736.17,debit,2024-11-27 02:59:26.516651,GBP
9073,1757,46.23,debit,2024-11-27 03:52:00.432043,USD
9074,1236,265.85,credit,2024-11-27 04:44:34.347434,USD
9075,1615,997.23,credit,2024-11-27 05:37:08.262826,USD
9076,1518,927.3,debit,2024-11-27 06:29:42.178217,EUR
9077,1282,1419.7,debit,2024-11-27 07:22:16.093609,USD
9078,1000,188.53,credit,2024-11-27 08:14:50.009000,USD
9079,1730,1293.26,credit,2024-11-27 09:07:23.924392,USD
9080,1463,1236.58,debit,2024-11-27 09:59:57.839783,GBP
9081,1229,474.9,debit,2024-11-27 10:52:31.755175,USD
9082,1966,1089.36,credit,2024-11-27 11:45:05.670567,EUR
9083,1171,,credit,2024-11-27 12:37:39.585958,USD
9084,1086,302.38,debit,2024-11-27 13:30:13.501350,USD
9085,1552,1150.54,debit,2024-11-27 14:22:47.416741,EUR
9086,1122,1955.17,debit,2024-11-27 15:15:21.332133,USD
9087,1842,481.5,debit,2024-11-27 16:07:55.247524,USD
9088,1297,717.12,debit,2024-11-27 17:00:29.162916,EUR
9089,1884,520.58,debit,2024-11-27 17:53:03.078307,USD
9090,1928,540.26,debit,2024-11-27 18:45:36.993699,USD
9091,1689,814.34,debit,2024-11-27 19:38:10.909090,USD
9092,1574,1406.69,debit,2024-11-27 20:30:44.824482,USD
9093,1483,87.22,debit,2024-11-27 21:23:18.739873,EUR
9094,1164,1914.68,debit,2024-11-27 22:15:52.655265,USD
9095,1698,102.1,credit,2024-11-27 23:08:26.570657,USD
9096,1382,1763.69,credit,2024-11-28 00:01:00.486048,USD
9097,1208,1789.81,credit,2024-11-28 00:53:34.401440,USD
9098,1738,1053.73,credit,2024-11-28 01:46:08.316831,USD
9099,1431,282.62,credit,2024-11-28 02:38:42.232223,USD
9100,1388,1134.64,debit,2024-11-28 03:31:16.147614,EUR
9101,1559,1260.98,credit,2024-11-28 04:23:50.063006,GBP
9102,1223,1716.94,credit,2024-11-28 05:16:23.978397,EUR
9103,1002,1106.28,credit,2024-11-28 06:08:57.893789,USD
9104,1371,827.31,credit,2024-11-28 07:01:31.809180,USD
9105,1686,1678.2,debit,2024-11-28 07:54:05.724572,EUR
9106,1445,1962.09,credit,2024-11-28 08:46:39.639963,USD
9107,1610,1293.76,credit,2024-11-28 09:39:13.555355,EUR
9108,1115,1750.03,debit,2024-11-28 10:31:47.470747,EUR
9109,1269,1201.48,credit,2024-11-28 11:24:21.386138,USD
9110,1446,1382.68,debit,2024-11-28 12:16:55.301530,USD
9111,1367,1379.45,credit,2024-11-28 13:09:29.216921,USD
9112,1252,1412.53,credit,2024-11-28 14:02:03.132313,USD
9113,1316,648.82,credit,2024-11-28 14:54:37.047704,EUR
9114,1414,1155.57,credit,2024-11-28 15:47:10.963096,GBP
9115,1094,1192.33,credit,2024-11-28 16:39:44.878487,GBP
9116,1784,636.99,credit,2024-11-28 17:32:18.793879,USD
9117,1891,706.21,debit,2024-11-28 18:24:52.709270,GBP
9118,1023,1526.87,debit,2024-11-28 19:17:26.624662,EUR
9119,1627,1169.62,credit,2024-11-28 20:10:00.540054,EUR
9120,1662,306.93,credit,2024-11-28 21:02:34.455445,GBP
9121,1849,1676.9,debit,2024-11-28 21:55:08.370837,USD
9122,1049,1767.4,credit,2024-11-28 22:47:42.286228,USD
9123,1501,937.62,credit,2024-11-28 23:40:16.201620,USD
9124,1717,,credit,2024-11-29 00:32:50.117011,USD
9125,1497,1895.74,debit,2024-11-29 01:25:24.032403,USD
9126,1334,1765.72,credit,2024-11-29 02:17:57.947794,USD
9127,1078,496.32,debit,2024-11-29 03:10:31.863186,USD
9128,1581,200.23,credit,2024-11-29 04:03:05.778577,USD
9129,1026,886.9,credit,2024-11-29 04:55:39.693969,GBP
9130,1270,1356.03,credit,2024-11-29 05:48:13.609360,USD
9131,1561,359.02,credit,2024-11-29 06:40:47.524752,USD
9132,1803,1031.29,credit,2024-11-29 07:33:21.440144,USD
9133,1246,856.58,debit,2024-11-29 08:25:55.355535,USD
9134,1775,1782.2,credit,2024-11-29 09:18:29.270927,USD
9135,1590,864.84,debit,2024-11-29 10:11:03.186318,USD
9136,1386,1072.22,credit,2024-11-29 11:03:37.101710,USD
9137,1701,1911.02,credit,2024-11-29 11:56:11.017101,EUR
9138,1558,606.39,credit,2024-11-29 12:48:44.932493,USD
9139,1972,585.09,credit,2024-11-29 13:41:18.847884,EUR
9140,1360,1601.19,debit,2024-11-29 14:33:52.763276,EUR
9141,1865,562.3,debit,2024-11-29 15:26:26.678667,EUR
9142,1983,1665.41,debit,2024-11-29 16:19:00.594059,USD
9143,1487,200.12,credit,2024-11-29 17:11:34.509450,USD
9144,1351,231.41,credit,2024-11-29 18:04:08.424842,USD
9145,1700,1803.63,debit,2024-11-29 18:56:42.340234,USD
9146,1927,1086.22,debit,2024-11-29 19:49:16.255625,USD
9147,1255,1440.44,credit,2024-11-29 20:41:50.171017,USD
9148,1221,458.32,credit,2024-11-29 21:34:24.086408,USD
9149,1883,340.89,debit,2024-11-29 22:26:58.001800,USD
9150,1752,1671.56,debit,2024-11-29 23:19:31.917191,GBP
9151,1780,723.66,credit,2024-11-30 00:12:05.832583,USD
9152,1000,915.51,credit,2024-11-30 01:04:39.747974,USD
9153,1545,65.66,debit,2024-11-30 01:57:13.663366,EUR
9154,1445,777.9,credit,2024-11-30 02:49:47.578757,GBP
9155,1078,1543.17,credit,2024-11-30 03:42:21.494149,USD
9156,1235,1644.34,credit,2024-11-30 04:34:55.409540,USD
9157,1333,1400.52,credit,2024-11-30 05:27:29.324932,USD
9158,1888,1387.44,debit,2024-11-30 06:20:03.240324,EUR
9159,1348,1017.42,credit,2024-11-30 07:12:37.155715,USD
9160,1097,1081.28,debit,2024-11-30 08:05:11.071107,EUR
9161,1081,1487.84,credit,2024-11-30 08:57:44.986498,EUR
9162,1501,502.13,debit,2024-11-30 09:50:18.901890,USD
9163,1966,470.72,credit,2024-11-30 10:42:52.817281,USD
9164,1476,1900.35,credit,2024-11-30 11:35:26.732673,USD
9165,1926,65.1,debit,2024-11-30 12:28:00.648064,USD
9166,1703,287.54,credit,2024-11-30 13:20:34.563456,USD
9167,1764,1144.96,credit,2024-11-30 14:13:08.478847,USD
9168,1920,1478.29,credit,2024-11-30 15:05:42.394239,EUR
9169,1549,1080.4,credit,2024-11-30 15:58:16.309630,EUR
9170,1013,716.58,credit,2024-11-30 16:50:50.225022,USD
9171,1391,1956.17,debit,2024-11-30 17:43:24.140414,USD
9172,1346,1410.67,credit,2024-11-30 18:35:58.055805,EUR
9173,1309,1664.47,credit,2024-11-30 19:28:31.971197,GBP
9174,1385,90.09,credit,2024-11-30 20:21:05.886588,USD
9175,1208,479.48,credit,2024-11-30 21:13:39.801980,EUR
9176,1356,754.6,debit,2024-11-30 22:06:13.717371,USD
9177,1973,373.38,debit,2024-11-30 22:58:47.632763,USD
9178,1600,155.07,credit,2024-11-30 23:51:21.548154,USD
9179,1567,457.93,debit,2024-12-01 00:43:55.463546,EUR
9180,1093,1071.93,credit,2024-12-01 01:36:29.378937,USD
9181,1092,1394.53,credit,2024-12-01 02:29:03.294329,EUR
9182,1339,1550.3,credit,2024-12-01 03:21:37.209720,USD
9183,1596,95.44,credit,2024-12-01 04:14:11.125112,USD
9184,1444,861.69,credit,2024-12-01 05:06:45.040504,USD
9185,1756,253.2,credit,2024-12-01 05:59:18.955895,USD
9186,1021,868.09,credit,2024-12-01 06:51:52.871287,USD
9187,1290,873.61,credit,2024-12-01 07:44:26.786678,USD
9188,1484,1001.44,debit,2024-12-01 08:37:00.702070,USD
9189,1783,1786.73,credit,2024-12-01 09:29:34.617461,USD
9190,1305,1612.14,credit,2024-12-01 10:22:08.532853,USD
9191,1633,1277.07,credit,2024-12-01 11:14:42.448244,EUR
9192,1127,1771.96,debit,2024-12-01 12:07:16.363636,USD
9193,1624,1360.15,credit,2024-12-01 12:59:50.279027,USD
9194,1938,1639.52,credit,2024-12-01 13:52:24.194419,EUR
9195,1272,1131.92,debit,2024-12-01 14:44:58.109810,USD
9196,1847,1055.18,debit,2024-12-01 15:37:32.025202,USD
9197,1441,1450.95,debit,2024-12-01 16:30:05.940594,USD
9198,1502,49.18,credit,2024-12-01 17:22:39.855985,USD
9199,1129,1383.85,debit,2024-12-01 18:15:13.771377,USD
9200,1131,1869.69,debit,2024-12-01 19:07:47.686768,USD
9201,1596,1430.74,debit,2024-12-01 20:00:21.602160,USD
9202,1934,83.22,debit,2024-12-01 20:52:55.517551,USD
9203,1481,761.99,credit,2024-12-01 21:45:29.432943,USD
9204,1861,1621.07,debit,2024-12-01 22:38:03.348334,USD
9205,1389,1917.63,credit,2024-12-01 23:30:37.263726,USD
9206,1592,746.63,credit,2024-12-02 00:23:11.179117,EUR
9207,1998,1683.98,credit,2024-12-02 01:15:45.094509,USD
9208,1984,1728.98,credit,2024-12-02 02:08:19.009900,USD
9209,1324,,credit,2024-12-02 03:00:52.925292,GBP
9210,1068,1693.12,debit,2024-12-02 03:53:26.840684,EUR
9211,1659,655.26,credit,2024-12-02 04:46:00.756075,USD
9212,1447,1190.54,credit,2024-12-02 05:38:34.671467,USD
9213,1527,1082.53,credit,2024-12-02 06:31:08.586858,USD
9214,1818,1329.48,credit,2024-12-02 07:23:42.502250,GBP
9215,1616,1483.52,debit,2024-12-02 08:16:16.417641,USD
9216,1164,887.35,debit,2024-12-02 09:08:50.333033,USD
9217,1487,1777.74,credit,2024-12-02 10:01:24.248424,EUR
9218,1712,1620.9,debit,2024-12-02 10:53:58.163816,USD
9219,1708,1572.99,credit,2024-12-02 11:46:32.079207,USD
9220,1425,921.91,debit,2024-12-02 12:39:05.994599,USD
9221,1696,84.77,credit,2024-12-02 13:31:39.909991,GBP
9222,1833,989.59,debit,2024-12-02 14:24:13.825382,GBP
9223,1264,1797.91,credit,2024-12-02 15:16:47.740774,USD
9224,1874,389.0,debit,2024-12-02 16:09:21.656165,USD
9225,1611,1965.36,credit,2024-12-02 17:01:55.571557,USD
9226,1341,1617.3,credit,2024-12-02 17:54:29.486948,USD
9227,1831,1422.56,debit,2024-12-02 18:47:03.402340,USD
9228,1725,1357.55,credit,2024-12-02 19:39:37.317731,USD
9229,1277,1178.18,debit,2024-12-02 20:32:11.233123,USD
9230,1673,1444.13,debit,2024-12-02 21:24:45.148514,USD
9231,1438,849.59,credit,2024-12-02 22:17:19.063906,USD
9232,1156,1692.12,credit,2024-12-02 23:09:52.979297,USD
9233,1421,1395.73,debit,2024-12-03 00:02:26.894689,GBP
9234,1250,1544.79,debit,2024-12-03 00:55:00.810081,USD
9235,1877,,credit,2024-12-03 01:47:34.725472,USD
9236,1608,193.22,credit,2024-12-03 02:40:08.640864,USD
9237,1529,120.73,credit,2024-12-03 03:32:42.556255,USD
9238,1326,1603.96,credit,2024-12-03 04:25:16.471647,EUR
9239,1960,526.17,credit,2024-12-03 05:17:50.387038,USD
9240,1894,1168.12,debit,2024-12-03 06:10:24.302430,EUR
9241,1096,892.98,debit,2024-12-03 07:02:58.217821,EUR
9242,1512,53.86,debit,2024-12-03 07:55:32.133213,USD
9243,1215,90.16,credit,2024-12-03 08:48:06.048604,USD
9244,1131,1655.98,credit,2024-12-03 09:40:39.963996,USD
9245,1259,1219.28,debit,2024-12-03 10:33:13.879387,EUR
9246,1124,1052.45,debit,2024-12-03 11:25:47.794779,USD
9247,1081,1889.26,debit,2024-12-03 12:18:21.710171,GBP
9248,1282,354.5,credit,2024-12-03 13:10:55.625562,USD
9249,1682,523.36,credit,2024-12-03 14:03:29.540954,USD
9250,1058,1515.91,credit,2024-12-03 14:56:03.456345,USD
9251,1543,1552.72,credit,2024-12-03 15:48:37.371737,USD
9252,1160,815.75,debit,2024-12-03 16:41:11.287128,USD
9253,1283,1902.45,credit,2024-12-03 17:33:45.202520,USD
9254,1105,1877.13,debit,2024-12-03 18:26:19.117911,USD
9255,1104,34.7,credit,2024-12-03 19:18:53.033303,USD
9256,1438,,credit,2024-12-03 20:11:26.948694,USD
9257,1227,1642.24,debit,2024-12-03 21:04:00.864086,USD
9258,1699,677.08,credit,2024-12-03 21:56:34.779477,USD
9259,1581,199.97,debit,2024-12-03 22:49:08.694869,EUR
9260,1317,1572.15,debit,2024-12-03 23:41:42.610261,USD
9261,1463,914.62,debit,2024-12-04 00:34:16.525652,USD
9262,1801,989.9,credit,2024-12-04 01:26:50.441044,USD
9263,1598,380.88,credit,2024-12-04 02:19:24.356435,USD
9264,1881,1325.18,credit,2024-12-04 03:11:58.271827,USD
9265,1873,1106.97,debit,2024-12-04 04:04:32.187218,EUR
9266,1471,421.28,credit,2024-12-04 04:57:06.102610,USD
9267,1055,687.26,credit,2024-12-04 05:49:40.018001,GBP
9268,1624,1197.79,credit,2024-12-04 06:42:13.933393,USD
9269,1012,1850.5,credit,2024-12-04 07:34:47.848784,EUR
9270,1439,1841.55,debit,2024-12-04 08:27:21.764176,USD
9271,1017,582.93,credit,2024-12-04 09:19:55.679567,USD
9272,1693,1473.89,credit,2024-12-04 10:12:29.594959,USD
9273,1972,1553.28,credit,2024-12-04 11:05:03.510351,USD
9274,1112,1619.56,debit,2024-12-04 11:57:37.425742,EUR
9275,1228,1145.82,debit,2024-12-04 12:50:11.341134,EUR
9276,1170,30.91,credit,2024-12-04 13:42:45.256525,USD
9277,1294,1525.74,credit,2024-12-04 14:35:19.171917,USD
9278,1188,222.13,credit,2024-12-04 15:27:53.087308,USD
9279,1425,242.57,credit,2024-12-04 16:20:27.002700,GBP
9280,1976,1215.19,credit,2024-12-04 17:13:00.918091,USD
9281,1078,1967.21,credit,2024-12-04 18:05:34.833483,EUR
9282,1657,492.65,debit,2024-12-04 18:58:08.748874,USD
9283,1918,1295.16,debit,2024-12-04 19:50:42.664266,EUR
9284,1181,614.27,credit,2024-12-04 20:43:16.579657,USD
9285,1498,1798.46,credit,2024-12-04 21:35:50.495049,USD
9286,1797,1191.1,credit,2024-12-04 22:28:24.410441,USD
9287,1761,422.88,credit,2024-12-04 23:20:58.325832,USD
9288,1865,531.64,credit,2024-12-05 00:13:32.241224,USD
9289,1825,870.64,debit,2024-12-05 01:06:06.156615,EUR
9290,1707,252.87,credit,2024-12-05 01:58:40.072007,USD
9291,1834,166.68,debit,2024-12-05 02:51:13.987398,GBP
9292,1070,1363.32,debit,2024-12-05 03:43:47.902790,USD
9293,1247,820.26,debit,2024-12-05 04:36:21.818181,USD
9294,1145,,debit,2024-12-05 05:28:55.733573,GBP
9295,1617,229.02,debit,2024-12-05 06:21:29.648964,USD
9296,1774,1223.63,credit,2024-12-05 07:14:03.564356,USD
9297,1295,892.18,debit,2024-12-05 08:06:37.479747,USD
9298,1581,125.42,credit,2024-12-05 08:59:11.395139,GBP
9299,1469,1094.16,debit,2024-12-05 09:51:45.310531,EUR
9300,1505,174.78,credit,2024-12-05 10:44:19.225922,EUR
9301,1192,1657.16,credit,2024-12-05 11:36:53.141314,GBP
9302,1067,1267.6,credit,2024-12-05 12:29:27.056705,USD
9303,1493,1118.37,credit,2024-12-05 13:22:00.972097,USD
9304,1816,275.6,credit,2024-12-05 14:14:34.887488,USD
9305,1051,582.04,debit,2024-12-05 15:07:08.802880,EUR
9306,1881,990.82,credit,2024-12-05 15:59:42.718271,EUR
9307,1362,1270.23,debit,2024-12-05 16:52:16.633663,USD
9308,1796,374.63,credit,2024-12-05 17:44:50.549054,USD
9309,1916,27.64,credit,2024-12-05 18:37:24.464446,EUR
9310,1473,696.07,credit,2024-12-05 19:29:58.379837,USD
9311,1845,970.91,credit,2024-12-05 20:22:32.295229,USD
9312,1520,377.02,credit,2024-12-05 21:15:06.210621,USD
9313,1762,989.41,credit,2024-12-05 22:07:40.126012,GBP
9314,1430,683.59,credit,2024-12-05 23:00:14.041404,USD
9315,1843,915.63,debit,2024-12-05 23:52:47.956795,USD
9316,1297,701.44,credit,2024-12-06 00:45:21.872187,USD
9317,1434,1260.65,debit,2024-12-06 01:37:55.787578,USD
9318,1695,95.37,debit,2024-12-06 02:30:29.702970,USD
9319,1690,350.1,debit,2024-12-06 03:23:03.618361,EUR
9320,1197,871.17,debit,2024-12-06 04:15:37.533753,USD
9321,1127,719.03,credit,2024-12-06 05:08:11.449144,EUR
9322,1531,789.35,debit,2024-12-06 06:00:45.364536,USD
9323,1983,1609.48,credit,2024-12-06 06:53:19.279927,GBP
9324,1410,1773.8,credit,2024-12-06 07:45:53.195319,USD
9325,1933,504.85,debit,2024-12-06 08:38:27.110711,USD
9326,1839,1674.42,debit,2024-12-06 09:31:01.026102,USD
9327,1064,922.99,debit,2024-12-06 10:23:34.941494,USD
9328,1693,554.9,credit,2024-12-06 11:16:08.856885,USD
9329,1240,1971.06,credit,2024-12-06 12:08:42.772277,USD
9330,1368,1651.36,debit,2024-12-06 13:01:16.687668,USD
9331,1535,1988.56,debit,2024-12-06 13:53:50.603060,EUR
9332,1383,344.7,credit,2024-12-06 14:46:24.518451,USD
9333,1430,296.25,credit,2024-12-06 15:38:58.433843,USD
9334,1966,1011.72,debit,2024-12-06 16:31:32.349234,USD
9335,1082,1280.9,debit,2024-12-06 17:24:06.264626,USD
9336,1981,350.41,credit,2024-12-06 18:16:40.180018,USD
9337,1830,1722.26,debit,2024-12-06 19:09:14.095409,USD
9338,1696,1068.71,credit,2024-12-06 20:01:48.010801,USD
9339,1950,827.77,debit,2024-12-06 20:54:21.926192,USD
9340,1827,1208.09,credit,2024-12-06 21:46:55.841584,EUR
9341,1610,1273.56,credit,2024-12-06 22:39:29.756975,USD
9342,1573,95.14,debit,2024-12-06 23:32:03.672367,USD
9343,1285,1999.79,credit,2024-12-07 00:24:37.587758,GBP
9344,1988,734.2,debit,2024-12-07 01:17:11.503150,USD
9345,1533,132.47,debit,2024-12-07 02:09:45.418541,USD
9346,1458,1706.12,debit,2024-12-07 03:02:19.333933,EUR
9347,1211,1986.11,credit,2024-12-07 03:54:53.249324,USD
9348,1125,1634.55,debit,2024-12-07 04:47:27.164716,USD
9349,1412,1705.25,debit,2024-12-07 05:40:01.080108,USD
9350,1498,1255.61,debit,2024-12-07 06:32:34.995499,USD
9351,1424,1845.43,credit,2024-12-07 07:25:08.910891,EUR
9352,1553,81.12,credit,2024-12-07 08:17:42.826282,EUR
9353,1609,1535.78,credit,2024-12-07 09:10:16.741674,USD
9354,1960,1344.71,credit,2024-12-07 10:02:50.657065,GBP
9355,1542,108.67,debit,2024-12-07 10:55:24.572457,USD
9356,1157,1092.51,credit,2024-12-07 11:47:58.487848,USD
9357,1111,1034.97,debit,2024-12-07 12:40:32.403240,GBP
9358,1401,1386.15,credit,2024-12-07 13:33:06.318631,USD
9359,1758,164.29,credit,2024-12-07 14:25:40.234023,USD
9360,1121,1612.5,credit,2024-12-07 15:18:14.149414,USD
9361,1272,287.41,debit,2024-12-07 16:10:48.064806,GBP
9362,1293,843.14,credit,2024-12-07 17:03:21.980198,USD
9363,1397,1763.76,credit,2024-12-07 17:55:55.895589,USD
9364,1470,1125.46,debit,2024-12-07 18:48:29.810981,USD
9365,1984,765.39,credit,2024-12-07 19:41:03.726372,USD
9366,1206,105.92,debit,2024-12-07 20:33:37.641764,USD
9367,1109,1347.82,debit,2024-12-07 21:26:11.557155,GBP
9368,1439,1973.23,credit,2024-12-07 22:18:45.472547,EUR
9369,1277,1824.47,debit,2024-12-07 23:11:19.387938,GBP
9370,1962,1437.42,debit,2024-12-08 00:03:53.303330,USD
9371,1567,219.53,credit,2024-12-08 00:56:27.218721,USD
9372,1886,486.49,credit,2024-12-08 01:49:01.134113,USD
9373,1914,381.83,debit,2024-12-08 02:41:35.049504,EUR
9374,1568,717.37,debit,2024-12-08 03:34:08.964896,GBP
9375,1939,478.68,credit,2024-12-08 04:26:42.880288,GBP
9376,1481,496.43,credit,2024-12-08 05:19:16.795679,USD
9377,1802,1237.29,debit,2024-12-08 06:11:50.711071,USD
9378,1113,644.22,credit,2024-12-08 07:04:24.626462,USD
9379,1892,1357.55,debit,2024-12-08 07:56:58.541854,USD
9380,1896,1896.3,debit,2024-12-08 08:49:32.457245,USD
9381,1819,1280.57,credit,2024-12-08 09:42:06.372637,USD
9382,1852,1505.8,credit,2024-12-08 10:34:40.288028,USD
9383,1476,1505.65,debit,2024-12-08 11:27:14.203420,USD
9384,1709,668.1,credit,2024-12-08 12:19:48.118811,USD
9385,1932,39.77,credit,2024-12-08 13:12:22.034203,USD
9386,1320,119.55,debit,2024-12-08 14:04:55.949594,USD
9387,1178,571.3,debit,2024-12-08 14:57:29.864986,USD
9388,1896,1382.19,debit,2024-12-08 15:50:03.780378,USD
9389,1218,1814.3,credit,2024-12-08 16:42:37.695769,USD
9390,1788,1918.01,debit,2024-12-08 17:35:11.611161,EUR
9391,1948,61.44,credit,2024-12-08 18:27:45.526552,USD
9392,1527,1980.27,debit,2024-12-08 19:20:19.441944,USD
9393,1491,651.77,debit,2024-12-08 20:12:53.357335,USD
9394,1890,1687.48,debit,2024-12-08 21:05:27.272727,USD
9395,1060,368.79,debit,2024-12-08 21:58:01.188118,USD
9396,1053,135.17,credit,2024-12-08 22:50:35.103510,EUR
9397,1679,762.93,debit,2024-12-08 23:43:09.018901,USD
9398,1537,1719.26,debit,2024-12-09 00:35:42.934293,USD
9399,1847,449.44,debit,2024-12-09 01:28:16.849684,USD
9400,1987,316.38,credit,2024-12-09 02:20:50.765076,USD
9401,1064,1820.51,debit,2024-12-09 03:13:24.680468,USD
9402,1611,1877.29,credit,2024-12-09 04:05:58.595859,EUR
9403,1585,34.97,debit,2024-12-09 04:58:32.511251,USD
9404,1703,1457.6,credit,2024-12-09 05:51:06.426642,USD
9405,1170,625.32,debit,2024-12-09 06:43:40.342034,USD
9406,1272,755.66,debit,2024-12-09 07:36:14.257425,USD
9407,1888,943.51,credit,2024-12-09 08:28:48.172817,USD
9408,1698,859.31,debit,2024-12-09 09:21:22.088208,EUR
9409,1534,1034.8,credit,2024-12-09 10:13:56.003600,EUR
9410,1390,1168.9,debit,2024-12-09 11:06:29.918991,EUR
9411,1939,936.54,debit,2024-12-09 11:59:03.834383,USD
9412,1692,1406.11,credit,2024-12-09 12:51:37.749774,EUR
9413,1326,1440.02,credit,2024-12-09 13:44:11.665166,EUR
9414,1107,,debit,2024-12-09 14:36:45.580558,GBP
9415,1846,293.5,credit,2024-12-09 15:29:19.495949,GBP
9416,1161,1284.87,debit,2024-12-09 16:21:53.411341,USD
9417,1813,1548.18,debit,2024-12-09 17:14:27.326732,USD
9418,1451,1279.84,credit,2024-12-09 18:07:01.242124,USD
9419,1205,1180.23,debit,2024-12-09 18:59:35.157515,USD
9420,1589,466.53,credit,2024-12-09 19:52:09.072907,EUR
9421,1015,1293.82,credit,2024-12-09 20:44:42.988298,EUR
9422,1326,676.36,credit,2024-12-09 21:37:16.903690,EUR
9423,1607,1839.92,credit,2024-12-09 22:29:50.819081,USD
9424,1658,1310.9,debit,2024-12-09 23:22:24.734473,USD
9425,1001,563.58,debit,2024-12-10 00:14:58.649864,USD
9426,1009,951.12,debit,2024-12-10 01:07:32.565256,USD
9427,1433,1694.7,debit,2024-12-10 02:00:06.480648,EUR
9428,1124,677.57,credit,2024-12-10 02:52:40.396039,EUR
9429,1080,1055.63,credit,2024-12-10 03:45:14.311431,USD
9430,1484,1362.54,debit,2024-12-10 04:37:48.226822,GBP
9431,1651,1511.51,debit,2024-12-10 05:30:22.142214,USD
9432,1837,356.05,credit,2024-12-10 06:22:56.057605,USD
9433,1149,1134.65,debit,2024-12-10 07:15:29.972997,USD
9434,1799,1825.28,credit,2024-12-10 08:08:03.888388,USD
9435,1872,1937.04,credit,2024-12-10 09:00:37.803780,GBP
9436,1339,1315.73,debit,2024-12-10 09:53:11.719171,EUR
9437,1128,1967.49,credit,2024-12-10 10:45:45.634563,USD
9438,1437,1145.76,credit,2024-12-10 11:38:19.549954,USD
9439,1750,890.78,debit,2024-12-10 12:30:53.465346,USD
9440,1500,1107.66,debit,2024-12-10 13:23:27.380738,USD
9441,1057,240.27,debit,2024-12-10 14:16:01.296129,USD
9442,1197,809.41,credit,2024-12-10 15:08:35.211521,USD
9443,1210,922.23,credit,2024-12-10 16:01:09.126912,USD
9444,1913,1698.77,credit,2024-12-10 16:53:43.042304,USD
9445,1901,1519.71,debit,2024-12-10 17:46:16.957695,USD
9446,1044,1206.84,debit,2024-12-10 18:38:50.873087,USD
9447,1096,701.08,debit,2024-12-10 19:31:24.788478,EUR
9448,1278,382.2,debit,2024-12-10 20:23:58.703870,GBP
9449,1534,702.05,credit,2024-12-10 21:16:32.619261,USD
9450,1409,1362.81,credit,2024-12-10 22:09:06.534653,USD
9451,1460,533.45,credit,2024-12-10 23:01:40.450045,USD
9452,1390,859.5,debit,2024-12-10 23:54:14.365436,USD
9453,1846,779.67,credit,2024-12-11 00:46:48.280828,USD
9454,1043,1533.52,credit,2024-12-11 01:39:22.196219,GBP
9455,1026,1768.74,credit,2024-12-11 02:31:56.111611,EUR
9456,1793,1401.75,debit,2024-12-11 03:24:30.027002,USD
9457,1096,689.79,debit,2024-12-11 04:17:03.942394,USD
9458,1974,872.02,debit,2024-12-11 05:09:37.857785,USD
9459,1547,295.27,debit,2024-12-11 06:02:11.773177,USD
9460,1620,344.51,debit,2024-12-11 06:54:45.688568,USD
9461,1566,336.94,credit,2024-12-11 07:47:19.603960,USD
9462,1703,269.87,credit,2024-12-11 08:39:53.519351,USD
9463,1218,,debit,2024-12-11 09:32:27.434743,EUR
9464,1184,413.35,credit,2024-12-11 10:25:01.350135,USD
9465,1068,232.57,credit,2024-12-11 11:17:35.265526,USD
9466,1828,1284.12,credit,2024-12-11 12:10:09.180918,USD
9467,1129,1980.9,credit,2024-12-11 13:02:43.096309,USD
9468,1566,1759.58,credit,2024-12-11 13:55:17.011701,USD
9469,1889,100.75,credit,2024-12-11 14:47:50.927092,USD
9470,1608,851.89,debit,2024-12-11 15:40:24.842484,EUR
9471,1847,1720.03,debit,2024-12-11 16:32:58.757875,EUR
9472,1598,278.0,credit,2024-12-11 17:25:32.673267,EUR
9473,1805,1696.81,debit,2024-12-11 18:18:06.588658,USD
9474,1630,1189.47,debit,2024-12-11 19:10:40.504050,USD
9475,1719,1863.28,debit,2024-12-11 20:03:14.419441,EUR
9476,1333,1753.32,credit,2024-12-11 20:55:48.334833,USD
9477,1924,1357.3,credit,2024-12-11 21:48:22.250225,USD
9478,1153,1319.07,debit,2024-12-11 22:40:56.165616,USD
9479,1546,434.2,debit,2024-12-11 23:33:30.081008,USD
9480,1078,242.34,credit,2024-12-12 00:26:03.996399,EUR
9481,1578,836.63,credit,2024-12-12 01:18:37.911791,USD
9482,1854,381.29,debit,2024-12-12 02:11:11.827182,EUR
9483,1412,213.81,credit,2024-12-12 03:03:45.742574,USD
9484,1545,611.63,credit,2024-12-12 03:56:19.657965,GBP
9485,1608,1722.37,credit,2024-12-12 04:48:53.573357,USD
9486,1168,44.12,credit,2024-12-12 05:41:27.488748,GBP
9487,1680,592.35,credit,2024-12-12 06:34:01.404140,USD
9488,1662,853.86,credit,2024-12-12 07:26:35.319531,GBP
9489,1582,1026.03,credit,2024-12-12 08:19:09.234923,USD
9490,1514,371.34,credit,2024-12-12 09:11:43.150315,USD
9491,1313,1928.8,credit,2024-12-12 10:04:17.065706,USD
9492,1031,1161.96,credit,2024-12-12 10:56:50.981098,EUR
9493,1286,1049.0,credit,2024-12-12 11:49:24.896489,GBP
9494,1593,27.56,credit,2024-12-12 12:41:58.811881,EUR
9495,1042,976.57,credit,2024-12-12 13:34:32.727272,USD
9496,1902,1676.96,credit,2024-12-12 14:27:06.642664,USD
9497,1616,447.09,credit,2024-12-12 15:19:40.558055,USD
9498,1000,708.9,debit,2024-12-12 16:12:14.473447,USD
9499,1572,50.94,credit,2024-12-12 17:04:48.388838,USD
9500,1269,1954.09,debit,2024-12-12 17:57:22.304230,EUR
9501,1179,142.64,credit,2024-12-12 18:49:56.219621,EUR
9502,1735,1797.46,debit,2024-12-12 19:42:30.135013,GBP
9503,1517,632.85,credit,2024-12-12 20:35:04.050405,USD
9504,1102,1179.24,debit,2024-12-12 21:27:37.965796,USD
9505,1009,1361.84,credit,2024-12-12 22:20:11.881188,USD
9506,1582,290.25,debit,2024-12-12 23:12:45.796579,USD
9507,1089,893.08,credit,2024-12-13 00:05:19.711971,USD
9508,1225,657.68,debit,2024-12-13 00:57:53.627362,EUR
9509,1669,122.64,credit,2024-12-13 01:50:27.542754,USD
9510,1739,1668.06,debit,2024-12-13 02:43:01.458145,USD
9511,1916,99.88,debit,2024-12-13 03:35:35.373537,EUR
9512,1125,1309.98,debit,2024-12-13 04:28:09.288928,GBP
9513,1955,635.01,debit,2024-12-13 05:20:43.204320,EUR
9514,1208,392.34,credit,2024-12-13 06:13:17.119711,USD
9515,1096,1337.5,credit,2024-12-13 07:05:51.035103,USD
9516,1073,1153.33,credit,2024-12-13 07:58:24.950495,USD
9517,1626,637.36,credit,2024-12-13 08:50:58.865886,GBP
9518,1190,1030.79,credit,2024-12-13 09:43:32.781278,USD
9519,1681,500.01,credit,2024-12-13 10:36:06.696669,GBP
9520,1818,1728.76,debit,2024-12-13 11:28:40.612061,GBP
9521,1959,634.5,credit,2024-12-13 12:21:14.527452,EUR
9522,1715,497.85,credit,2024-12-13 13:13:48.442844,USD
9523,1055,1506.15,credit,2024-12-13 14:06:22.358235,USD
9524,1719,45.01,debit,2024-12-13 14:58:56.273627,EUR
9525,1552,543.34,credit,2024-12-13 15:51:30.189018,EUR
9526,1031,757.04,credit,2024-12-13 16:44:04.104410,GBP
9527,1526,1765.65,debit,2024-12-13 17:36:38.019801,USD
9528,1573,1901.38,credit,2024-12-13 18:29:11.935193,EUR
9529,1666,1435.79,debit,2024-12-13 19:21:45.850585,USD
9530,1283,990.14,debit,2024-12-13 20:14:19.765976,USD
9531,1720,1284.84,credit,2024-12-13 21:06:53.681368,USD
9532,1831,833.86,debit,2024-12-13 21:59:27.596759,USD
9533,1493,604.66,debit,2024-12-13 22:52:01.512151,USD
9534,1186,1901.87,credit,2024-12-13 23:44:35.427542,USD
9535,1497,239.63,credit,2024-12-14 00:37:09.342934,USD
9536,1441,699.32,debit,2024-12-14 01:29:43.258325,USD
9537,1129,1799.19,debit,2024-12-14 02:22:17.173717,USD
9538,1638,1449.05,credit,2024-12-14 03:14:51.089108,USD
9539,1291,67.91,debit,2024-12-14 04:07:25.004500,GBP
9540,1113,55.97,credit,2024-12-14 04:59:58.919891,EUR
9541,1198,1037.86,debit,2024-12-14 05:52:32.835283,EUR
9542,1012,973.66,debit,2024-12-14 06:45:06.750675,USD
9543,1270,891.55,credit,2024-12-14 07:37:40.666066,USD
9544,1600,611.66,debit,2024-12-14 08:30:14.581458,EUR
9545,1214,1973.41,debit,2024-12-14 09:22:48.496849,USD
9546,1443,551.25,credit,2024-12-14 10:15:22.412241,USD
9547,1789,985.18,debit,2024-12-14 11:07:56.327632,USD
9548,1511,815.74,credit,2024-12-14 12:00:30.243024,USD
9549,1446,348.8,debit,2024-12-14 12:53:04.158415,EUR
9550,1985,413.21,debit,2024-12-14 13:45:38.073807,EUR
9551,1992,1837.42,credit,2024-12-14 14:38:11.989198,GBP
9552,1714,1717.98,debit,2024-12-14 15:30:45.904590,GBP
9553,1073,406.1,credit,2024-12-14 16:23:19.819982,USD
9554,1536,1752.57,debit,2024-12-14 17:15:53.735373,USD
9555,1100,426.28,credit,2024-12-14 18:08:27.650765,USD
9556,1175,1256.83,credit,2024-12-14 19:01:01.566156,USD
9557,1426,171.75,debit,2024-12-14 19:53:35.481548,USD
9558,1116,1761.94,debit,2024-12-14 20:46:09.396939,EUR
9559,1165,112.49,credit,2024-12-14 21:38:43.312331,USD
9560,1040,1114.34,debit,2024-12-14 22:31:17.227722,EUR
9561,1428,1561.63,debit,2024-12-14 23:23:51.143114,USD
9562,1343,242.5,debit,2024-12-15 00:16:25.058505,USD
9563,1423,814.92,credit,2024-12-15 01:08:58.973897,EUR
9564,1365,93.48,credit,2024-12-15 02:01:32.889288,EUR
9565,1119,1368.68,credit,2024-12-15 02:54:06.804680,EUR
9566,1608,621.82,debit,2024-12-15 03:46:40.720072,EUR
9567,1656,1123.2,credit,2024-12-15 04:39:14.635463,USD
9568,1727,1866.14,debit,2024-12-15 05:31:48.550855,GBP
9569,1228,618.66,debit,2024-12-15 06:24:22.466246,USD
9570,1824,106.77,credit,2024-12-15 07:16:56.381638,EUR
9571,1129,1354.5,credit,2024-12-15 08:09:30.297029,EUR
9572,1351,1575.81,debit,2024-12-15 09:02:04.212421,USD
9573,1888,1916.16,debit,2024-12-15 09:54:38.127812,GBP
9574,1317,324.02,credit,2024-12-15 10:47:12.043204,GBP
9575,1983,790.36,debit,2024-12-15 11:39:45.958595,USD
9576,1648,1689.84,credit,2024-12-15 12:32:19.873987,EUR
9577,1835,1615.67,debit,2024-12-15 13:24:53.789378,GBP
9578,1336,1253.34,debit,2024-12-15 14:17:27.704770,USD
9579,1272,546.04,credit,2024-12-15 15:10:01.620162,GBP
9580,1116,575.23,credit,2024-12-15 16:02:35.535553,USD
9581,1817,256.77,debit,2024-12-15 16:55:09.450945,EUR
9582,1367,1844.49,credit,2024-12-15 17:47:43.366336,USD
9583,1093,354.13,debit,2024-12-15 18:40:17.281728,USD
9584,1167,1150.04,credit,2024-12-15 19:32:51.197119,EUR
9585,1953,1172.86,debit,2024-12-15 20:25:25.112511,USD
9586,1714,745.51,debit,2024-12-15 21:17:59.027902,USD
9587,1340,711.51,debit,2024-12-15 22:10:32.943294,USD
9588,1660,1340.49,credit,2024-12-15 23:03:06.858685,USD
9589,1913,782.71,credit,2024-12-15 23:55:40.774077,USD
9590,1694,517.68,debit,2024-12-16 00:48:14.689468,USD
9591,1924,804.27,credit,2024-12-16 01:40:48.604860,USD
9592,1151,1617.25,debit,2024-12-16 02:33:22.520252,USD
9593,1585,1933.29,debit,2024-12-16 03:25:56.435643,USD
9594,1876,1275.54,credit,2024-12-16 04:18:30.351035,USD
9595,1912,1566.38,credit,2024-12-16 05:11:04.266426,USD
9596,1273,1070.32,credit,2024-12-16 06:03:38.181818,USD
9597,1553,1253.4,credit,2024-12-16 06:56:12.097209,USD
9598,1495,1976.29,debit,2024-12-16 07:48:46.012601,EUR
9599,1723,882.45,debit,2024-12-16 08:41:19.927992,USD
9600,1100,141.85,credit,2024-12-16 09:33:53.843384,USD
9601,1556,1914.44,debit,2024-12-16 10:26:27.758775,USD
9602,1081,1588.19,credit,2024-12-16 11:19:01.674167,USD
9603,1528,802.64,credit,2024-12-16 12:11:35.589558,EUR
9604,1072,1964.97,credit,2024-12-16 13:04:09.504950,USD
9605,1013,697.62,debit,2024-12-16 13:56:43.420342,USD
9606,1432,,debit,2024-12-16 14:49:17.335733,USD
9607,1156,1223.37,debit,2024-12-16 15:41:51.251125,GBP
9608,1734,555.95,credit,2024-12-16 16:34:25.166516,USD
9609,1131,1400.16,credit,2024-12-16 17:26:59.081908,USD
9610,1337,314.17,debit,2024-12-16 18:19:32.997299,GBP
9611,1403,224.97,credit,2024-12-16 19:12:06.912691,USD
9612,1375,,credit,2024-12-16 20:04:40.828082,EUR
9613,1887,1115.43,debit,2024-12-16 20:57:14.743474,USD
9614,1558,222.24,credit,2024-12-16 21:49:48.658865,USD
9615,1106,1928.71,credit,2024-12-16 22:42:22.574257,USD
9616,1619,1150.84,credit,2024-12-16 23:34:56.489648,USD
9617,1264,310.56,debit,2024-12-17 00:27:30.405040,USD
9618,1204,629.77,debit,2024-12-17 01:20:04.320432,GBP
9619,1078,1602.47,credit,2024-12-17 02:12:38.235823,USD
9620,1154,1051.23,credit,2024-12-17 03:05:12.151215,EUR
9621,1782,384.42,credit,2024-12-17 03:57:46.066606,USD
9622,1987,214.67,credit,2024-12-17 04:50:19.981998,GBP
9623,1996,867.24,debit,2024-12-17 05:42:53.897389,GBP
9624,1246,681.46,credit,2024-12-17 06:35:27.812781,USD
9625,1530,1315.28,credit,2024-12-17 07:28:01.728172,USD
9626,1857,1851.24,debit,2024-12-17 08:20:35.643564,EUR
9627,1947,502.98,credit,2024-12-17 09:13:09.558955,USD
9628,1537,1711.92,debit,2024-12-17 10:05:43.474347,EUR
9629,1728,1841.72,credit,2024-12-17 10:58:17.389738,GBP
9630,1153,1804.99,credit,2024-12-17 11:50:51.305130,USD
9631,1153,1904.63,credit,2024-12-17 12:43:25.220522,EUR
9632,1685,1685.8,credit,2024-12-17 13:35:59.135913,USD
9633,1091,1191.04,debit,2024-12-17 14:28:33.051305,USD
9634,1432,825.59,debit,2024-12-17 15:21:06.966696,USD
9635,1337,988.46,credit,2024-12-17 16:13:40.882088,USD
9636,1479,1746.5,debit,2024-12-17 17:06:14.797479,USD
9637,1692,609.78,debit,2024-12-17 17:58:48.712871,USD
9638,1130,326.93,credit,2024-12-17 18:51:22.628262,EUR
9639,1449,290.23,credit,2024-12-17 19:43:56.543654,USD
9640,1992,1655.72,credit,2024-12-17 20:36:30.459045,USD
9641,1809,1525.36,debit,2024-12-17 21:29:04.374437,USD
9642,1786,1000.31,credit,2024-12-17 22:21:38.289828,USD
9643,1272,556.99,credit,2024-12-17 23:14:12.205220,USD
9644,1928,1358.45,credit,2024-12-18 00:06:46.120612,USD
9645,1587,86.48,debit,2024-12-18 00:59:20.036003,EUR
9646,1176,1140.77,debit,2024-12-18 01:51:53.951395,USD
9647,1695,802.87,credit,2024-12-18 02:44:27.866786,EUR
9648,1830,1955.94,credit,2024-12-18 03:37:01.782178,USD
9649,1642,1020.04,debit,2024-12-18 04:29:35.697569,EUR
9650,1874,1109.01,credit,2024-12-18 05:22:09.612961,USD
9651,1048,1427.6,credit,2024-12-18 06:14:43.528352,USD
9652,1566,974.23,debit,2024-12-18 07:07:17.443744,EUR
9653,1665,456.89,debit,2024-12-18 07:59:51.359135,EUR
9654,1354,1079.18,credit,2024-12-18 08:52:25.274527,USD
9655,1711,1889.1,credit,2024-12-18 09:44:59.189918,GBP
9656,1307,825.72,debit,2024-12-18 10:37:33.105310,EUR
9657,1867,1362.49,debit,2024-12-18 11:30:07.020702,USD
9658,1884,1956.29,debit,2024-12-18 12:22:40.936093,USD
9659,1629,1661.55,debit,2024-12-18 13:15:14.851485,USD
9660,1774,1321.48,credit,2024-12-18 14:07:48.766876,USD
9661,1045,1474.63,debit,2024-12-18 15:00:22.682268,USD
9662,1301,1873.6,credit,2024-12-18 15:52:56.597659,USD
9663,1867,1919.91,debit,2024-12-18 16:45:30.513051,USD
9664,1911,1938.25,debit,2024-12-18 17:38:04.428442,USD
9665,1407,1255.03,credit,2024-12-18 18:30:38.343834,USD
9666,1188,775.58,debit,2024-12-18 19:23:12.259225,USD
9667,1821,274.97,credit,2024-12-18 20:15:46.174617,USD
9668,1829,777.24,credit,2024-12-18 21:08:20.090009,USD
9669,1128,1886.48,credit,2024-12-18 22:00:54.005400,USD
9670,1560,1780.7,debit,2024-12-18 22:53:27.920792,EUR
9671,1536,1052.08,credit,2024-12-18 23:46:01.836183,GBP
9672,1265,1078.64,credit,2024-12-19 00:38:35.751575,USD
9673,1117,624.75,debit,2024-12-19 01:31:09.666966,USD
9674,1463,914.47,credit,2024-12-19 02:23:43.582358,USD
9675,1143,1431.75,debit,2024-12-19 03:16:17.497749,USD
9676,1441,810.84,credit,2024-12-19 04:08:51.413141,USD
9677,1199,384.09,credit,2024-12-19 05:01:25.328532,USD
9678,1156,1086.31,credit,2024-12-19 05:53:59.243924,USD
9679,1486,458.42,debit,2024-12-19 06:46:33.159315,USD
9680,1859,1948.83,credit,2024-12-19 07:39:07.074707,GBP
9681,1133,786.78,credit,2024-12-19 08:31:40.990099,USD
9682,1911,1820.23,debit,2024-12-19 09:24:14.905490,USD
9683,1147,458.85,debit,2024-12-19 10:16:48.820882,USD
9684,1335,386.53,credit,2024-12-19 11:09:22.736273,USD
9685,1070,1237.63,debit,2024-12-19 12:01:56.651665,USD
9686,1232,1560.96,debit,2024-12-19 12:54:30.567056,EUR
9687,1333,1137.86,credit,2024-12-19 13:47:04.482448,USD
9688,1810,467.29,credit,2024-12-19 14:39:38.397839,USD
9689,1665,85.41,credit,2024-12-19 15:32:12.313231,USD
9690,1089,1240.39,credit,2024-12-19 16:24:46.228622,USD
9691,1333,270.76,debit,2024-12-19 17:17:20.144014,USD
9692,1198,692.92,credit,2024-12-19 18:09:54.059405,USD
9693,1160,1354.81,credit,2024-12-19 19:02:27.974797,USD
9694,1537,205.07,credit,2024-12-19 19:55:01.890189,USD
9695,1120,263.23,credit,2024-12-19 20:47:35.805580,EUR
9696,1300,132.72,credit,2024-12-19 21:40:09.720972,EUR
9697,1723,1992.2,debit,2024-12-19 22:32:43.636363,USD
9698,1574,780.28,credit,2024-12-19 23:25:17.551755,USD
9699,1962,1812.53,credit,2024-12-20 00:17:51.467146,USD
9700,1435,594.24,credit,2024-12-20 01:10:25.382538,EUR
9701,1067,1508.87,debit,2024-12-20 02:02:59.297929,USD
9702,1764,445.94,credit,2024-12-20 02:55:33.213321,USD
9703,1921,1001.67,debit,2024-12-20 03:48:07.128712,USD
9704,1458,1650.99,credit,2024-12-20 04:40:41.044104,USD
9705,1513,1634.51,debit,2024-12-20 05:33:14.959495,USD
9706,1397,1590.62,debit,2024-12-20 06:25:48.874887,USD
9707,1619,1649.23,credit,2024-12-20 07:18:22.790279,USD
9708,1285,430.83,debit,2024-12-20 08:10:56.705670,EUR
9709,1560,969.61,credit,2024-12-20 09:03:30.621062,USD
9710,1139,974.89,credit,2024-12-20 09:56:04.536453,USD
9711,1729,1782.1,credit,2024-12-20 10:48:38.451845,USD
9712,1555,600.81,debit,2024-12-20 11:41:12.367236,GBP
9713,1928,1863.68,credit,2024-12-20 12:33:46.282628,USD
9714,1780,907.08,debit,2024-12-20 13:26:20.198019,EUR
9715,1589,1342.88,credit,2024-12-20 14:18:54.113411,USD
9716,1727,545.08,credit,2024-12-20 15:11:28.028802,USD
9717,1893,826.49,credit,2024-12-20 16:04:01.944194,EUR
9718,1609,1422.5,debit,2024-12-20 16:56:35.859585,EUR
9719,1747,1030.37,credit,2024-12-20 17:49:09.774977,EUR
9720,1281,1862.11,credit,2024-12-20 18:41:43.690369,USD
9721,1660,1476.88,credit,2024-12-20 19:34:17.605760,USD
9722,1923,1133.16,credit,2024-12-20 20:26:51.521152,USD
9723,1815,1774.47,credit,2024-12-20 21:19:25.436543,EUR
9724,1995,1334.46,credit,2024-12-20 22:11:59.351935,EUR
9725,1935,1298.17,credit,2024-12-20 23:04:33.267326,USD
9726,1577,500.28,credit,2024-12-20 23:57:07.182718,USD
9727,1745,795.77,credit,2024-12-21 00:49:41.098109,EUR
9728,1456,1369.77,debit,2024-12-21 01:42:15.013501,USD
9729,1086,1784.67,credit,2024-12-21 02:34:48.928892,USD
9730,1078,637.94,credit,2024-12-21 03:27:22.844284,EUR
9731,1204,438.82,debit,2024-12-21 04:19:56.759675,USD
9732,1790,1191.45,credit,2024-12-21 05:12:30.675067,USD
9733,1336,143.72,debit,2024-12-21 06:05:04.590459,EUR
9734,1253,1431.94,credit,2024-12-21 06:57:38.505850,USD
9735,1303,1409.25,debit,2024-12-21 07:50:12.421242,USD
9736,1379,716.38,debit,2024-12-21 08:42:46.336633,USD
9737,1129,1786.43,debit,2024-12-21 09:35:20.252025,USD
9738,1595,1009.34,debit,2024-12-21 10:27:54.167416,USD
9739,1275,1295.07,credit,2024-12-21 11:20:28.082808,EUR
9740,1698,427.06,credit,2024-12-21 12:13:01.998199,GBP
9741,1557,840.51,debit,2024-12-21 13:05:35.913591,USD
9742,1898,1726.21,credit,2024-12-21 13:58:09.828982,EUR
9743,1182,433.75,debit,2024-12-21 14:50:43.744374,USD
9744,1267,787.24,credit,2024-12-21 15:43:17.659765,USD
9745,1807,642.97,debit,2024-12-21 16:35:51.575157,USD
9746,1321,310.71,credit,2024-12-21 17:28:25.490549,GBP
9747,1511,586.54,credit,2024-12-21 18:20:59.405940,GBP
9748,1611,473.22,debit,2024-12-21 19:13:33.321332,USD
9749,1077,1847.95,credit,2024-12-21 20:06:07.236723,USD
9750,1783,1484.75,credit,2024-12-21 20:58:41.152115,GBP
9751,1338,639.04,credit,2024-12-21 21:51:15.067506,USD
9752,1673,1529.04,debit,2024-12-21 22:43:48.982898,EUR
9753,1555,54.06,debit,2024-12-21 23:36:22.898289,USD
9754,1508,1057.78,debit,2024-12-22 00:28:56.813681,USD
9755,1237,508.17,credit,2024-12-22 01:21:30.729072,USD
9756,1133,237.5,credit,2024-12-22 02:14:04.644464,USD
9757,1972,1768.68,credit,2024-12-22 03:06:38.559855,EUR
9758,1191,406.69,credit,2024-12-22 03:59:12.475247,USD
9759,1355,1646.56,credit,2024-12-22 04:51:46.390639,USD
9760,1277,832.31,debit,2024-12-22 05:44:20.306030,USD
9761,1017,38.44,credit,2024-12-22 06:36:54.221422,USD
9762,1523,1467.74,credit,2024-12-22 07:29:28.136813,USD
9763,1179,1196.76,credit,2024-12-22 08:22:02.052205,USD
9764,1122,694.9,credit,2024-12-22 09:14:35.967596,USD
9765,1245,570.28,credit,2024-12-22 10:07:09.882988,GBP
9766,1733,156.65,credit,2024-12-22 10:59:43.798379,USD
9767,1372,1883.44,credit,2024-12-22 11:52:17.713771,USD
9768,1050,993.03,debit,2024-12-22 12:44:51.629162,EUR
9769,1999,180.19,credit,2024-12-22 13:37:25.544554,USD
9770,1070,1738.67,debit,2024-12-22 14:29:59.459945,USD
9771,1479,564.88,credit,2024-12-22 15:22:33.375337,USD
9772,1559,415.17,debit,2024-12-22 16:15:07.290729,USD
9773,1018,569.07,credit,2024-12-22 17:07:41.206120,USD
9774,1773,1133.5,credit,2024-12-22 18:00:15.121512,EUR
9775,1083,157.37,credit,2024-12-22 18:52:49.036903,EUR
9776,1154,968.7,credit,2024-12-22 19:45:22.952295,USD
9777,1564,1792.53,debit,2024-12-22 20:37:56.867686,USD
9778,1618,384.46,debit,2024-12-22 21:30:30.783078,USD
9779,1356,669.07,credit,2024-12-22 22:23:04.698469,USD
9780,1815,798.28,credit,2024-12-22 23:15:38.613861,USD
9781,1646,1176.58,credit,2024-12-23 00:08:12.529252,USD
9782,1442,1839.32,debit,2024-12-23 01:00:46.444644,EUR
9783,1068,795.13,debit,2024-12-23 01:53:20.360036,USD
9784,1522,147.61,credit,2024-12-23 02:45:54.275427,USD
9785,1142,702.42,credit,2024-12-23 03:38:28.190819,USD
9786,1191,388.27,credit,2024-12-23 04:31:02.106210,USD
9787,1386,1307.03,credit,2024-12-23 05:23:36.021602,EUR
9788,1377,68.23,credit,2024-12-23 06:16:09.936993,EUR
9789,1580,590.94,debit,2024-12-23 07:08:43.852385,USD
9790,1534,1094.9,debit,2024-12-23 08:01:17.767776,GBP
9791,1692,561.9,credit,2024-12-23 08:53:51.683168,EUR
9792,1292,1106.48,debit,2024-12-23 09:46:25.598559,EUR
9793,1008,238.28,credit,2024-12-23 10:38:59.513951,USD
9794,1270,1886.18,credit,2024-12-23 11:31:33.429342,USD
9795,1386,588.9,debit,2024-12-23 12:24:07.344734,USD
9796,1092,,credit,2024-12-23 13:16:41.260126,USD
9797,1965,658.41,credit,2024-12-23 14:09:15.175517,EUR
9798,1528,1565.86,credit,2024-12-23 15:01:49.090909,USD
9799,1153,499.91,debit,2024-12-23 15:54:23.006300,EUR
9800,1404,1342.84,credit,2024-12-23 16:46:56.921692,USD
9801,1839,654.2,debit,2024-12-23 17:39:30.837083,USD
9802,1148,1023.23,credit,2024-12-23 18:32:04.752475,USD
9803,1888,1350.89,credit,2024-12-23 19:24:38.667866,USD
9804,1266,1181.88,credit,2024-12-23 20:17:12.583258,USD
9805,1421,1156.8,credit,2024-12-23 21:09:46.498649,EUR
9806,1839,140.7,debit,2024-12-23 22:02:20.414041,USD
9807,1617,505.66,debit,2024-12-23 22:54:54.329432,USD
9808,1471,1147.96,credit,2024-12-23 23:47:28.244824,GBP
9809,1892,46.45,credit,2024-12-24 00:40:02.160216,USD
9810,1546,508.78,credit,2024-12-24 01:32:36.075607,USD
9811,1630,466.08,debit,2024-12-24 02:25:09.990999,USD
9812,1525,507.21,credit,2024-12-24 03:17:43.906390,USD
9813,1502,1075.86,debit,2024-12-24 04:10:17.821782,USD
9814,1013,1168.1,credit,2024-12-24 05:02:51.737173,EUR
9815,1777,1818.91,debit,2024-12-24 05:55:25.652565,GBP
9816,1651,778.2,debit,2024-12-24 06:47:59.567956,EUR
9817,1805,1853.89,credit,2024-12-24 07:40:33.483348,USD
9818,1363,1307.39,debit,2024-12-24 08:33:07.398739,EUR
9819,1118,1826.19,debit,2024-12-24 09:25:41.314131,USD
9820,1237,1668.61,debit,2024-12-24 10:18:15.229522,USD
9821,1545,1378.29,credit,2024-12-24 11:10:49.144914,USD
9822,1168,718.65,credit,2024-12-24 12:03:23.060306,GBP
9823,1521,489.81,debit,2024-12-24 12:55:56.975697,USD
9824,1633,452.56,debit,2024-12-24 13:48:30.891089,USD
9825,1912,1904.83,debit,2024-12-24 14:41:04.806480,USD
9826,1656,1917.56,credit,2024-12-24 15:33:38.721872,USD
9827,1962,1452.41,credit,2024-12-24 16:26:12.637263,USD
9828,1957,,debit,2024-12-24 17:18:46.552655,USD
9829,1734,1838.8,credit,2024-12-24 18:11:20.468046,USD
9830,1882,1028.0,debit,2024-12-24 19:03:54.383438,USD
9831,1768,,credit,2024-12-24 19:56:28.298829,USD
9832,1779,843.32,credit,2024-12-24 20:49:02.214221,USD
9833,1870,842.8,credit,2024-12-24 21:41:36.129612,EUR
9834,1515,86.47,debit,2024-12-24 22:34:10.045004,USD
9835,1937,873.3,debit,2024-12-24 23:26:43.960396,USD
9836,1396,1350.24,debit,2024-12-25 00:19:17.875787,USD
9837,1865,849.74,credit,2024-12-25 01:11:51.791179,USD
9838,1105,1746.1,credit,2024-12-25 02:04:25.706570,USD
9839,1084,671.8,debit,2024-12-25 02:56:59.621962,USD
9840,1213,274.04,credit,2024-12-25 03:49:33.537353,USD
9841,1120,1625.0,debit,2024-12-25 04:42:07.452745,USD
9842,1131,1351.16,debit,2024-12-25 05:34:41.368136,EUR
9843,1849,491.22,credit,2024-12-25 06:27:15.283528,USD
9844,1196,1077.54,debit,2024-12-25 07:19:49.198919,USD
9845,1018,809.69,debit,2024-12-25 08:12:23.114311,USD
9846,1641,1878.33,debit,2024-12-25 09:04:57.029702,GBP
9847,1011,,credit,2024-12-25 09:57:30.945094,USD
9848,1080,325.19,debit,2024-12-25 10:50:04.860486,USD
9849,1329,1009.28,credit,2024-12-25 11:42:38.775877,USD
9850,1865,1726.49,credit,2024-12-25 12:35:12.691269,EUR
9851,1773,1346.28,credit,2024-12-25 13:27:46.606660,USD
9852,1391,1686.48,credit,2024-12-25 14:20:20.522052,USD
9853,1636,508.29,credit,2024-12-25 15:12:54.437443,USD
9854,1306,1777.82,credit,2024-12-25 16:05:28.352835,USD
9855,1266,1513.67,debit,2024-12-25 16:58:02.268226,USD
9856,1446,1460.54,credit,2024-12-25 17:50:36.183618,EUR
9857,1440,699.62,credit,2024-12-25 18:43:10.099009,GBP
9858,1894,1776.44,credit,2024-12-25 19:35:44.014401,USD
9859,1651,1279.58,credit,2024-12-25 20:28:17.929792,USD
9860,1840,1705.16,credit,2024-12-25 21:20:51.845184,USD
9861,1001,728.33,credit,2024-12-25 22:13:25.760576,GBP
9862,1519,299.85,debit,2024-12-25 23:05:59.675967,USD
9863,1761,671.35,debit,2024-12-25 23:58:33.591359,EUR
9864,1650,915.98,credit,2024-12-26 00:51:07.506750,USD
9865,1635,1071.48,credit,2024-12-26 01:43:41.422142,USD
9866,1308,1026.51,credit,2024-12-26 02:36:15.337533,USD
9867,1739,1096.65,credit,2024-12-26 03:28:49.252925,USD
9868,1521,1684.99,credit,2024-12-26 04:21:23.168316,USD
9869,1468,348.5,debit,2024-12-26 05:13:57.083708,GBP
9870,1211,638.94,credit,2024-12-26 06:06:30.999099,USD
9871,1111,1778.33,debit,2024-12-26 06:59:04.914491,USD
9872,1007,1125.31,credit,2024-12-26 07:51:38.829882,USD
9873,1803,1170.95,credit,2024-12-26 08:44:12.745274,USD
9874,1476,961.34,debit,2024-12-26 09:36:46.660666,USD
9875,1873,1102.46,credit,2024-12-26 10:29:20.576057,USD
9876,1459,404.18,credit,2024-12-26 11:21:54.491449,EUR
9877,1252,1098.27,credit,2024-12-26 12:14:28.406840,USD
9878,1525,1994.37,credit,2024-12-26 13:07:02.322232,EUR
9879,1751,1136.43,credit,2024-12-26 13:59:36.237623,USD
9880,1437,98.36,credit,2024-12-26 14:52:10.153015,USD
9881,1753,1594.91,credit,2024-12-26 15:44:44.068406,USD
9882,1980,798.99,debit,2024-12-26 16:37:17.983798,USD
9883,1853,315.82,credit,2024-12-26 17:29:51.899189,USD
9884,1660,,credit,2024-12-26 18:22:25.814581,USD
9885,1235,403.97,credit,2024-12-26 19:14:59.729973,USD
9886,1305,1842.33,debit,2024-12-26 20:07:33.645364,EUR
9887,1477,889.18,debit,2024-12-26 21:00:07.560756,USD
9888,1678,1488.15,debit,2024-12-26 21:52:41.476147,EUR
9889,1019,1098.52,credit,2024-12-26 22:45:15.391539,USD
9890,1215,520.69,credit,2024-12-26 23:37:49.306930,EUR
9891,1854,1345.47,debit,2024-12-27 00:30:23.222322,EUR
9892,1134,1916.25,credit,2024-12-27 01:22:57.137713,USD
9893,1904,1541.58,credit,2024-12-27 02:15:31.053105,USD
9894,1128,1212.0,credit,2024-12-27 03:08:04.968496,USD
9895,1409,1981.35,credit,2024-12-27 04:00:38.883888,USD
9896,1421,,debit,2024-12-27 04:53:12.799279,GBP
9897,1293,134.06,credit,2024-12-27 05:45:46.714671,USD
9898,1245,73.94,credit,2024-12-27 06:38:20.630063,USD
9899,1700,1424.27,debit,2024-12-27 07:30:54.545454,EUR
9900,1555,1662.16,credit,2024-12-27 08:23:28.460846,USD
9901,1085,1273.85,credit,2024-12-27 09:16:02.376237,USD
9902,1555,1811.0,debit,2024-12-27 10:08:36.291629,USD
9903,1841,1398.97,credit,2024-12-27 11:01:10.207020,USD
9904,1374,748.2,debit,2024-12-27 11:53:44.122412,USD
9905,1445,370.7,credit,2024-12-27 12:46:18.037803,EUR
9906,1377,1850.05,debit,2024-12-27 13:38:51.953195,USD
9907,1389,216.16,debit,2024-12-27 14:31:25.868586,USD
9908,1656,1090.55,credit,2024-12-27 15:23:59.783978,USD
9909,1050,634.88,credit,2024-12-27 16:16:33.699369,USD
9910,1241,550.12,credit,2024-12-27 17:09:07.614761,USD
9911,1293,1295.21,credit,2024-12-27 18:01:41.530153,USD
9912,1919,470.16,debit,2024-12-27 18:54:15.445544,EUR
9913,1562,1833.57,credit,2024-12-27 19:46:49.360936,USD
9914,1265,818.03,credit,2024-12-27 20:39:23.276327,USD
9915,1119,1357.98,debit,2024-12-27 21:31:57.191719,USD
9916,1711,1458.23,credit,2024-12-27 22:24:31.107110,USD
9917,1916,1369.05,debit,2024-12-27 23:17:05.022502,GBP
9918,1247,1807.77,credit,2024-12-28 00:09:38.937893,USD
9919,1069,469.95,credit,2024-12-28 01:02:12.853285,EUR
9920,1852,181.25,credit,2024-12-28 01:54:46.768676,USD
9921,1056,120.38,debit,2024-12-28 02:47:20.684068,USD
9922,1381,1756.91,credit,2024-12-28 03:39:54.599459,USD
9923,1038,1946.84,credit,2024-12-28 04:32:28.514851,USD
9924,1983,612.03,credit,2024-12-28 05:25:02.430243,USD
9925,1800,1390.09,debit,2024-12-28 06:17:36.345634,USD
9926,1442,27.74,credit,2024-12-28 07:10:10.261026,EUR
9927,1017,385.38,debit,2024-12-28 08:02:44.176417,EUR
9928,1951,1381.66,credit,2024-12-28 08:55:18.091809,EUR
9929,1731,141.12,credit,2024-12-28 09:47:52.007200,USD
9930,1824,942.33,credit,2024-12-28 10:40:25.922592,USD
9931,1755,1328.54,credit,2024-12-28 11:32:59.837983,USD
9932,1351,1534.26,debit,2024-12-28 12:25:33.753375,USD
9933,1971,913.09,credit,2024-12-28 13:18:07.668766,USD
9934,1815,1264.27,debit,2024-12-28 14:10:41.584158,USD
9935,1297,1083.76,credit,2024-12-28 15:03:15.499549,GBP
9936,1282,114.09,debit,2024-12-28 15:55:49.414941,EUR
9937,1585,1488.18,credit,2024-12-28 16:48:23.330333,EUR
9938,1109,353.0,debit,2024-12-28 17:40:57.245724,GBP
9939,1179,73.29,credit,2024-12-28 18:33:31.161116,USD
9940,1937,907.82,debit,2024-12-28 19:26:05.076507,USD
9941,1543,1732.62,credit,2024-12-28 20:18:38.991899,EUR
9942,1745,310.15,credit,2024-12-28 21:11:12.907290,USD
9943,1793,35.59,credit,2024-12-28 22:03:46.822682,USD
9944,1024,228.86,debit,2024-12-28 22:56:20.738073,USD
9945,1842,733.68,credit,2024-12-28 23:48:54.653465,USD
9946,1790,1164.54,debit,2024-12-29 00:41:28.568856,EUR
9947,1737,394.09,credit,2024-12-29 01:34:02.484248,EUR
9948,1056,1605.91,debit,2024-12-29 02:26:36.399639,USD
9949,1179,1509.06,debit,2024-12-29 03:19:10.315031,USD
9950,1231,1394.77,credit,2024-12-29 04:11:44.230423,USD
9951,1893,980.06,credit,2024-12-29 05:04:18.145814,USD
9952,1342,736.78,credit,2024-12-29 05:56:52.061206,USD
9953,1476,757.42,credit,2024-12-29 06:49:25.976597,GBP
9954,1798,1011.11,credit,2024-12-29 07:41:59.891989,USD
9955,1575,163.86,debit,2024-12-29 08:34:33.807380,GBP
9956,1454,1367.79,debit,2024-12-29 09:27:07.722772,USD
9957,1231,709.5,credit,2024-12-29 10:19:41.638163,USD
9958,1288,457.27,credit,2024-12-29 11:12:15.553555,USD
9959,1212,563.87,credit,2024-12-29 12:04:49.468946,USD
9960,1257,368.79,credit,2024-12-29 12:57:23.384338,USD
9961,1529,1804.12,credit,2024-12-29 13:49:57.299729,EUR
9962,1686,346.38,debit,2024-12-29 14:42:31.215121,USD
9963,1928,1767.02,debit,2024-12-29 15:35:05.130513,USD
9964,1228,1148.76,credit,2024-12-29 16:27:39.045904,USD
9965,1225,1736.23,credit,2024-12-29 17:20:12.961296,USD
9966,1595,953.39,credit,2024-12-29 18:12:46.876687,USD
9967,1802,1855.99,debit,2024-12-29 19:05:20.792079,GBP
9968,1434,430.87,credit,2024-12-29 19:57:54.707470,USD
9969,1881,1113.84,credit,2024-12-29 20:50:28.622862,USD
9970,1757,260.42,debit,2024-12-29 21:43:02.538253,USD
9971,1401,899.97,credit,2024-12-29 22:35:36.453645,USD
9972,1621,1144.11,credit,2024-12-29 23:28:10.369036,USD
9973,1765,1215.29,credit,2024-12-30 00:20:44.284428,EUR
9974,1087,737.4,debit,2024-12-30 01:13:18.199819,USD
9975,1583,161.91,credit,2024-12-30 02:05:52.115211,USD
9976,1892,1314.1,debit,2024-12-30 02:58:26.030603,USD
9977,1541,981.98,debit,2024-12-30 03:50:59.945994,USD
9978,1683,282.39,debit,2024-12-30 04:43:33.861386,USD
9979,1308,1872.39,credit,2024-12-30 05:36:07.776777,USD
9980,1905,1911.78,debit,2024-12-30 06:28:41.692169,USD
9981,1342,1714.65,credit,2024-12-30 07:21:15.607560,EUR
9982,1435,1689.3,credit,2024-12-30 08:13:49.522952,USD
9983,1176,206.36,credit,2024-12-30 09:06:23.438343,USD
9984,1138,1986.91,debit,2024-12-30 09:58:57.353735,USD
9985,1193,806.76,debit,2024-12-30 10:51:31.269126,USD
9986,1185,334.61,debit,2024-12-30 11:44:05.184518,USD
9987,1217,1626.08,debit,2024-12-30 12:36:39.099909,USD
9988,1163,459.2,debit,2024-12-30 13:29:13.015301,USD
9989,1160,1057.09,debit,2024-12-30 14:21:46.930693,USD
9990,1942,264.75,debit,2024-12-30 15:14:20.846084,USD
9991,1524,954.54,credit,2024-12-30 16:06:54.761476,USD
9992,1807,1120.7,credit,2024-12-30 16:59:28.676867,GBP
9993,1600,897.39,credit,2024-12-30 17:52:02.592259,USD
9994,1835,148.28,credit,2024-12-30 18:44:36.507650,USD
9995,1041,975.03,debit,2024-12-30 19:37:10.423042,USD
9996,1914,943.2,debit,2024-12-30 20:29:44.338433,EUR
9997,1209,530.62,debit,2024-12-30 21:22:18.253825,EUR
9998,1740,1843.99,credit,2024-12-30 22:14:52.169216,USD
9999,1861,841.41,credit,2024-12-30 23:07:26.084608,USD
10000,1274,1729.59,credit,2024-12-31 00:00:00.000000,EUR
4009,1434,1441.16,debit,2024-05-26 07:21:32.889288,USD
9659,1629,1661.55,debit,2024-12-18 13:15:14.851485,USD
8850,1044,1310.33,credit,2024-11-19 00:29:57.299729,USD
7751,1282,1067.22,credit,2024-10-09 21:40:44.284428,USD
9656,1307,825.72,debit,2024-12-18 10:37:33.105310,EUR
558,1697,75.69,credit,2024-01-21 07:58:50.873087,EUR
9622,1987,214.67,credit,2024-12-17 04:50:19.981998,GBP
2658,1020,467.31,credit,2024-04-06 23:45:53.195319,USD
8782,1400,778.4,debit,2024-11-16 12:55:31.053105,USD
622,1637,352.67,debit,2024-01-23 16:03:01.458145,USD
8310,1499,294.19,credit,2024-10-30 07:24:42.988298,GBP
4242,1515,1472.7,credit,2024-06-03 19:29:15.175517,USD
55,1243,1619.06,credit,2024-01-02 23:18:31.431143,USD
6738,1470,1582.59,debit,2024-09-02 22:12:07.992799,GBP
6424,1731,909.54,credit,2024-08-22 11:06:38.559855,USD
5213,1048,587.28,credit,2024-07-09 06:10:07.020702,GBP
2906,1101,1182.42,credit,2024-04-16 01:02:04.212421,GBP
8394,1941,1710.73,debit,2024-11-02 09:00:11.881188,GBP
8339,1390,1413.11,debit,2024-10-31 08:49:06.534653,USD
7129,1780,1026.32,debit,2024-09-17 04:45:08.910891,USD
7876,1158,232.07,debit,2024-10-14 11:11:23.708370,USD
1142,1882,1981.59,debit,2024-02-11 15:36:57.461746,USD
1724,1238,1186.79,credit,2024-03-03 21:29:56.219621,GBP
7686,1367,1491.0,debit,2024-10-07 12:43:59.783978,USD
4355,1254,250.79,credit,2024-06-07 22:29:07.614761,USD
8804,1224,216.46,credit,2024-11-17 08:11:57.191719,USD
1540,1345,308.06,debit,2024-02-26 04:17:55.787578,USD
6035,1927,1481.65,credit,2024-08-08 06:18:45.472547,EUR
2289,1699,1031.21,credit,2024-03-24 12:29:18.415841,USD
2886,1821,1982.2,credit,2024-04-15 07:30:45.904590,USD
8770,1089,917.57,credit,2024-11-16 02:24:44.068406,USD
3826,1123,635.63,credit,2024-05-19 15:02:06.372637,USD
592,1655,419.19,credit,2024-01-22 13:46:03.996399,GBP
5655,1829,1545.15,credit,2024-07-25 09:23:57.623762,EUR
7731,1857,962.2,credit,2024-10-09 04:09:25.976597,USD
1669,1304,1558.9,debit,2024-03-01 21:18:50.873087,USD
4086,1071,1751.67,debit,2024-05-29 02:49:04.374437,EUR
7620,1889,1470.96,credit,2024-10-05 02:54:41.368136,USD
9908,1656,1090.55,credit,2024-12-27 15:23:59.783978,USD
5275,1735,1620.59,credit,2024-07-11 12:29:09.774977,GBP
9389,1218,1814.3,credit,2024-12-08 16:42:37.695769,USD
6470,1481,676.87,credit,2024-08-24 03:24:38.667866,USD
4945,1126,251.71,credit,2024-06-29 11:22:37.695769,USD
3376,1123,1882.86,credit,2024-05-03 04:47:44.446444,USD
6663,1507,446.34,credit,2024-08-31 04:29:44.338433,GBP
1237,1507,1553.99,credit,2024-02-15 02:50:39.423942,USD
8673,1562,113.3,credit,2024-11-12 13:25:54.275427,EUR
7264,1446,1498.63,debit,2024-09-22 03:01:27.488748,USD
4370,1766,15.38,credit,2024-06-08 11:37:36.345634,GBP
213,1838,137.16,credit,2024-01-08 17:43:50.063006,GBP
4014,1343,1074.89,debit,2024-05-26 11:44:22.466246,USD
3273,1465,1912.93,credit,2024-04-29 10:33:31.161116,USD
5440,1445,1422.96,debit,2024-07-17 13:02:25.814581,USD
6412,1559,1928.05,debit,2024-08-22 00:35:51.575157,USD
8033,1331,1849.89,credit,2024-10-20 04:44:08.424842,USD
511,1638,1058.83,debit,2024-01-19 14:48:16.849684,USD
2147,1688,660.28,debit,2024-03-19 08:05:02.430243,USD
9605,1013,697.62,debit,2024-12-16 13:56:43.420342,USD
4654,1289,1647.05,credit,2024-06-18 20:26:08.316831,EUR
8510,1661,1222.53,credit,2024-11-06 14:37:46.066606,USD
6217,1855,686.26,debit,2024-08-14 21:45:38.073807,EUR
4581,1550,237.87,debit,2024-06-16 04:28:52.493249,EUR
9186,1021,868.09,credit,2024-12-01 06:51:52.871287,USD
8747,1858,515.22,credit,2024-11-15 06:15:44.014401,EUR
2774,1275,1652.81,debit,2024-04-11 05:23:27.380738,USD
728,1775,561.52,credit,2024-01-27 12:54:56.489648,GBP
1639,1881,359.4,credit,2024-02-29 19:01:53.411341,USD
6976,1392,656.11,debit,2024-09-11 14:42:39.855985,EUR
7014,1857,1266.97,credit,2024-09-13 00:00:08.640864,USD
2555,1207,651.3,debit,2024-04-03 05:31:39.909990,USD
5788,1064,606.95,debit,2024-07-30 05:55:08.370837,USD
1652,1700,535.96,credit,2024-03-01 06:25:14.311431,GBP
385,1053,63.89,credit,2024-01-15 00:25:03.510351,USD
8384,1354,497.86,credit,2024-11-02 00:14:32.727272,EUR
3956,1598,222.7,credit,2024-05-24 08:55:35.373537,EUR
3620,1637,901.51,credit,2024-05-12 02:33:39.801980,USD
846,1169,1045.26,credit,2024-01-31 20:17:38.505850,EUR
4690,1832,520.41,debit,2024-06-20 03:58:29.270927,EUR
7836,1947,630.66,credit,2024-10-13 00:08:47.092709,USD
7258,1896,1871.44,credit,2024-09-21 21:46:03.996399,USD
6405,1941,1019.4,credit,2024-08-21 18:27:54.167416,USD
6758,1615,489.72,debit,2024-09-03 15:43:26.300630,USD
3270,1858,1409.16,debit,2024-04-29 07:55:49.414941,USD
891,1659,1174.01,debit,2024-02-02 11:43:04.698469,EUR
8042,1847,1289.14,credit,2024-10-20 12:37:13.663366,USD
998,1797,1830.24,credit,2024-02-06 09:27:33.645364,USD
3704,1499,1258.36,debit,2024-05-15 04:09:08.694869,USD
3632,1661,1863.81,credit,2024-05-12 13:04:26.786678,USD
3780,1877,113.25,credit,2024-05-17 22:44:06.264626,USD
4052,1446,272.81,debit,2024-05-27 21:01:51.251125,USD
2545,1859,1685.23,credit,2024-04-02 20:46:00.756075,USD
5814,1314,73.72,debit,2024-07-31 04:41:50.171017,USD
9108,1115,1750.03,debit,2024-11-28 10:31:47.470747,EUR
6948,1990,73.26,debit,2024-09-10 14:10:50.225022,USD
299,1729,286.55,credit,2024-01-11 21:04:26.786678,EUR
8047,1095,1093.06,debit,2024-10-20 17:00:03.240324,USD
2988,1344,1822.18,debit,2024-04-19 00:52:25.274527,USD
1399,1955,1264.81,credit,2024-02-21 00:46:13.717371,EUR
375,1159,868.11,credit,2024-01-14 15:39:24.356435,USD
5210,1226,1626.79,credit,2024-07-09 03:32:25.274527,GBP
9743,1182,433.75,debit,2024-12-21 14:50:43.744374,USD
9584,1167,1150.04,credit,2024-12-15 19:32:51.197119,EUR
7397,1196,727.22,debit,2024-09-26 23:32:38.235823,USD
1795,1157,125.85,debit,2024-03-06 11:42:04.212421,EUR
4246,1805,1421.5,debit,2024-06-03 22:59:30.837083,USD
2547,1083,640.03,credit,2024-04-02 22:31:08.586858,USD
5673,1514,1023.08,debit,2024-07-26 01:10:08.100810,EUR
9486,1168,44.12,credit,2024-12-12 05:41:27.488748,GBP
8526,1122,990.59,credit,2024-11-07 04:38:48.712871,EUR
4022,1242,726.17,credit,2024-05-26 18:44:53.789378,GBP
6313,1362,903.47,debit,2024-08-18 09:51:53.951395,USD
7284,1536,1070.42,credit,2024-09-22 20:32:45.796579,EUR
1478,1288,786.75,debit,2024-02-23 21:58:53.033303,USD
8560,1827,1248.4,debit,2024-11-08 10:26:01.836183,USD
6508,1990,1150.26,credit,2024-08-25 12:42:07.452745,USD
747,1276,1495.38,credit,2024-01-28 05:33:40.882088,USD
3890,1724,810.6,credit,2024-05-21 23:06:16.957695,EUR
4153,1130,447.04,credit,2024-05-31 13:30:56.705670,USD
932,1401,391.43,debit,2024-02-03 23:38:15.229522,GBP
8721,1793,1511.18,debit,2024-11-14 07:29:02.214221,USD
4693,1624,526.51,debit,2024-06-20 06:36:11.017101,USD
1856,1454,1288.83,credit,2024-03-08 17:08:33.051305,EUR
9981,1342,1714.65,credit,2024-12-30 07:21:15.607560,EUR
4732,1785,23.5,credit,2024-06-21 16:46:13.717371,USD
4142,1259,532.52,debit,2024-05-31 03:52:43.636363,EUR
7501,1709,1157.12,credit,2024-09-30 18:39:25.436543,EUR
6374,1379,1382.05,debit,2024-08-20 15:18:22.790279,EUR
857,1647,304.23,credit,2024-02-01 05:55:51.575157,USD
1576,1768,574.26,credit,2024-02-27 11:50:16.741674,USD
949,1329,1213.1,debit,2024-02-04 14:31:51.791179,USD
973,1922,482.74,debit,2024-02-05 11:33:25.760576,USD
8800,1770,675.97,credit,2024-11-17 04:41:41.530153,GBP
4175,1394,939.9,credit,2024-06-01 08:47:22.844284,EUR
6037,1261,486.79,credit,2024-08-08 08:03:53.303330,USD
3264,1525,654.72,credit,2024-04-29 02:40:25.922592,GBP
1787,1866,1528.07,debit,2024-03-06 04:41:32.889288,USD
1809,1236,1315.8,debit,2024-03-06 23:57:59.027902,USD
1359,1089,1510.0,debit,2024-02-19 13:43:37.101710,USD
6030,1419,328.33,debit,2024-08-08 01:55:55.895589,USD
9769,1999,180.19,credit,2024-12-22 13:37:25.544554,USD
2288,1865,1174.3,credit,2024-03-24 11:36:44.500450,USD
1567,1904,1038.84,credit,2024-02-27 03:57:11.503150,GBP
4795,1663,263.97,credit,2024-06-23 23:57:50.387038,EUR
6884,1807,1785.75,debit,2024-09-08 06:06:39.639963,USD
993,1814,1170.72,debit,2024-02-06 05:04:44.068406,GBP
7844,1115,1953.32,debit,2024-10-13 07:09:18.415841,GBP
4128,1648,481.59,debit,2024-05-30 15:36:48.820882,USD
149,1378,809.38,credit,2024-01-06 09:39:39.477947,USD
6606,1516,129.25,debit,2024-08-29 02:33:31.161116,USD
4876,1115,975.29,debit,2024-06-26 22:55:37.533753,USD
5909,1214,1686.49,credit,2024-08-03 15:55:32.133213,USD
1263,1579,221.43,credit,2024-02-16 01:37:21.224122,USD
2087,1957,1831.02,debit,2024-03-17 03:31:07.506750,USD
4569,1201,930.09,credit,2024-06-15 17:58:05.508550,EUR
7798,1430,495.43,credit,2024-10-11 14:51:18.307830,USD
2627,1531,1979.58,credit,2024-04-05 20:36:21.818181,USD
5243,1540,1485.62,credit,2024-07-10 08:27:04.482448,USD
6617,1503,1809.3,credit,2024-08-29 12:11:44.230423,USD
8082,1400,1487.78,credit,2024-10-21 23:39:50.279027,EUR
9519,1681,500.01,credit,2024-12-13 10:36:06.696669,GBP
6921,1789,1507.36,debit,2024-09-09 14:31:34.509450,USD
3347,1462,1281.07,credit,2024-05-02 03:23:20.900090,USD
9342,1573,95.14,debit,2024-12-06 23:32:03.672367,USD
26,1413,1494.9,debit,2024-01-01 21:54:07.884788,USD
6701,1664,1548.88,credit,2024-09-01 13:47:13.123312,EUR
1665,1317,1109.12,debit,2024-03-01 17:48:35.211521,EUR
9893,1904,1541.58,credit,2024-12-27 02:15:31.053105,USD
7682,1923,755.91,credit,2024-10-07 09:13:44.122412,USD
3210,1549,1411.48,credit,2024-04-27 03:21:54.491449,USD
7830,1829,1394.05,debit,2024-10-12 18:53:23.600360,USD
5095,1658,1365.05,credit,2024-07-04 22:47:25.004500,USD
2929,1011,1613.53,credit,2024-04-16 21:11:04.266426,USD
5694,1536,649.27,credit,2024-07-26 19:34:00.324032,USD
5657,1824,1778.61,debit,2024-07-25 11:09:05.454545,GBP
2047,1413,882.63,debit,2024-03-15 16:28:30.891089,USD
3727,1100,174.51,credit,2024-05-16 00:18:08.748874,EUR
1168,1402,894.44,debit,2024-02-12 14:23:39.261926,USD
7569,1757,1693.67,credit,2024-10-03 06:13:51.683168,EUR
946,1952,1454.86,debit,2024-02-04 11:54:10.045004,EUR
9326,1839,1674.42,debit,2024-12-06 09:31:01.026102,USD
2551,1382,1673.21,credit,2024-04-03 02:01:24.248424,USD
7928,1617,1824.47,credit,2024-10-16 08:44:47.308730,USD
2107,1709,1936.26,credit,2024-03-17 21:02:25.814581,EUR
4726,1123,1648.46,debit,2024-06-21 11:30:50.225022,USD
7410,1843,1961.31,credit,2024-09-27 10:55:59.135913,USD
2492,1591,1613.44,credit,2024-03-31 22:20:03.240324,EUR
3978,1592,248.45,credit,2024-05-25 04:12:01.512151,EUR
702,1928,494.98,credit,2024-01-26 14:08:14.689468,GBP
5434,1251,1091.75,credit,2024-07-17 07:47:02.322232,USD
8940,1205,935.9,debit,2024-11-22 07:20:49.684968,EUR
5299,1775,1112.14,credit,2024-07-12 09:30:43.744374,USD
8730,1063,258.78,credit,2024-11-14 15:22:07.452745,USD
7695,1374,210.17,credit,2024-10-07 20:37:05.022502,USD
442,1364,1717.83,debit,2024-01-17 02:21:16.687668,USD
2048,1250,1225.94,credit,2024-03-15 17:21:04.806480,EUR
4324,1828,777.77,debit,2024-06-06 19:19:36.237623,USD
5426,1862,350.01,credit,2024-07-17 00:46:30.999099,USD
4573,1972,556.83,debit,2024-06-15 21:28:21.170117,USD
9649,1642,1020.04,debit,2024-12-18 04:29:35.697569,EUR
8144,1729,834.6,credit,2024-10-24 05:58:53.033303,USD
9918,1247,1807.77,credit,2024-12-28 00:09:38.937893,USD
3470,1825,1554.19,credit,2024-05-06 15:08:52.493249,USD
8171,1363,1134.04,debit,2024-10-25 05:38:08.748874,USD
274,1509,1746.31,credit,2024-01-10 23:10:18.901890,EUR
4557,1112,854.25,credit,2024-06-15 07:27:18.523852,USD
9517,1626,637.36,credit,2024-12-13 08:50:58.865886,GBP
4835,1665,1065.22,debit,2024-06-25 11:00:27.002700,GBP
2466,1989,1355.23,debit,2024-03-30 23:33:21.440144,USD
6044,1053,1163.1,credit,2024-08-08 14:11:50.711071,EUR
3933,1977,1855.85,credit,2024-05-23 12:46:35.319531,USD
6105,1638,212.85,credit,2024-08-10 19:38:19.549954,EUR
7809,1284,806.78,credit,2024-10-12 00:29:31.377137,USD
3953,1081,1716.74,credit,2024-05-24 06:17:53.627362,USD
6736,1721,1908.72,debit,2024-09-02 20:27:00.162016,EUR
3715,1632,1314.28,debit,2024-05-15 13:47:21.764176,EUR
4033,1877,1571.17,debit,2024-05-27 04:23:06.858685,USD
9162,1501,502.13,debit,2024-11-30 09:50:18.901890,USD
4412,1668,721.39,debit,2024-06-10 00:25:20.792079,USD
2173,1356,688.63,credit,2024-03-20 06:51:44.230423,USD
6847,1733,1797.25,debit,2024-09-06 21:41:44.770477,USD
6017,1024,1880.84,credit,2024-08-07 14:32:34.995499,USD
5470,1140,648.83,debit,2024-07-18 15:19:23.276327,USD
5780,1574,994.29,debit,2024-07-29 22:54:37.047704,EUR
9612,1375,1074.41,credit,2024-12-16 20:04:40.828082,EUR
3074,1987,279.01,credit,2024-04-22 04:13:01.998199,USD
6198,1595,1678.21,debit,2024-08-14 05:06:53.681368,USD
1200,1830,1128.28,credit,2024-02-13 18:25:44.554455,USD
5998,1451,353.16,credit,2024-08-06 21:53:50.603060,USD
432,1459,895.23,credit,2024-01-16 17:35:37.533753,EUR
8117,1200,422.84,credit,2024-10-23 06:19:37.317731,USD
1522,1626,820.08,debit,2024-02-25 12:31:45.310531,EUR
5972,1402,1540.21,credit,2024-08-05 23:07:08.802880,EUR
8003,1434,1865.57,credit,2024-10-19 02:27:10.963096,GBP
4985,1655,982.67,debit,2024-06-30 22:25:14.311431,USD
2869,1609,652.91,credit,2024-04-14 16:37:09.342934,USD
2271,1355,58.17,credit,2024-03-23 20:43:07.938793,GBP
3877,1837,1253.64,debit,2024-05-21 11:42:56.057605,USD
2079,1688,533.44,credit,2024-03-16 20:30:36.183618,USD
849,1794,1347.97,debit,2024-01-31 22:55:20.252025,USD
8469,1420,816.49,credit,2024-11-05 02:42:35.535553,USD
7295,1959,547.49,credit,2024-09-23 06:10:58.865886,GBP
5762,1166,1924.37,debit,2024-07-29 07:08:26.570657,USD
4023,1830,1878.13,credit,2024-05-26 19:37:27.704770,USD
2396,1506,1923.59,credit,2024-03-28 10:13:47.362736,EUR
2753,1333,1203.41,debit,2024-04-10 10:59:35.157515,USD
8692,1691,1060.54,credit,2024-11-13 06:04:38.667866,EUR
2219,1317,1569.33,debit,2024-03-21 23:09:44.338433,USD
8741,1462,1023.93,credit,2024-11-15 01:00:20.522052,USD
7438,1438,611.91,debit,2024-09-28 11:27:48.766876,GBP
4977,1527,1957.37,debit,2024-06-30 15:24:42.988298,EUR
3904,1905,1591.65,debit,2024-05-22 11:22:11.773177,USD
9437,1128,1967.49,credit,2024-12-10 10:45:45.634563,USD
1610,1805,44.4,credit,2024-02-28 17:37:29.864986,USD
7805,1063,1426.1,debit,2024-10-11 20:59:15.715571,EUR
6995,1047,1865.49,debit,2024-09-12 07:21:24.248424,USD
8054,1194,1324.1,credit,2024-10-20 23:08:00.648064,EUR
9361,1272,287.41,debit,2024-12-07 16:10:48.064806,GBP
4984,1379,1217.65,debit,2024-06-30 21:32:40.396039,USD
5775,1339,1384.43,credit,2024-07-29 18:31:47.470747,EUR
2403,1956,655.97,credit,2024-03-28 16:21:44.770477,USD
6947,1734,387.3,credit,2024-09-10 13:18:16.309630,USD
4154,1352,1358.16,debit,2024-05-31 14:23:30.621062,EUR
3531,1519,1181.29,credit,2024-05-08 20:35:21.332133,USD
6787,1093,810.0,credit,2024-09-04 17:07:49.846984,USD
9940,1937,907.82,debit,2024-12-28 19:26:05.076507,USD
3112,1035,852.54,credit,2024-04-23 13:30:30.783078,USD
4369,1468,173.87,credit,2024-06-08 10:45:02.430243,USD
5560,1057,1413.51,credit,2024-07-21 22:10:15.661566,USD
2469,1365,772.05,debit,2024-03-31 02:11:03.186318,GBP
4971,1289,135.56,credit,2024-06-30 10:09:19.495949,USD
5743,1832,828.4,credit,2024-07-28 14:29:42.178217,USD
8912,1266,1215.25,credit,2024-11-21 06:49:00.054005,USD
1012,1852,1180.37,credit,2024-02-06 21:43:28.460846,EUR
7940,1194,776.05,debit,2024-10-16 19:15:34.293429,USD
9063,1620,1991.18,debit,2024-11-26 19:06:21.278127,EUR
3471,1955,1597.11,credit,2024-05-06 16:01:26.408640,USD
5281,1518,852.42,credit,2024-07-11 17:44:33.267326,USD
2452,1830,1468.97,debit,2024-03-30 11:17:26.624662,USD
7112,1700,1701.92,credit,2024-09-16 13:51:32.349234,USD
5478,1832,45.57,credit,2024-07-18 22:19:54.599459,USD
7985,1600,1650.16,debit,2024-10-18 10:41:00.486048,GBP
3294,1435,694.71,credit,2024-04-30 04:57:23.384338,EUR
2877,1481,1124.11,debit,2024-04-14 23:37:40.666066,EUR
1783,1904,968.36,credit,2024-03-06 01:11:17.227722,USD
9654,1354,1079.18,credit,2024-12-18 08:52:25.274527,USD
6418,1715,456.49,debit,2024-08-22 05:51:15.067506,GBP
3713,1973,1171.01,credit,2024-05-15 12:02:13.933393,USD
8267,1268,993.22,debit,2024-10-28 17:44:24.626462,GBP
6383,1092,1397.02,credit,2024-08-20 23:11:28.028802,EUR
9825,1912,1904.83,debit,2024-12-24 14:41:04.806480,USD
8656,1110,520.91,credit,2024-11-11 22:32:17.713771,USD
1634,1284,237.23,credit,2024-02-29 14:39:03.834383,GBP
3401,1404,534.38,credit,2024-05-04 02:41:52.331233,USD
6180,1973,1670.21,debit,2024-08-13 13:20:43.204320,USD
3473,1788,626.27,credit,2024-05-06 17:46:34.239423,EUR
1626,1024,1282.2,credit,2024-02-29 07:38:32.511251,USD
8618,1136,280.54,credit,2024-11-10 13:14:48.928892,USD
3551,1803,1310.99,credit,2024-05-09 14:06:39.639963,USD
5386,1672,1068.33,credit,2024-07-15 13:43:54.383438,USD
262,1373,1413.93,credit,2024-01-10 12:39:31.917191,USD
547,1470,651.43,credit,2024-01-20 22:20:37.803780,USD
5950,1802,172.9,debit,2024-08-05 03:50:42.664266,USD
9878,1525,1994.37,credit,2024-12-26 13:07:02.322232,EUR
7665,1529,1259.32,credit,2024-10-06 18:20:07.560756,USD
8490,1425,1163.16,debit,2024-11-05 21:06:27.758775,EUR
3995,1609,1607.5,credit,2024-05-25 19:05:38.073807,USD
584,1991,1813.21,debit,2024-01-22 06:45:32.673267,EUR
3739,1741,1989.17,credit,2024-05-16 10:48:55.733573,EUR
6411,1383,1157.27,debit,2024-08-21 23:43:17.659765,USD
6985,1200,67.67,credit,2024-09-11 22:35:45.094509,USD
147,1418,1647.18,debit,2024-01-06 07:54:31.647164,USD
1385,1612,1966.94,debit,2024-02-20 12:30:18.901890,USD
2034,1396,1314.7,credit,2024-03-15 05:05:09.990999,USD
8407,1221,1345.17,debit,2024-11-02 20:23:32.781278,USD
5010,1806,1676.29,credit,2024-07-01 20:19:22.196219,USD
8273,1115,1470.04,debit,2024-10-28 22:59:48.118811,USD
3038,1719,1416.03,debit,2024-04-20 20:40:41.044104,EUR
903,1504,528.74,debit,2024-02-02 22:13:51.683168,GBP
3711,1011,1073.15,credit,2024-05-15 10:17:06.102610,USD
2928,1664,1490.81,debit,2024-04-16 20:18:30.351035,GBP
9304,1816,275.6,credit,2024-12-05 14:14:34.887488,USD
6281,1757,545.73,credit,2024-08-17 05:49:48.658865,USD
9381,1819,1280.57,credit,2024-12-08 09:42:06.372637,USD
146,1674,133.79,debit,2024-01-06 07:01:57.731773,USD
2102,1804,32.55,credit,2024-03-17 16:39:36.237623,EUR
2908,1266,1492.84,debit,2024-04-16 02:47:12.043204,EUR
9604,1072,1964.97,credit,2024-12-16 13:04:09.504950,USD
2450,1943,1666.16,credit,2024-03-30 09:32:18.793879,EUR
6604,1674,1508.99,debit,2024-08-29 00:48:23.330333,USD
3105,1579,334.6,credit,2024-04-23 07:22:33.375337,EUR
7954,1595,1063.86,credit,2024-10-17 07:31:29.108910,EUR
5096,1136,1795.51,credit,2024-07-04 23:39:58.919891,USD
3790,1926,1377.88,credit,2024-05-18 07:29:45.418541,USD
3453,1553,1905.76,credit,2024-05-06 00:15:15.931593,USD
6205,1139,36.33,debit,2024-08-14 11:14:51.089108,EUR
4157,1915,162.46,debit,2024-05-31 17:01:12.367236,USD
2689,1742,1981.52,credit,2024-04-08 02:55:24.572457,GBP
6665,1500,1950.84,credit,2024-08-31 06:14:52.169216,USD
9658,1884,1956.29,debit,2024-12-18 12:22:40.936093,USD
1002,1004,1459.99,credit,2024-02-06 12:57:49.306930,USD
6690,1536,329.16,debit,2024-09-01 04:09:00.054005,USD
6697,1449,1121.36,debit,2024-09-01 10:16:57.461746,USD
2590,1811,22.99,credit,2024-04-04 12:11:26.948694,GBP
7862,1835,593.6,credit,2024-10-13 22:55:28.892889,EUR
2354,1481,678.96,credit,2024-03-26 21:26:02.916291,EUR
6427,1048,929.89,debit,2024-08-22 13:44:20.306030,USD
2279,1223,1627.1,credit,2024-03-24 03:43:39.261926,USD
2373,1973,1867.33,credit,2024-03-27 14:04:47.308730,USD
110,1455,1158.66,debit,2024-01-04 23:29:36.777677,USD
640,1075,983.59,debit,2024-01-24 07:49:11.935193,USD
6112,1685,1276.58,debit,2024-08-11 01:46:16.957695,USD
5130,1234,1502.62,credit,2024-07-06 05:27:12.043204,EUR
9008,1499,1959.0,credit,2024-11-24 18:55:15.931593,USD
4062,1226,27.05,credit,2024-05-28 05:47:30.405040,USD
2194,1954,889.28,debit,2024-03-21 01:15:36.453645,EUR
8177,1678,134.23,credit,2024-10-25 10:53:32.241224,USD
4466,1997,38.26,credit,2024-06-11 23:43:52.223222,USD
4467,1048,315.3,debit,2024-06-12 00:36:26.138613,USD
7412,1601,479.15,credit,2024-09-27 12:41:06.966696,EUR
7384,1572,628.91,credit,2024-09-26 12:09:17.335733,USD
3200,1083,166.54,debit,2024-04-26 18:36:15.337533,USD
5011,1320,40.97,debit,2024-07-01 21:11:56.111611,USD
9979,1308,1872.39,credit,2024-12-30 05:36:07.776777,USD
2710,1706,376.6,debit,2024-04-08 21:19:16.795679,GBP
6865,1945,215.55,credit,2024-09-07 13:27:55.247524,USD
9534,1186,1901.87,credit,2024-12-13 23:44:35.427542,USD
4323,1436,918.05,credit,2024-06-06 18:27:02.322232,USD
3818,1659,303.63,debit,2024-05-19 08:01:35.049504,USD
8666,1013,601.07,debit,2024-11-12 07:17:56.867686,USD
4443,1261,1764.63,credit,2024-06-11 03:34:52.169216,USD
7083,1499,1939.25,debit,2024-09-15 12:27:08.802880,EUR
1750,1977,636.75,debit,2024-03-04 20:16:38.019801,USD
3046,1530,1446.73,credit,2024-04-21 03:41:12.367236,EUR
8457,1691,1310.59,debit,2024-11-04 16:11:48.550855,EUR
9651,1048,1427.6,credit,2024-12-18 06:14:43.528352,USD
4551,1484,1162.04,credit,2024-06-15 02:11:55.031503,EUR
6203,1128,1546.58,debit,2024-08-14 09:29:43.258325,USD
3681,1514,972.38,credit,2024-05-14 08:00:08.640864,USD
2569,1977,551.85,debit,2024-04-03 17:47:34.725472,GBP
2275,1988,374.51,credit,2024-03-24 00:13:23.600360,USD
3857,1831,537.97,credit,2024-05-20 18:11:37.749774,USD
6932,1485,471.37,credit,2024-09-10 00:09:47.578757,EUR
9494,1593,27.56,credit,2024-12-12 12:41:58.811881,EUR
716,1396,1719.28,credit,2024-01-27 02:24:09.504950,USD
9337,1830,1722.26,debit,2024-12-06 19:09:14.095409,USD
827,1162,216.24,credit,2024-01-31 03:38:54.113411,EUR
4751,1673,78.66,credit,2024-06-22 09:24:58.109810,EUR
9707,1619,1649.23,credit,2024-12-20 07:18:22.790279,USD
625,1600,289.78,credit,2024-01-23 18:40:43.204320,USD
9528,1573,1901.38,credit,2024-12-13 18:29:11.935193,EUR
3602,1685,1802.33,credit,2024-05-11 10:47:29.324932,GBP
6904,1636,1413.81,credit,2024-09-08 23:37:57.947794,GBP
368,1001,1705.06,credit,2024-01-14 09:31:26.948694,USD
5250,1229,698.89,credit,2024-07-10 14:35:01.890189,USD
607,1740,852.73,credit,2024-01-23 02:54:32.727272,USD
8392,1550,647.7,credit,2024-11-02 07:15:04.050405,USD
4685,1687,1943.25,debit,2024-06-19 23:35:39.693969,USD
7002,1344,1676.28,debit,2024-09-12 13:29:21.656165,USD
5200,1148,1113.84,debit,2024-07-08 18:46:46.120612,EUR
3157,1115,1772.55,credit,2024-04-25 04:55:56.975697,USD
9110,1446,1382.68,debit,2024-11-28 12:16:55.301530,USD
4356,1694,345.72,credit,2024-06-07 23:21:41.530153,USD
2662,1793,880.32,credit,2024-04-07 03:16:08.856885,EUR
4812,1865,1555.04,debit,2024-06-24 14:51:26.948694,USD
8943,1196,1683.44,debit,2024-11-22 09:58:31.431143,GBP
4081,1475,314.55,debit,2024-05-28 22:26:14.797479,GBP
1155,1899,1332.2,credit,2024-02-12 03:00:18.361836,USD
8556,1332,1852.86,debit,2024-11-08 06:55:46.174617,USD
9753,1555,54.06,debit,2024-12-21 23:36:22.898289,USD
347,1550,723.74,debit,2024-01-13 15:07:34.725472,USD
9669,1128,1886.48,credit,2024-12-18 22:00:54.005400,USD
1694,1054,208.53,credit,2024-03-02 19:12:58.757875,USD
2732,1120,1826.45,debit,2024-04-09 16:35:42.934293,GBP
2004,1994,1548.03,debit,2024-03-14 02:48:12.529252,USD
1172,1603,179.44,debit,2024-02-12 17:53:54.923492,USD
7793,1292,658.43,debit,2024-10-11 10:28:28.730873,EUR
1784,1225,1364.33,credit,2024-03-06 02:03:51.143114,USD
6607,1827,47.38,debit,2024-08-29 03:26:05.076507,USD
3541,1647,795.65,credit,2024-05-09 05:21:00.486048,EUR
490,1927,1434.31,credit,2024-01-18 20:24:24.626462,USD
2968,1963,901.41,credit,2024-04-18 07:21:06.966696,GBP
7917,1224,653.26,credit,2024-10-15 23:06:34.239423,USD
8918,1163,844.5,credit,2024-11-21 12:04:23.546354,USD
6292,1649,1692.22,credit,2024-08-17 15:28:01.728172,GBP
270,1496,1691.15,debit,2024-01-10 19:40:03.240324,USD
2130,1365,965.41,debit,2024-03-18 17:11:25.868586,USD
8852,1020,1373.53,credit,2024-11-19 02:15:05.130513,USD
8492,1502,625.4,credit,2024-11-05 22:51:35.589558,USD
451,1608,453.79,debit,2024-01-17 10:14:21.926192,USD
3526,1441,1097.79,credit,2024-05-08 16:12:31.755175,USD
5157,1354,998.57,credit,2024-07-07 05:06:27.758775,USD
477,1279,1828.61,debit,2024-01-18 09:01:03.726372,USD
6054,1270,1248.75,credit,2024-08-08 22:57:29.864986,USD
3970,1177,1709.49,debit,2024-05-24 21:11:30.189018,USD
1793,1592,1807.64,credit,2024-03-06 09:56:56.381638,USD
1176,1404,1438.56,debit,2024-02-12 21:24:10.585058,USD
9557,1426,171.75,debit,2024-12-14 19:53:35.481548,USD
6436,1220,933.03,debit,2024-08-22 21:37:25.544554,USD
7912,1878,233.98,debit,2024-10-15 18:43:44.662466,GBP
2126,1309,1203.77,credit,2024-03-18 13:41:10.207020,USD
598,1658,1046.56,credit,2024-01-22 19:01:27.488748,USD
6275,1484,630.19,credit,2024-08-17 00:34:25.166516,EUR
5422,1330,1188.33,debit,2024-07-16 21:16:15.337533,GBP
4365,1778,328.79,debit,2024-06-08 07:14:46.768676,GBP
8340,1495,1091.64,debit,2024-10-31 09:41:40.450045,USD
6741,1939,1587.9,credit,2024-09-03 00:49:49.738973,USD
8055,1662,1668.48,credit,2024-10-21 00:00:34.563456,USD
2843,1975,1528.98,credit,2024-04-13 17:50:27.542754,USD
9284,1181,614.27,credit,2024-12-04 20:43:16.579657,USD
1202,1572,177.9,credit,2024-02-13 20:10:52.385238,USD
4943,1127,1078.48,credit,2024-06-29 09:37:29.864986,USD
3612,1496,1318.06,credit,2024-05-11 19:33:08.478847,USD
6367,1764,1088.99,debit,2024-08-20 09:10:25.382538,USD
7009,1228,460.62,credit,2024-09-12 19:37:19.063906,EUR
3677,1583,719.21,credit,2024-05-14 04:29:52.979297,USD
1311,1822,1570.97,credit,2024-02-17 19:40:29.162916,EUR
4647,1824,1467.29,credit,2024-06-18 14:18:10.909090,USD
95,1771,1310.64,credit,2024-01-04 10:21:08.046804,USD
5326,1392,693.86,debit,2024-07-13 09:09:59.459945,USD
2846,1303,1963.99,credit,2024-04-13 20:28:09.288928,GBP
5800,1850,129.84,credit,2024-07-30 16:25:55.355535,USD
5634,1188,1448.07,credit,2024-07-24 15:00:05.400540,USD
4139,1669,1517.23,debit,2024-05-31 01:15:01.890189,EUR
6152,1251,1764.27,credit,2024-08-12 12:48:53.573357,USD
5813,1727,519.4,debit,2024-07-31 03:49:16.255625,USD
7887,1833,395.91,debit,2024-10-14 20:49:36.777677,USD
2350,1458,1670.51,debit,2024-03-26 17:55:47.254725,USD
6218,1152,1010.76,credit,2024-08-14 22:38:11.989198,USD
7943,1489,841.47,debit,2024-10-16 21:53:16.039603,USD
1737,1119,1208.86,debit,2024-03-04 08:53:17.119711,EUR
730,1921,697.08,credit,2024-01-27 14:40:04.320432,EUR
4668,1201,200.13,credit,2024-06-19 08:42:03.132313,USD
3709,1313,839.22,credit,2024-05-15 08:31:58.271827,USD
7574,1158,462.95,debit,2024-10-03 10:36:41.260126,USD
4005,1841,861.95,debit,2024-05-26 03:51:17.227722,USD
8528,1386,378.68,credit,2024-11-07 06:23:56.543654,USD
3569,1769,839.02,debit,2024-05-10 05:52:50.117011,USD
120,1878,270.81,debit,2024-01-05 08:15:15.931593,USD
2981,1669,1498.99,credit,2024-04-18 18:44:27.866786,EUR
7388,1236,1874.65,credit,2024-09-26 15:39:32.997299,USD
7684,1236,867.1,debit,2024-10-07 10:58:51.953195,USD
3314,1127,1428.38,debit,2024-04-30 22:28:41.692169,USD
583,1876,1968.02,credit,2024-01-22 05:52:58.757875,USD
2240,1570,360.4,debit,2024-03-22 17:33:36.561656,EUR
9785,1142,702.42,credit,2024-12-23 03:38:28.190819,USD
686,1791,1565.64,credit,2024-01-26 00:07:12.043204,USD
534,1505,1377.01,credit,2024-01-20 10:57:16.903690,USD
6735,1693,1068.46,credit,2024-09-02 19:34:26.246624,USD
7796,1910,810.52,debit,2024-10-11 13:06:10.477047,EUR
8576,1490,1989.55,debit,2024-11-09 00:27:04.482448,USD
7734,1952,1606.81,credit,2024-10-09 06:47:07.722772,USD
9037,1893,1541.54,credit,2024-11-25 20:19:39.477947,USD
6973,1524,1493.45,debit,2024-09-11 12:04:58.109810,USD
3409,1887,1398.32,debit,2024-05-04 09:42:23.654365,GBP
1664,1722,857.98,credit,2024-03-01 16:56:01.296129,USD
13,1330,1035.46,debit,2024-01-01 10:30:46.984698,USD
7483,1414,1302.56,credit,2024-09-30 02:53:14.959495,USD
754,1191,709.92,debit,2024-01-28 11:41:38.289828,USD
6489,1720,1275.39,debit,2024-08-24 20:03:23.060306,USD
5804,1487,1942.24,credit,2024-07-30 19:56:11.017101,USD
